0,0
-1596.35,-1204.07
-2545.76,-1498.14
-1940.41,-1767.4
-1216.2,-2487.05
-56.9668,-3884.91
3104.42,-3122.04
3859.93,2245.77
-1049.84,-932.005
-128.729,3302.63
-3314.58,-4525.12
5389.76,2762.16
-2706.31,82.2461
1571.42,4220.22
-1832.47,2211.08
2148.77,-646.503
-2882.28,-2778.17
1409.04,-3144.69
-3522.54,-2461.13
1475.27,-2265.71
-2767.6,-1491.38
652.619,-1541.74
167.523,-742.707
822.17,2053.56
736.51,3760.38
1595.23,2869.07
681.084,1238.83
4373.63,1315.8
-2063.59,4962.08
4705.64,2029.04
-3744.63,906.654
2860,-3680.03
-2759.24,-1310.39
-743.923,-160.074
-3631.52,-2496.15
3501.43,-4981.6
-5046.86,182.209
5509.6,1664.68
-4543,3826.38
2761.71,-1111.07
-1804.09,-3748.18
-539.943,-3116.84
-3608.06,-2520.94
976.896,-3641.87
-3109.37,-2225.45
-1294.82,-2528.18
703.607,-2403.23
2379.86,2466.65
-2307.77,5950.42
6953.73,2270.71
-2688.89,3305.49
4086.93,462.472
-1549.32,1063.98
1946.01,439.707
-2074.82,452.26
1239.04,-1778.78
-2739.31,-1735.84
1105.48,-2147.42
-1945.06,75.1708
1666.9,563.41
-2456,800.97
1308.96,-2320.63
-1585.91,-2013.79
-2527.32,-1591.82
1167.89,-2711.83
-3944.42,-1005.83
-755.922,-3294.19
-176.161,-3501.91
-2913.95,-377.87
638.39,-683.761
-1450.73,-721.664
1845.45,-853.903
-2146.24,1544.77
5285.57,1175.24
-4065.5,4160.63
4503.29,-772.124
-3483.76,-1205.49
1508.56,-2297.03
-4280.27,-1394.76
242.908,-3859.62
-3396.01,-3783.41
794.408,-2761.13
-3955.79,314.788
2444.32,-1384.85
-2383.99,-140.066
910.136,-740.398
-1235.17,-437.605
4004.71,648.863
-1536.09,5277.43
879.385,1998.24
226.469,-3240.42
-1003.15,-3479.79
-2655.18,-1266.03
2220.26,-520.064
-3200.86,1732.91
4517.59,-278.349
-2182.35,2275.54
5804.82,2733.21
-807.104,6184.39
5617.2,3966.72
-1116.52,3244.27
2576.25,-928.459
-974.173,-728.285
-293.356,-44.7905
-1522.64,-526.605
5.05059,-2442.73
-339.367,-1175.61
1542.71,1913.6
-1887.93,3462.9
2170.23,-1804.31
-1201.47,-2128.04
821.916,75.0465
-85.0214,2875.01
1490.8,1864.63
-4530.08,-1368.24
2645.84,-7239.69
-8460.45,-2435.65
3370.91,-4038.91
-5034.02,872.992
4293.85,-195.825
-3681.77,2093.7
6951.43,17.3763
-741.211,6162.38
4854.5,6094.4
41.4634,3617.1
4536.85,-936.442
-786.633,2113.4
120.422,2257.35
1773.47,-546.896
-2097.19,-631.35
-1876.51,-2736.65
-1188.05,-4223.65
-1484.03,-1799.19
147.286,1024.34
-1234.76,1629.41
1266.68,-1698.33
-3444.69,-1809.91
3412.87,-2609.09
-5203.91,3038.91
3544.91,-1433.92
-5010.34,-1773.3
2389.84,-4504.27
-3806.37,117.066
1519.45,453.561
-1375.05,451.926
3585.91,-380.845
-1708.72,3303.55
4174.14,2441.85
-2061.4,2489.3
3608.84,-1180.06
-1587,648.11
-519.789,439.335
1564.38,-1161.25
-1915.81,204.992
-1796.19,-1523.91
694.905,-4040.87
-1776.65,-1114.82
2381.92,2088.19
-2733.26,3824.19
4543.4,-1027.92
-1346.85,430.489
5181.31,3262.93
-4193.48,6347.47
8479.63,321.384
-4845.12,2117.02
3901.6,-532.942
-2671.34,-248.739
1582.37,-920.23
-1649.91,-101.47
1322.52,-135.56
-1780.57,277.524
2862.82,-245.454
-1077.09,2253.62
298.478,1730.57
-378.846,-1364.11
79.3883,-2993.06
-2550.9,-1939.35
-235.908,-1998.77
-3189.21,-2429.74
1053.12,-3726.52
-5484.64,-2487.02
4754.7,-3018.49
-5199.02,2312.12
3490.13,910.557
-3053.65,-615.655
2482.27,-2800.03
-4358.88,-1274.33
4308.11,-1005.76
-6018.19,1652.21
2390.37,-3110.12
-1765.1,-4215.8
501.796,-951.794
-3564.97,1509.88
2737.28,-1333.12
-830.894,-846.025
1601.9,1775.41
944.763,4452.21
1967.43,4581.63
52.3799,2142.1
477.828,-1739.9
-2527.5,-3902.95
743.414,-3920.82
-2822.25,-384.866
-116.081,-51.8329
-3569.63,-2869.28
2374.99,-5751.75
-5484.98,-1949.84
5432.34,293.272
-4965.12,4802.32
3239.08,0.153564
-1261.53,-3097.31
888.822,-1918.27
-5528.51,-371.844
4060.12,-3648.61
-6203.24,-2313.73
3271.68,-3092.97
-3301.36,-79.4199
2931.54,1485.73
-2234.84,2459.23
2063.9,-310.083
-1201.76,-1518.45
1345.35,-745.083
-1708.12,1369.2
1380.62,735.632
-2231.05,-916.412
4278.44,-1636.17
-4975.49,1950.5
2081.6,-608.046
-2724.67,-3554.86
2074.52,-3673.62
-4610.76,-288.386
4115.58,243.677
-3009.27,2163
3227.43,1131
-3341.93,-172.554
3214.04,-2461.93
-2552.19,-416.41
-234.265,159.293
-970.83,-1741.32
588.94,-2691.65
-1539.7,-924.858
3311.51,1933.73
-876.391,5748.31
3820.97,5092.77
-334.533,2924.71
3016.76,303.011
-1779.73,445.222
4511.59,1439.47
-3046.64,4435.54
2850.9,1344.06
-1270.09,-1623.47
2045.28,-1779.8
-5477.29,-360.52
4206.37,-2923.89
-5315.54,-1565.85
3628.73,-1622.35
-767.633,2242.84
1500.01,4911.61
-1781.79,2216.32
4654.99,-2349.76
-3426.47,-249.506
581.915,120.439
1053.05,-114.419
-2118.14,426.162
-173.214,-2072.99
2749.53,-1928.38
-3571.37,2314.88
4193.07,2560.05
-1665.35,2707.53
88.3865,-376.567
-156.196,-3879.64
2648.95,-1374.92
-4502.7,3754.3
5339.85,2597.97
-5112.36,419.748
4238.75,-3902.15
-4353.28,-3067
2893.28,-667.113
-3504.55,1985.7
2872.21,729.938
-2099.61,-597.063
2688.86,-921.257
-1611.5,1434.26
412.165,1662.25
-1679.22,-1408.77
1417.12,-4110.46
-2459.55,-2496.81
1401.58,190.995
-3218.11,1257.29
3698.61,-634.485
-3305.79,-445.307
4318.07,354.767
-2341.13,3465.67
2851.32,3514.77
1087.99,2798
2948.57,3812.18
-3024.39,3379.14
5082.54,-497.365
-5469.28,-1568.79
529.124,-5276.63
-1910.57,-6200.16
-1905.92,-3345.15
-4210.76,-2737.28
1432.45,-4997.5
-4671.93,-4091.49
2131.63,-2848.11
-2738.34,877.986
3803.75,2834.02
-2366.37,3894.59
2281.78,22.4767
-3255.53,-3627.79
-335.903,-6285.92
-2060.96,-4264.62
-905.036,-466.924
-3506.24,-234.905
4396.28,-2789.64
-4306.33,395.14
6665.48,2626.62
-353.247,8535.52
5185.48,8619.29
1609.6,5453.33
3313.07,1365.78
-2336.67,-220.697
-561.461,-3597.54
-2388.59,-4808.3
-1163.68,-3429.73
-1407.8,-473.453
233.06,777.55
326.65,818.486
129.55,294.3
2555.04,675.65
-670.556,3472.8
6487.59,3819.92
-5518.24,5385.72
5800.35,-3744.99
-4186.13,-2961.82
-1379.69,-2142.1
-373.875,-2030.46
60.4785,-79.844
114.532,1957.65
-515.766,1173.25
3448.88,-568.395
-904.743,2798.71
2290.89,3206.94
904.646,2280.05
-1176.15,-171.34
1868.89,-2910.83
-4145.97,-992.913
1033.8,-2353.04
-3640.94,-2009.38
3292.7,-2208.28
-3724.57,2425.44
4209.61,1339.57
-1059.25,2354.02
2748.48,1343.08
-466.067,1684.34
846.039,430.688
-518.538,-641.226
-240.577,-1286.55
-3413.27,-2028.86
1911.29,-4019.98
-1591.21,398.282
-543.751,2525.36
2062.06,481.452
-906.242,78.8557
1717.39,-179.938
2583.11,2931.64
239.865,6264.15
1133.09,2468.25
1881.61,-2347.33
-1475.05,-1269.83
-3116.21,-965.599
3825.19,-2728.3
-5705.08,1267.37
3928.06,-1487.92
-5503.27,-1129.96
4581.74,-3436.15
-5827.43,835.01
3111.67,-1068.76
-2808.4,-778.803
-260.699,-2145.45
1959.77,-1282.48
-1427.04,3371.27
758.545,2536.12
228.444,-1229.64
2150.64,-1684.86
-3779.37,1593.94
4274.88,243.795
-891.121,2495.95
1356,2646.9
933.761,1147.35
389.118,208.711
1547.08,664.803
-2471.14,1459.82
675.703,-2205.57
-2642.23,-4244.97
272.32,-3818.01
-5356.22,-1445.17
2519.74,-3419.7
-4756.13,-1687.96
2896.68,-1961.26
-1918.51,1558.18
2661.1,2694.76
-1471.39,2388.85
4263.83,-174.261
-3137.6,1472.59
2641.45,-244.934
-1137.92,189.373
-1533.1,-743.495
-2966.27,-4683.08
1031.7,-6567.47
-4359.81,-1299.17
3001.95,1331.8
-2516.35,3325.47
1980.9,-620.172
-1884.52,-2824.83
2351.96,-1897.53
-5950.16,1473.08
3900.41,-2796.43
-6485.71,-3250.4
3008.02,-5315.63
-6643.77,-1776.05
3412.72,-2346.48
-2898.9,809.265
738.425,619.46
-779.31,-1029.56
2809.24,-773.425
-2750.48,2881.12
2033.78,953.619
457.536,-432.072
1295.63,944.11
516.771,3326.03
1372.49,3174.4
-320.542,774.6
1608.84,-1749.55
-1195.17,-333.328
3317.97,2097.64
-2812.9,4523.6
5904.36,1105.86
-1875.63,2402.53
2594.37,1700.45
-714.587,1183.48
2521.78,408.289
-4709.52,165.085
3772.19,-4042.86
-4575.07,-1756.36
2385.48,-735.013
-2307.3,1432.67
-295.242,-610.741
-143.98,-3395.65
-122.181,-2036.67
-134.06,1731.7
404.639,3117.65
2589.34,2064.81
1270.11,2695.74
-93.8683,2667.44
2632.92,741.894
-927.77,1068.47
1886.6,730.027
-2478.67,506.315
3534.66,-1404.7
-2015.21,1496.47
2571.45,2351.7
-2006.38,1816.28
6518.25,209.664
-5244.49,4138.51
6098.69,1026.29
-4913.84,391.94
2160.14,-3771.96
-4722.94,-4443.5
-100.277,-4908.13
-2671.61,-2489.93
-745.62,-942.37
-1299.28,-1045.37
336.972,-1772.08
-1164.62,-785.474
462.998,-21.2654
1025.37,1360.33
1464.46,3240.99
1050.73,3753.74
3709.87,3015.89
131.268,3949.46
2087.52,2260.41
-2021.72,-407.089
3854.68,-2736.85
-6025.74,572.22
4846.39,-1572.16
-2088.25,1680.06
652.229,2131.52
-1221.45,-889.42
2569.68,-2957.77
-2153.07,1079.05
1372.84,2395.93
-1420.27,778.495
-1695.51,-4058.52
1529.02,-5701.08
-3686.04,-5.39661
-1019.61,680.385
1018.75,-2195.86
-1255.35,-1725.95
-96.4865,-290.538
625.288,1108.09
2099.73,2827.94
-2143.16,3001.67
4023.54,-1040.62
-3136.79,-438.127
3080.2,-386.684
-3929.08,1243.58
1498.24,-2209.6
-845.547,-2817.84
522.361,84.0453
-2653.95,1952.07
2727.17,-985.355
-1070.25,-523.312
921.395,855.679
360.098,2062.38
-1814.83,621.866
1660.62,-3234.63
-2699.5,-2621.88
-1741.56,-2402.56
1762.76,-1917.23
-3114.74,1264.68
2702.23,500.888
-2705.31,109.597
3656.72,-1202.4
-3439.46,1283.67
4340.99,1064.17
-3025.61,2451.24
3321.06,57.2465
-2972.31,-629.058
855.026,-2653.55
-1464.7,-2156.32
-984.273,-971.226
-722.67,-975.814
2970.98,235.784
257.524,5115.81
1789.34,5896.58
4220.13,3612.98
-429.497,3167.62
838.693,292.429
-1342.63,-2608.33
-418.833,-3707.49
-3212.15,-2530.94
-2446.91,-3802.46
804.8,-4453.71
-5206.31,-1383.26
732.418,-3103.91
-3321.8,-3313.72
620.168,-3067.56
-2277.14,-175.917
2160.91,945.064
-1292.5,2258.47
2500.44,631.67
-3056.14,-213.601
1820.85,-3212.48
-1718.55,-1234.12
-1483.56,165.276
2536.93,-408.721
-1385.81,1926.9
4306.03,2584.78
226.081,5230.71
3501.15,4240.3
737.39,2691.21
1777.71,636.431
-731.627,203.482
-685.138,-1097.63
2078.76,-1258.69
-2573.4,1947.81
455.079,-200.258
167.11,-2410.78
-2721.09,-1910.68
808.418,-2152.48
1402.12,1251.91
-2641.4,4086.19
4922.5,47.1155
-914.577,1434.45
206.441,1636.57
447.06,-367.812
-1171.6,-1626.23
615.757,-1807.87
-2016.63,84.2102
1515.76,-100.875
-1013.81,724.641
1069.66,184.313
-1317.56,-83.6164
229.814,-1550.97
-308.974,-1201.22
3.21277,496.107
-2716.37,230.97
-1221.1,-4722.68
423.299,-5678.81
-4890.95,-659.514
909.105,-1088.11
-1587.35,-1398.79
1255.99,-1080.54
-3046.68,600.857
3433.12,-916.23
-2389.68,1438.06
2512.95,876.648
-1660.37,935.113
3151.12,-287.036
955.395,3056.69
-47.2134,4745.01
2651.32,1229.9
-374.899,-432.348
429.867,-723.728
-3063.84,-830.61
812.664,-3578.23
-3562.81,-2897.87
556.485,-2600.25
441.897,859.771
-1417.02,3354.59
2567.57,351.408
-1226.23,-606.619
1277.43,-851.311
-3849.31,-184.09
954.499,-3775.6
-5074.97,-4338.39
1710.93,-4818.86
-2874.04,701.922
4344.3,3590.05
-2788.06,5173.15
6432.28,-175.74
-4816.68,762.276
3713.11,-2079.14
320.737,1472.15
1535.93,5501.11
3066.68,5231.92
404.448,2638.76
3372.13,-541.844
257.594,2087.36
1885.2,4156.4
3027.1,4191.12
-2231.7,2316.26
2778.47,-3779.9
-1742.07,-1979.89
423.472,1445.9
-3293.37,1413.99
5388.41,-3026.32
-5756,965.31
3485.16,-1073.85
-2209.52,180.008
-483.229,-745.177
-1967.28,-2982.3
1347.39,-3391.49
-1475.7,1522.03
253.82,2819.78
849.685,220.26
2486.41,-362.676
381.627,3590.57
1377.14,4554.1
1523.52,1787.5
-136.341,-850.955
-1699.54,-2540.4
1374,-2506.65
-3627.21,873.335
3098.69,-310.578
-2172.9,977.018
3444.16,454.782
-2201.65,2372.29
5466.01,1423.21
-3500.23,3845.93
4718.55,28.1545
-4893.33,-592.815
3309.95,-3965.78
-6944.8,-1948.51
2301.06,-4667.49
-4762.13,-2407.16
-833.359,-2882.55
413.538,-2266.86
1.37622,1785.76
447.996,3651.38
456.145,1170.68
2940.97,-917.04
-1829.77,1879.97
3138.97,1929.18
241.834,3027.38
-1115.79,1008.56
2689.58,-2795.9
-2190.59,-202.093
2221.39,1603.46
-1889.25,2588.8
2805.57,-667.397
-2625.1,-886.315
2094.97,-1527.27
-1937.5,1042.23
-120.097,226.992
-1191.47,-2389.45
1648.71,-2684.84
-4066.04,904.007
4096.14,-108.819
-2687.59,1964.66
1410.03,-176.966
-1660.47,-1927.64
-840.292,-3086.76
1195.89,-1324.26
-184.77,3535.41
307.373,3816.52
3222.67,516.87
-3166.05,-163.492
5016.25,-1576.32
-4419.29,3035.2
1017.13,-243.358
-2431.17,-4698.13
2067.85,-4708.48
-5243.51,1311.93
4620.37,1020.62
-4597.67,1528.81
4543.5,-2494.23
-4444.08,-696.957
2220,-1206.66
-980.363,623.764
-1610.93,490.537
-99.7253,-3077.71
-2989.34,-4687.18
-858.156,-4578.51
-2016.81,-1712.46
-1147.11,-269.778
1910.71,-126.843
210.882,2473.16
4101.13,4629.87
-2017.35,5392.96
4930.44,-145.566
-1500.26,-27.0419
2911.98,1419.76
-3649.19,2765.33
5249.44,-1287.48
-2903.18,993.003
-581.975,-157.611
-1644.85,-3920.45
2939.04,-3562.64
-5268.35,2703.11
2954.39,446.008
-1283.43,-1176.1
1783.81,-868.405
-1324.38,1948.28
1390.93,1698.72
-2801.17,-768.506
-863.624,-5915.96
-2558.66,-6663.24
-3479.09,-3954.45
-108.068,-1973.97
-671.711,714.508
-1646.41,688.749
4909.77,-745.475
-2042.48,4168.4
3909.63,4251.04
-725.328,2782.16
2328.26,-851.961
-5020.2,-2488.22
3850.84,-5077.65
-6159.7,-14.1499
2049.55,-1114.63
-3072.25,-1760.71
2700.37,-2246.78
-4474.03,902.299
2523.77,-1245.94
-1512.83,-722.158
1290.29,330.603
-1640.94,1362.25
-22.9668,-1243.66
-443.063,-3089.09
-1801.66,-2119.91
-3515.27,-2529.25
1295.94,-4642.12
-4450.22,-2018.24
2593.43,-1208.63
-4180.21,1163.28
4659.1,-815.214
-4107,1291.96
5319.33,185.206
-4611.39,2498.63
4195.11,-923.194
-4425.62,-1164.49
2122.65,-3239.16
-4884.86,-2062.99
1985.07,-3134.7
-4300.76,-1255.99
834.497,-2480.78
-1023.57,-1537
682.832,734.4
344.718,2659.56
1739.39,2525.39
-87.8199,1516.88
1270.86,-341.384
-1026.09,-433.205
308.964,-678.252
-4138,-1856.06
4636.49,-4132.17
-4679.97,1835.58
4902.19,2934.21
-4036.88,3034.78
6806.44,-1378.68
-4544.17,1797.82
5226.37,1617.48
-1940.9,3654.29
4312.57,2423.56
-2538.74,1961.49
3884.84,-926.055
-2168.04,742.26
2952.93,1523.24
-573.846,3155.95
65.1355,1146.15
-918.838,-3002.16
60.1589,-4347.72
-3470.55,-1820.98
2365.74,-635.573
-3270.6,1618.72
2702.22,-576.266
-5208.89,-2102.07
3751.46,-5156.32
-5079.41,-773.351
1103.75,-294.241
-2288.04,-1296.87
2700.54,-2017.93
-2814.42,1384
3965.41,2074.98
-1650.7,3500.37
5780.12,2479.93
-973.909,5084.63
5292.11,4637.28
-228.459,4877.9
1380.45,1279.86
-828.905,-2563.76
-377.311,-3634.31
-1556.87,-1382.88
-1880.43,-474.013
1024.48,-1812.24
-3166.54,-1490.76
4250.77,-1252.09
-1927.62,4422.67
3464.81,4745.81
923.521,3036.27
1029.49,477.438
1921.99,-14.4227
-573.782,2427.42
248.979,1676.52
16.0795,-1270.61
-768.66,-2674.27
1146.58,-973.218
-244.602,3238.99
2806.29,4369.17
488.193,3544.05
1906.29,574.783
917.284,120.079
2866.13,2864.32
-816.046,5705.44
4195.29,2497.44
-2391.9,379.636
2880.1,-2619.7
-5979,-1456.88
3282.31,-4082.62
-4167.64,-688.134
1971.24,4.40598
-306.885,1566.46
2774.25,2531.85
-1166.66,3252.1
404.074,-863.237
-683.661,-3978.21
-2138.21,-3233.5
-1060.51,-1733.4
310.214,-80.4613
-2805.24,490.177
3062.27,-2165.74
-760.999,1042.48
529.912,3221.99
-225.772,1217.38
2359.1,-1582.35
-1546.72,415.993
3391.08,2082.28
-411.937,4789.99
4329.69,3463.44
-2767.25,2066.83
2213.04,-3381.13
-3641.15,-3619.43
-555.19,-3222.09
-1166.08,-1079.11
-2746.1,-440.633
1254.05,-3021.54
-1228.33,-1202.17
677.402,1374.71
-605.638,2202.67
-20.6901,-671.29
-769.862,-3188.84
-1993.95,-3105.53
-657.831,-2027.35
-1503.55,-438.22
82.277,-588.921
-2522.7,-1428.29
3887.25,-2186.84
-2541.99,3587.59
2882.82,3410.59
2273.53,2357.71
3004.52,3566.01
-1548,4225.79
4269.69,-369.691
-3941.65,-611.616
-462.436,-4017
-31.8149,-3917.43
-3234.74,232.186
-203.731,-625.728
-1751.94,-2874.77
-940.959,-3933.89
-1942.06,-2156.19
2051.54,409.826
-628.378,4257.66
930.471,2257.29
418.342,-1751.14
-2060.48,-3082.85
-319.337,-2837.45
-2253.28,-637.399
2406.2,111.734
-1914.02,2472.4
3081.05,683.418
-1259.19,1025.62
4306.85,974.84
-519.534,4905.1
2419.45,3582.87
1530.85,882.305
-74.8773,-27.7905
-1270.84,-902.888
-1812.44,-2983.58
-3180.31,-4965.92
-1243.88,-5321.54
-2153.33,-1634
-1492.22,384.292
2028.39,-320.816
-1164.14,1339.03
2654.59,1080.36
1080.75,2940.42
2902.29,3967.65
-395.238,3433.08
2368,-884.701
521.41,-481.253
-654.935,1983.66
2167.28,1505.95
-1658.64,1017.26
2222.57,-1783.66
-1788.38,9.6908
2274.76,851.955
-149.481,2944.73
1558.09,1768.57
2317.78,911.316
-1547.73,1968.89
4562.71,312.698
-5321.92,2213.4
3251.79,-3945
-5794.86,-3544.53
-607.95,-5090.03
-2526.36,-2837.03
256.776,-43.4214
87.6967,2308.96
985.376,1750.2
1390.95,473.135
256.233,884.849
1517,1339.41
-2948.18,985.654
205.741,-4422.79
-2485.66,-4729.6
-1063.38,-1713.58
-2912.25,521.48
3493.84,-1313.9
-3611.02,1538.15
3631.17,-596.266
1216.45,2485.45
359.672,4888.54
3455.15,2015.9
-788.165,837.123
1782.99,-925.478
-1998.78,280.211
1421.32,-668.789
-4807.76,-920.205
1440.88,-5587.31
-5122.99,-3124.38
921.153,-2368.99
-1047.71,1185.55
508.142,1932.03
1468.72,600.83
-538.735,422.029
1005.45,-327.472
-3485.75,-509.682
-1188.88,-4906.54
-3061.83,-5659.1
-2807.57,-3407.06
601.17,-715.633
-723.17,2767.37
4219.89,2499.9
-1178.54,3720.36
6153.41,800.42
-1329.6,4544.75
5135.85,2872.27
-1154.2,3215.14
1308.11,-1084.9
-2856.16,-3065.91
299.862,-3785.72
-4434.57,-385.373
-88.8683,-2590.59
-1668.43,-2697.32
-208.531,-1013.99
1551.97,1931.61
1275.4,4334.84
1185.16,2507.76
2254.74,-556.96
-1583.2,332.626
1245.12,-517.288
-1596.91,282.263
-5.28348,-1261.83
-2163.59,-1907.67
1364.01,-2189.49
-2923.5,1450.22
3703.15,125.543
-2276.57,2320.34
6414.22,566.527
166.214,6364.86
4910.84,5556.69
1733.56,3412.59
894.963,-49.3169
-1195.3,-2002.17
-2858.77,-2975.4
-3782.34,-4570.14
394.007,-4800.96
-3366.39,1353.67
59.4467,656.518
2115.94,-1347.93
1560.65,2259.06
-792.928,4723
4445.55,-48.5394
-2296.12,744.86
3463.88,-858.159
-3198.88,2394.22
3365.92,-981.051
-2844.72,404.852
4226.51,-875.733
-3553.42,3524.34
5084.27,-294.838
-86.0876,2567.66
2998.21,3372.01
-116.745,2922.57
4702.08,-281.771
-1345.65,3214.14
1126.39,1233.24
-2222.9,-2121.79
-1061.49,-5172.26
-1625.59,-2447.31
-2873.86,832.441
-492.529,-1874.77
-364.173,-3127.77
-24.2454,12.314
563.988,3144.75
1643.86,2422.54
2554.11,946.793
-1979.15,1460.76
1731.68,-2039.6
-2819.3,-1068.92
3146.28,-1049.15
-6621.01,2583.11
5174.54,-5045.01
-7899.23,-1198.45
4386.62,-3939.45
-4151.16,2414.21
4689.91,1633.72
-507.854,3535.78
3600.34,1530.94
-1605.81,1572.65
4722.88,-687.591
-893.621,4075.88
-143.395,2492.1
-758.196,-3709.17
-3417.37,-6164.93
-4474.73,-5254.77
217.488,-3297.6
-5122.71,1401.63
725.264,-3105.08
-2126.79,-3686.38
-248.083,-1257.57
-2919.75,1394.88
2056.45,-1800.79
-2581.04,-752.045
1163.32,-1243.71
-4062.02,32.7978
3092.6,-3286
-4269.73,669.987
2858.87,-797.191
-2319.24,1171.53
3304.32,-242.791
-544.017,2578.19
2813.84,2288.09
-268.839,2100.79
1515.97,-556.016
-391.904,-375.104
-2302.03,-378.078
-1232.59,-3505.76
-3109.56,-4348.02
-3442.52,-3988.11
-1757.93,-3502.3
-2298.77,-1501.25
1234.29,-490.281
-3350.05,1501.22
3403.34,-2392.68
823.688,1699.04
1347.21,5491.14
2495.96,3212.65
1190.14,-32.6416
-1062.46,-1151.33
822.057,-1367.07
-3134.11,675.378
1112.72,-2294.33
-3212.63,-1653.15
991.751,-2311.77
781.886,1540.65
1347.36,4603.05
3055.39,3087.95
1991.17,1742.32
943.614,1412.31
-1980.59,115.357
774.711,-3723.37
-4918.14,-2129.69
-1234.2,-4114.18
-770.749,-2523.81
-978.834,1562.63
2016.25,1993.07
-1733.61,1317.04
4473.22,-2374.77
-2440.7,3138.06
5812.94,2564.69
-58.1501,5353.94
2153.8,1198.81
156.944,-1850.25
-2132.48,-1612.08
-433.952,-1793.41
-1827.15,-591.639
-188.464,-1147.19
-2859.62,-1208.32
3057.64,-2618.26
-1155.47,3654.34
2609.98,3597.2
2522.65,1605.51
-957.458,922.615
2356.35,-1465.72
-2225.62,1141.34
2442.91,-136.204
-5492.52,407.428
1596.91,-6500.16
-5452.57,-3016.49
-950.358,-2103.29
-542.304,-502.651
-453.836,821.939
-585.595,-131.239
1077.99,-1544.22
470.176,1102.26
-216.435,2787.21
31.8242,-340.769
-99.0763,-2929.67
-1431.04,-1128.79
-1405.49,160.63
750.59,-968.211
-2739.43,-419.36
2919.45,-2170.29
-1395.35,2816.41
2966,2562.92
1592.64,2296.36
997.5,1422.52
3186.47,740.417
-3636.4,2704.72
4656.01,-3074.44
-5681.37,581.186
-965.758,-3870.73
-2321.16,-5218.16
-2669.84,-2106.15
-884.502,-73.2224
-285.673,110.556
-659.806,-666.388
667.01,-1179.42
850.711,1252.47
1095.26,3228.49
1726.68,2006.91
-33.114,147.472
192.469,-1545.59
-683.662,-564.736
288.416,502.526
-458.363,870.112
2835.25,-124.291
513.046,3110.27
2594.18,3157.91
3988.76,2654.6
-1583.47,3594.74
2520.06,-2201.29
-3150,-1830.98
226.716,-2216.97
-3820.2,-168.249
-381.363,-3275.39
-3831.77,-3164.57
83.2797,-3225.39
-2150.7,901.483
949.665,695.782
1536.37,522.24
892.344,2049.55
1243.24,1995.8
944.216,736.671
1465.04,163.263
-1511.98,1262.33
524.258,-1475.62
734.279,-1147.92
-2242.29,1782.19
2839.73,-689.713
-1420.55,1215.77
2150.69,156.112
-1498.72,1230.31
4093.89,-511.635
-2148.62,3586.31
3190.59,227.622
-2812.97,-112.39
661.657,-3371.77
-1643.94,-1034.24
575.231,992.864
-797.177,1610.58
366.987,-1387.93
-2205.61,-2219.88
149.681,-2327.68
-2757.59,551.571
1985.41,-910.19
-649.302,1186.41
1287.05,1119.4
744.325,1015.36
2000.97,1009.27
-2188.83,1812.12
2032.33,-2597.36
-2385.42,-821.961
2974.2,102.717
-3972.86,3595.42
5742.71,-2510.79
-4572.95,1691.51
3544.29,-1185.27
-198.824,1773.74
1141.66,2647.52
-586.05,565.166
1748.89,-2562.77
-4901.71,-352.867
994.137,-3809.77
-2855.96,-1527.7
-2113.13,-1055.02
-2194.74,-3103.5
-1465.56,-4038.89
-2363.02,-1533.07
936.138,21.79
-1792.49,1834.55
4267.61,-633.185
-4044.75,2537.6
8593.23,-1013.87
-3573.81,7331.68
8118.48,2771.49
-2629.25,3584.42
4458.14,-1951.02
-2632.53,653.853
2832.93,364.354
-1721.7,2343.22
2862.81,-421.246
-2439.25,443.724
2734.29,-1368.69
-2539.85,1568.45
1454.89,-498.156
-3650.58,-1376.77
810.609,-4573.61
-4654.83,-1491.74
295.112,-2285.6
-1303.89,-590.759
-966.568,30.8638
493.418,-985.232
2170.05,613.69
-2184.26,3825.98
3446.97,-696.826
-2311.62,-444.349
4703.77,-516.369
-2036.31,5689.72
6881.89,3029.91
-3005.92,3840.35
1763.15,-3385.47
-1729.48,-3952.29
-1918.37,-664.26
1280.47,849.301
-641.394,2096.12
-1532.7,-1005.3
21.6094,-4818.87
251.384,-1204.95
-632.75,4513.22
2707.98,2885.37
-780.142,62.4439
-825.432,-3439.54
-44.2903,-2791
-3902.11,981.622
2307.47,-1722.87
-218.596,480.454
1489.47,2642.2
2362.22,3238.96
2831.94,3136.05
510.019,2759.1
2888.1,197.217
-917.3,1291.49
3256.81,647.707
-1123.4,3010.97
1188.78,93.5765
-1416.94,-1970.8
-1148.84,-2826.95
-1461.3,-1483.66
-1761.66,-569.054
-407.328,-1715.31
-1432.93,-1489.05
781.631,-768.224
-317.968,1848.2
1996.17,1728.31
-2165.31,966.637
319.473,-3826.08
-1270.24,-2814.46
-5433.28,-342.186
3115.28,-4509.83
-6692.68,-80.3816
3129.78,-3352.26
-5537.28,39.8544
3185.02,-2792.3
-2838.52,1177.67
2931.53,862.691
-1349.49,2165.47
2980.26,-336.519
321.073,1640.37
-87.6123,2213.04
1640.17,-368.863
-2550.58,-760.391
-88.6137,-3106.34
-1243.89,-1616.1
545.796,842.261
1376.78,2748.77
264.275,2392.27
1430.22,-676.163
2547.82,137.624
-1616.11,4274.9
-607.913,-237.778
-1090.94,-5949.35
-5660.46,-5291.6
471.134,-4260.06
-5916.93,1204.96
4708.25,-2267.3
-4957.47,1688.11
3216.83,-1980.39
612.01,943.634
2187.42,4656.6
2049.2,4632.37
3472.43,1535.17
-132.954,1377.5
-203.365,-330.565
1023.73,-1551.13
-5438.83,-297.047
1439.9,-5592.71
-6170.6,-2815.32
151.169,-3768.14
-1805.69,-464.615
330.507,1161.38
753.866,1083.84
-847.277,169.325
3106.92,-1220.38
-2753.39,2840.04
1739.9,-374.126
-1801.06,-1699.86
227.127,-2285.54
-2724.73,-3.18542
1044.86,-1237.89
-1202.63,-2.72159
460.08,-70.8346
496.453,441.539
674.637,1232.86
825.271,1314.02
152.453,636.587
-222.851,-705.579
-1393.48,-1536.61
1000.31,-1630.78
-2104.25,1434.19
1593.55,-138.17
-3369.75,-662.307
2794.07,-3721.84
-2554.6,1672.82
-274.484,1389.39
1781.78,-1740.69
-945.801,152.011
1817.12,1419.21
-812.128,2482.74
3289.03,-258.509
-3203.18,992.864
699.613,-2820.08
-1112.94,-2240.64
-1911.36,59.4233
2080.05,-179.297
-3438.91,1363.24
2031.33,-3040.68
-1540.69,-1017.84
5192.2,2440.86
-1490.58,8436.46
8306.26,2399.94
-2371.51,3205.27
3437.08,-1319.11
-1343.04,144.91
332.049,496.941
969.076,414.339
1385.87,1500.17
398.247,2493.55
5026.9,1761.5
-301.123,5312.48
3953.05,2262.29
527.072,1204.9
1113.07,296.73
1046.23,899.86
-553.081,1669.48
-639.175,-947.433
-292.836,-3148.87
-2173.35,-1383.82
1917.72,-15.3877
-3487.57,2599.71
4919.79,-2141.26
-2395.83,2001.62
6195.45,2451.08
644.901,7200.79
6394.08,4466.81
-637.448,3515.37
2841.03,-1660.24
-1487.06,-643.621
-90.0549,26.8732
-373.842,49.1576
-1934.17,-1053.03
460.495,-3139.33
-4141.09,-961.478
4749.67,-1748.94
-1506.96,5613.07
4508.36,3948.43
302.621,1880.26
866.746,-1486.72
-457.461,-1219.37
-1195.88,321.802
1147.2,-185.573
-2963.5,193.489
3301.1,-2821.12
-2507.66,2095.55
3120.81,1635.09
-172.654,2224.08
2614.27,367.521
827.12,1770.26
2557.45,2742.97
-2816.03,2327.54
-73.6681,-5260.4
-986.6,-5237.5
-4928.27,702.868
909.939,-1507.21
-3400.27,-2048.41
-1527.34,-4181.86
-3329.51,-3274.38
1751.06,-1631.53
-981.467,4099.11
2782.31,2780.25
-54.4106,553.568
-790.674,-2174.01
191.769,-2385.2
-1217.51,1133.01
-164.227,1056.37
-1228.6,-1594.94
-416.939,-3475.8
-2301.79,-1032.48
1833.44,206.831
1491.03,3497.72
1219.17,3806.66
4487.65,931.395
-443.243,3036.11
3995.17,1448.41
-2478.25,2411.68
-137.781,-3251.4
-1857.16,-4671.05
-1705.59,-1340.9
-2158.04,885.435
1420.34,-1487.68
-2326.53,-389.711
809.658,-1417.88
-1240.89,257.228
123.394,-40.5053
-365.541,-463.959
258.581,-539.65
-1735.67,175.163
-328.449,-1874.65
-712.932,-1804.87
-2264.33,-307.887
670.547,-1507.34
-518.037,134.814
2784.45,1603.92
1442.19,4523.78
2461.58,3066.43
4306.9,1227.24
1006.64,4185.72
4141.8,3368.41
1530.64,3269.21
3463.98,1441.6
-3188.67,1719.45
2633.76,-4130.56
-2980.7,-530.384
2028.87,734.571
-557.139,2868.44
973.108,-36.4338
-3289.88,-2308.17
1188.62,-4839.62
-1860.62,1469.82
1506.23,3191.7
-135.439,1187.58
-1418.76,-3009.35
-2844.19,-4685.13
-2653.93,-3218.78
-2399.41,-1077.07
-1661.99,-1358.56
413.616,-2058.21
221.07,1073.45
-1501.24,2453.61
6108.32,-1259.84
-2311.57,5072.11
4586.32,1525.71
1.35406,1389.47
352.474,-146.999
-1369.7,-1204.22
-1274.98,-2312.66
-2757.45,-2071.81
-886.204,-2598.48
-2557.54,-961.284
-1768.73,-1809.44
-133.95,-2570.46
-526.045,459.6
182.13,1959.6
-720.37,94.0854
-305.239,-2974.19
-2390.55,-1935.08
-3365.14,-1636.94
1522.17,-3434.67
-1573.44,1915.81
1695.49,2330.63
-1230.94,576.816
2721.86,-3072.14
-3031.56,1629.55
5227.2,739.836
-582.312,5264.74
5886.12,1991.29
993.815,3679.94
2542.05,2013.4
-392.401,573.773
-206.69,-1970.27
-4136.82,-2235.29
156.117,-4476
-4404.36,-305.43
130.525,-1783.04
-1292.74,-1019.51
-352.17,-350.208
66.7254,206.62
2844.95,947.655
-2595.35,3600.97
-81.7192,-3193.82
-3916.7,-5685.65
-1503.51,-4067.1
-4562.27,1009.68
3679.05,-1753.04
-4586.61,2143.43
3073.23,-3003.62
-3338.3,45.9518
663.017,-1041.76
-712.802,-99.3507
132.594,151.038
-2559.8,-266.192
663.067,-3693.47
55.6292,-200.027
-493.266,3743.3
2145.13,869.995
-1288.3,-807.827
-2362.76,-2938.57
1330.51,-3284.68
-3328.37,2917.9
5909.66,656.452
-810.283,4846.12
2687.01,1041.9
1436.2,-650.701
1586.65,1608.84
-3478.3,2936.07
4034.43,-4687.37
-5039.19,-75.2809
3364.62,-1058.78
-1.59229,3578.44
1867.53,3037.31
1181.26,131.554
2767.65,-424.303
404.098,3971.85
1960.42,3014.1
1530.35,18.8165
-372.553,-532.15
587.327,-279.335
-1108.74,995.733
533.214,-795.043
-1551.97,-980.729
-2069.72,-1969.44
-516.83,-2891.25
-1453.3,-241.745
904.923,842.958
-1317.41,1215.85
2453.49,-1724.28
-958.993,1341.64
4585.37,2094.02
-612.809,5404.12
2464.68,-123.202
-4408.93,-2906.63
-2006.26,-6786.27
-4094.2,-3347.9
-846.677,-438.277
1112.33,1476.33
700.164,2358.75
3222.6,891.289
2682.47,3021.75
2678.7,4680.02
694.703,2498.11
852.744,-2479.64
-3515.49,-2345.28
-427.654,-2971.09
-1705.91,188.159
-4190.94,-146.879
92.3601,-6396.02
-7173.02,-2963.95
-735.639,-4514.09
-5056.16,-964.939
3396.85,-2448.8
-3826.18,3886.74
5221.78,-830.257
-4522.13,2055.98
1555.24,-4081.03
-5764.13,-2317.74
258.248,-4295.77
-3040.57,376.333
961.603,260.75
-465.936,496.489
278.226,-618.102
2041.67,5.2011
935.782,3693.25
4833.72,3186.42
1687.11,4236.39
961.172,999.918
-488.969,-2474.27
-1480.46,-2285.49
-1231.9,-354.055
-1639.26,11.2867
-1410.28,-2345.96
-4108.78,-3308.93
1189.59,-4166.05
-2616.67,3189.82
4990.03,1955.1
-792.809,3774.86
3710.87,-1114.46
-87.3068,1134.74
3650.58,2231.21
1581.77,4661.66
-406.873,1356.58
1996.86,-4470.55
-996.4,420.158
-51.2031,3391.02
2205.71,322.482
708.579,-117.742
2191.23,1251.88
3587.65,4031.41
1985.5,5131.74
1425.78,405.851
-2152.71,-3046.82
-4064.4,-4321.79
-158.134,-3758.55
-5666.59,2231.32
2461.67,-3589.41
-6224.68,-797.913
2221.15,-4781.96
-1174.66,2219.62
3756.91,4202.01
1131.64,3797.88
4201.57,-991.411
-1451.83,1941.11
2373.12,45.5595
776.663,1342.2
-1145.29,1423.74
-2168.52,-2887.33
-651.822,-5171.51
-2226.26,583.542
3735.85,2465.6
1485.5,5003.2
2618.15,1169.29
597.783,-871.003
606.833,-100.919
-2681.58,1483.99
818.631,-3301.96
-4480.46,-1613.54
-547.836,-3252.08
-4899.18,-667.962
1665.64,-3659.21
-4434.27,1470.8
172.312,-2195.56
-1456.44,-2187.03
1528.22,-15.7351
-1650.08,4005.72
2240.84,-1299.96
-3358.91,-1571.69
194.312,-3424.45
-2373.39,695.023
-1956.51,-19.3565
-2127.78,-3952.62
-3375.41,-4161.61
-3151.45,-2017.44
167.795,-941.182
-615.169,1719.92
3868.02,730.664
-381.488,3751.62
2944.18,-49.5826
398.237,408.302
3508.92,1308.97
-2965.96,4482.87
1799.08,-4339.75
-7875.36,-3593.2
-2129.45,-7307.11
-6168.19,-1756.25
471.608,-1822.48
-2119.93,1428.67
1940.55,-784.9
1044.8,1122.52
624.701,2617.49
940.017,245.459
1113.1,-1111.49
-2785.53,1044.76
436.468,-2575.81
-3025.4,-1208.04
915.686,-1733.35
-2411.47,1852.66
2646.01,-1169.1
333.467,1581.09
4726.1,2431.9
823.749,5472.08
6159.77,249.715
-2581.57,3131.93
3120.54,-2792.74
-6608.12,224.048
-30.0432,-6268.26
-8857.39,-2236.38
-853.553,-6582.21
-5937.38,-890.016
339.734,-1966.7
-2285.74,521.569
1257.94,-1090.81
363.3,995.374
6183.01,2256.55
872.839,8048.21
3997.35,521.485
-905.305,-2314.43
-1330.19,-1834.15
-2865.94,7.55057
2656.73,-2134.5
-3518.9,3134.99
2724.31,-2202.7
-2823.4,99.5302
2847.18,-1411.95
-1075.34,3527.49
3752.29,677.257
-1262.28,1685.09
2823.18,-1837.85
755.797,2089.82
4340.07,3617.68
-2668.19,4277.84
2051.78,-6473.57
-4730.4,-2532.52
-898.261,-409.279
-1920.21,732.84
991.543,-2221.77
-1878.66,163.415
2693.43,-149.954
32.9541,3491.62
4162.79,1062.95
-908.817,2442.67
2052.23,-1633.39
-3616.32,-44.1434
3879.69,-3045.43
-2966.94,4699.95
5127.61,50.2151
-2099.63,2161.34
3514.43,-2076.21
-25.4858,2394.4
3920.13,2939.83
1757.04,3642.27
3872.95,639.357
-1238.09,1956.82
-662.248,-1886.02
-1856.17,-3370.85
-4773.03,-1586.67
-3248.06,-3982.09
-941.137,-3921.34
-1596.49,1818
3649.75,2059.57
1246.13,3532.12
2129.22,506.251
-1478.21,-480.346
3185.32,-2265.8
-3837.63,4369.38
3267.3,-2252.99
-5359.69,-644.15
810.505,-5088.37
-7058.63,323.292
4320.33,-4471.13
-6340.27,4230.69
3600.27,-3364.69
-2336.06,-269.524
2083.23,525.625
1033.63,3163.14
1181.83,1655.83
1050.76,-1068.62
-2582.31,-450.997
-844.416,-2625.48
-4367.72,-1785.56
-2574.73,-4131.07
-5096.91,-3334.71
-2893.86,-4045.15
-450.652,-1814.37
-2115.31,2707.57
3002.55,-608.339
-1005.59,1186.42
800.4,-331.621
-1190.89,-286.833
3100.68,-1051.04
-2404.88,4226.62
4532.17,-1160.84
-4411.87,1439.16
3183.68,-4202.65
-3638.36,1785.21
80.4907,-410.236
-2740.97,-2329.83
-1096.72,-3874.88
1680.16,145.534
-577.999,6088.29
3942.18,423.695
-698.566,-568.886
-2115.75,-1310.41
-937.441,-2763.62
-4119.81,-1008.45
149.114,-3278.92
-3831.34,-5.87703
832.496,-2046.31
-2042.13,333.312
2855.78,-440.504
-2528.92,3200.05
5874.05,-1839.05
-2552.18,4344.63
5699.24,7.89545
-1389.72,3315
356.806,-861.764
-3897.56,-3487.63
-1517.51,-5279.21
-3275.55,-201.504
72.923,458.105
2207.19,259.185
277.371,2735.7
3677.78,1139.35
4852.39,3155.19
911.435,6628.56
5385.63,97.5081
-3192.82,791.052
239.369,-3949.8
-2067.48,-1492.57
1277.2,962.649
-3122.15,2933.79
1765.82,-4685.99
-5144.05,-1838.28
1923.64,-2490
-3218.09,3417.71
5097.78,-923.264
-3495.13,3012.03
3677.49,-2728.89
-346.329,1418.36
1241,2940.87
2034.71,943.242
-441.546,160.551
268.945,-1300.94
-842.132,-111.333
1694.43,301.904
-937.735,2362.4
3063.1,-758.448
842.173,1843.85
3111.78,2896.47
2795.94,3386.37
-1572.14,1739.96
208.437,-5016.62
-7097.59,-3091.84
-1157.63,-5570.69
-3884.59,-479.767
502.542,-67.5867
-3128.74,487.765
4341.42,-3813.86
-1678.1,4644.5
4386.9,2923.49
1963.26,1996.25
1423.85,699.747
1872.78,487.204
1092.39,2257.56
2080.79,1743.08
-260.432,1001.1
-1000.34,-1872.55
-2861.89,-2954.92
-33.2137,-2661.29
49.1595,2295.25
2955.57,3284.69
62.8618,2314.05
1407.97,-2507.85
789.809,-559.634
-557.612,3623.86
803.288,358.205
-1996.88,-2661.56
-1036.62,-3522.78
-4731.56,185.4
1136.25,-3138.88
-3492.99,341.478
911.562,-1586.83
-3243.85,183.03
1206.51,-2797.78
0.756836,907.497
-385.207,2975.39
1713.8,-941.773
-1058.94,-789.657
273.511,-480.637
-1323.21,910.443
-142.673,-1267.58
-3515.84,-1689
728.034,-3860.71
-2228.52,1739.86
1911.01,1148.89
916.74,989.328
145.341,449.238
-573.372,-698.181
-937.038,-1414.89
-326.955,-879.852
-3472.83,461.666
518.383,-3956.96
-3527.62,-823.198
1690.66,-943.324
-6.46844,2787.85
-476.118,1382.15
-1002.46,-3375.21
-1142.68,-3348.53
1404.57,1378.47
633.957,5441.92
4229.21,657.978
424.772,714
1740.67,530.517
402.836,1878.49
-131.055,394.174
-343.923,-2011.42
-2394.69,-1319.91
-528.448,-1599
-800.731,128.817
1625.61,568.234
-1897.91,2018.5
1852.4,-2742.88
-2335.62,-49.5482
2172.54,-242.646
-3625.75,2611.54
-1633.73,-4541.54
-4242.86,-6057.05
-5687.7,-2728.61
-1242.42,-2725.39
-3397.73,-14.2066
1524.07,-2063.94
-2872.61,1501.5
3515.97,-1487.46
744.76,3167.85
3654.88,3354.07
2579.96,2558.94
690.031,841.501
243.887,-1310.89
34.8613,-570.295
138.133,1331.45
-1285.39,806.871
3256.73,-2860.12
-2210.62,3313.52
2476.47,400.472
-1029.69,16.6395
386.554,-1667.49
-2228.28,161.233
2067.47,-1307.35
-680.913,2445.42
169.316,724.53
-49.8395,-2185.04
-3161.72,-1205.01
154.945,-2394.88
-3111.72,767.674
485.564,-1888.89
-1880.04,-603.5
3338.19,-568.423
-90.8705,5128.81
6292.22,1591.76
1781.35,4038.65
2514.32,1906.37
872.98,-122.778
-1058.17,-584.492
7.64462,-1369.53
-901.38,345.159
1111.92,195.721
296.857,1205.77
1971.1,522.96
1391.02,1731.79
559.671,1751.63
582.513,-667.324
-861.18,-1002.91
-1079.57,-665.782
-1813.96,-740.778
1018.53,-1967.16
-3838.82,1678.22
2997.45,-3078.36
-3582.23,1845.73
2564.93,-1484.39
-916.658,1367.19
1528.12,572.507
-1811.89,669.024
4181.29,-2696.02
-501.137,4829.87
3638.92,2973.45
777.462,630.27
-1176.55,-1638.25
275.68,-2379.49
-3558.1,1461.47
1783.7,-2363.36
-1642.87,458.491
829.88,271.045
1855.5,757.444
1756.97,2615.39
2597.83,2311.74
-702.429,1369.99
1908.84,-2841.98
-5092.56,628.5
2423.29,-3983.93
-5047.12,1648.99
24.2042,-2804.11
-2398.78,-2464.08
-757.509,-908.379
-1030.96,1032.51
2945.61,-271.771
1087.06,3107.18
3032.39,2601.03
4176.12,1861.9
2866.6,3946.21
3126.53,3142.01
2712.89,1201.44
910.022,1101.43
641.965,425.343
1271.61,-6.22228
-440.068,1386.09
-2170.35,-544.43
-848.13,-4584.05
-4511.19,-1488.32
1054.48,-1919.13
-1426.84,2441.17
749.789,220.522
-2154.34,-1576.93
692.309,-3312.68
-5378.19,1821.4
895.013,-4042.56
-4421.41,-1487.87
-1633.82,-2383.2
-1417.51,-1379.42
894.712,214.42
1172.27,2644.86
3161.73,1901.69
3747.95,2268.81
2137.6,3883.73
4508.59,1519.28
-1397.1,2654.13
-2200.05,-3168.53
-2634.31,-6177.23
-5069.27,-1343.38
-949.444,-1259.44
-1470.47,-376.327
575.408,-861.274
-1600.65,1011.01
2925.17,-1204.74
-252.276,2982.4
3313.87,1254.7
-368.538,1749.17
730.808,-1526.13
-773.739,-838.831
-2093.97,337.691
-7.67184,-2134.05
-3969.03,-680.781
56.6537,-3511.89
-821.811,406.408
197.963,2375.77
2188.29,41.0074
1544.46,782.488
1367.52,2306.76
2167.01,1393.23
2457.66,956.094
-676.47,2179.71
159.156,-1721.14
-1328.39,-2098.95
-1625.49,-301.946
441.542,-243.509
-663.62,841.8
-281.079,-652.293
116.295,-1286.05
860.651,777.484
-248.215,2532.55
-1263.05,-1029.85
-1924.13,-4423.78
-1217.19,-1952.52
-406.537,2544.55
2763.61,1518.95
197.665,1418.47
1240.83,-1072.92
-337.97,291.902
2332.41,699.657
2265.52,3080
3090.94,2747.65
2386.24,1497.59
2248.53,798.834
3643.65,1835.85
215.86,4455.56
3318.99,-1271.19
-3651.35,148.191
-524.5,-3835.31
-2746.78,-1090
-405.047,-92.5915
880.48,482.899
-2547.17,1304.39
693.311,-4030.96
-3284.39,-493.056
1609.88,-592.82
-1620.11,2682.54
2534.13,-1578.49
-1239.38,823.283
1830.62,-87.0485
-1382.53,1720.49
-329.763,-1802.44
-2199.04,-2289.43
-1900.11,-1400.32
3180.9,-417.692
1571.02,5874.26
4746.35,2886.79
2145.19,961.078
1525.52,254.648
-449.331,1223.13
1635.79,-833.93
-1791.62,1053.97
-1340.82,-1680.41
-1545.47,-3003.57
-2722.43,-579.796
253.916,-866.15
-4251.89,876.177
1237.66,-5122.75
-5869.68,740.565
2666.71,-3140.84
-853.076,2929.26
2421.19,2016.66
-2426.45,492.485
-385.734,-5408.32
-3988.47,-1186.79
498.008,-256.411
-45.3413,1839.38
142.561,226.894
1362.08,-1619.23
1159.17,1688.07
4624.2,3342.39
2694.89,4925.57
5516.39,611.455
298.99,2905.65
2341.76,-124.098
-422.675,406.936
-1481.28,-466.839
-1741.69,-2505.54
-1955.1,-2001.99
-627.057,-261.516
-2700.19,1119.8
3383.92,-3563.37
-4630.69,3673.51
3757.6,-2983.77
-753.546,1628.53
1127.12,1936.01
-374.352,-26.9492
-1416.86,-2465.38
-1469.54,-2007.69
-755.388,352.716
1623.81,942.328
-852.908,1941.27
3016.75,-2093.32
-1803.14,2280.05
4058.21,-369.316
1196.92,3448.24
3868.02,2180.43
1681.86,2078.19
2300.83,281.682
1766.54,1208.79
-202.496,2248.1
689.003,-1449.65
-5039.56,-1325.17
-749.744,-5684.51
-4541.01,152.002
1785.32,-737.773
-349.524,2338.56
2551.91,278.688
-808.636,1267.46
896.695,-1398.78
-3016.06,-22.916
-2743.68,-2873.13
-2573.78,-3886.54
-5035.47,-799.729
114.435,-3242.73
-3657.02,952.473
1696.88,-1931.39
-2166.06,1449.91
2515.36,-1135.81
3830.62,2107.07
1880.57,6532.61
4203.3,523.895
-592.881,-581.421
561.469,-1373.42
-1035.57,1389.68
1092.59,-110.253
-1786.06,172.084
-705.402,-2418.07
-4990.5,-1104.25
1469.6,-4635.27
-2476.76,3269.23
1603.4,1073.53
-1905.41,-980.65
-1661.94,-3752.79
-1666.61,-1310.93
-1992.97,1429.65
-87.4469,-1510.06
-5088.13,-1483.01
-487.355,-5658.98
-5465.59,944.326
2557.74,-2106.16
-2815.68,2766.26
3567.47,-1955.82
-466.26,2322.92
5620.95,1213.62
3112.11,5592.04
2458.6,3074.53
2248.24,-2175.81
-2129.75,134.463
220.967,-860.969
-1006.24,219.201
-1234.01,-554.703
-2859.05,-1914.85
158.22,-3447.09
-2403.71,2249.08
1114.42,-6.62214
1240.34,-659.832
-346.745,1762.26
3480.12,84.5934
982.828,3149.4
1917.54,1188.62
677.893,-476.699
-2242.32,-216.098
-2871.76,-2661.47
1663.96,-3791.32
146.127,5109.49
4236.44,3792.73
3258.31,759.304
1417.2,715.234
1019.04,1157.48
551.964,662.869
-469.825,-402.95
-2676.58,-1273.68
-1322.08,-3308.89
-2613.24,-389.958
-3030,-280.916
-1745.52,-3787.39
-3845.2,-1897.68
1854.79,-1593.63
1515.83,4628.3
4807.7,3364.32
1022.75,1966.24
1606.2,-2188.41
-2935.02,469.096
2047.6,-2105.21
-3829.7,2750
-769.039,-3482.75
-3493.72,-3416.41
-114.35,-1267.05
30.0618,3427.12
2670.58,1042.15
1960.28,225.877
1217.76,1576.56
3831.02,1196.05
1875.73,3657.1
3150.12,983.088
-1030.91,712.338
-583.322,-2583.31
-936.842,-1302.01
-1347.45,1417.04
2520.99,-760.028
-3866.77,2421.3
2133.43,-5050.3
-4843.71,1264.54
5002.97,-2168.43
-2150.66,6197.8
4775.25,-1565.91
-2467.91,803.845
479.479,-2137.25
-2266.77,117.965
-636.659,-1070.05
-5097.39,-765.298
461.657,-6097.73
-3390.65,1871.47
3958.41,1108.43
1470.1,3731.29
4064.6,637.391
3898.49,1860.94
4513.79,4582.29
6408.34,4052.45
1026.28,4153.06
-281.652,-2965.89
-3748.16,-4280.7
-7961.38,-1781.87
-33.3019,-6723.53
-5846.56,2723.59
2705.43,-1852.52
-3445.97,1648.73
4522.64,-3460.98
-1723.09,5197.79
7688.69,139.886
-2018.26,5830.31
2511,-3766.58
-3488.67,-1815.5
1240.6,-1218.28
-1745.15,3830.18
5238.63,-1692.98
-435.004,3743.7
5769.6,508.752
1534.43,4353.06
4075.13,1127.5
1615.26,1255.81
1632.26,909.457
-1080.14,992.921
1714.47,-2593.44
-4609.02,1739.04
-1620.74,-4008.26
-7137.67,-3453.78
-214.497,-5860.61
-5446.31,3840.18
3185.8,-2138.27
-3438.01,1071.55
3256.54,-2985.66
-2887.8,3864.28
5887.81,-1540.46
-3557.24,4704.08
3913.59,-3909.88
-4252.28,1141.75
1747.42,-2254.09
-2164.39,1499.21
203.57,-871.754
-3956.13,-1114.13
-393.475,-4698.54
-996.764,681.986
1711.91,3257.65
3430.48,1669.07
1169.22,1545.58
-325.551,-64.1035
3151.46,-2045.81
-2288.93,4565.14
4187.46,-1305.86
-6356.17,1434.33
-1267.63,-7703.26
-6904.71,-3068.24
-1092.72,-2036.68
-2284.9,1592.36
-377.98,-1201.63
-2493.61,-2074.58
146.371,-2299.39
-1695.35,2340.06
811.498,-137.196
-2361.43,-1153.39
894.302,-3202.18
-1836.58,2494.01
3079.78,533.77
201.446,1868.76
1939.29,-316.432
-661.31,881.913
4981.47,-690.539
832.955,6163.99
7273.29,1678.4
760.831,4088.71
4226.9,-768.846
-2738.6,1924.66
2613.58,-3201.79
-6271,1907.27
-1615.95,-5700.89
-5434.07,-3991.74
-1409.73,-1907
-2922.63,2105.57
1727.24,-2263.37
-5272.86,469.25
1995.49,-5240.04
-780.244,2496.27
2980.19,4029.75
2401.2,1640.42
-202.627,-682.457
-1609.37,-1920.62
-559.613,-1553.03
-334.606,1176.19
2335.08,1035.2
-2114.97,2139.65
1301.79,-4106.47
-2241.78,-169.034
2269.68,891.821
-1571.08,3408.01
3087.87,-3229.2
-2515.79,1057.31
2873.99,-407.509
-3401.38,3067.51
-108.886,-4460.22
-6394.43,-3085.95
-1537.95,-4534.95
-3330.83,1032.39
651.778,-186.344
-569.243,-74.5101
526.052,-628.366
-1493.78,845.224
1635.79,-1515.33
578.97,1495.57
-556.784,2304.61
-196.044,-2314.65
-1569.05,-2529.69
-481.292,133.217
3895.46,1822.27
-858.763,5359.34
5478.25,-3190.07
-3542.9,2472.16
4659.91,-1930.56
679.783,4155.4
2751.23,2808.38
691.056,-286.208
-827.966,-1834
-2911.26,-863.021
-1661.01,-2267.15
-5381.84,-1434.05
-3907.57,-5300.4
-2819.33,-3986.21
-252.014,1378.85
1791.36,3603.97
4024.78,1045.66
-780.234,2058.98
2125.9,-2277.91
370.871,1003.66
139.79,2740.25
156.509,-879.352
276.17,-2502.18
-2883.43,1380.89
2177.78,-1655.77
-3289.32,1850.3
3060.35,-3131.57
-2362.55,2643.3
4599.51,-388.141
1368.52,3883.41
2330.16,2146.08
-247.76,-641.832
-827.726,-2501
-792.476,-466.741
-2372.37,1431.33
-806.621,-2893.46
-2874.76,-2442.81
-3267.98,-1068.19
-246.014,-2114.55
-1721.65,835.62
1750.07,-361.84
-2796.2,1715.9
2404.79,-3689.78
-3837.19,1855.83
4447.89,-1867.23
-3935.61,4560.22
1488.71,-3829.61
-5505.35,-2311.4
-972.493,-3933.56
-3192.19,1031.84
205.822,-588.802
-1541.52,-707.235
27.496,-1586.8
2378.11,752.951
-97.3083,4939.49
3827.67,-949.514
-1092.55,487.963
-1521.58,-607.706
-2019.06,-2623.19
-251.39,-2226.14
-3275.42,2297.12
572.041,-2419.19
-1574.01,-1458.06
-288.365,197.792
-371.816,1054.3
-2297.86,-720.46
639.518,-4299.58
-4219.85,1654.59
2431.26,-1681.79
-2361.62,1797.08
136.88,-1662.85
-2660.09,-1600.96
-1596.7,-2099.24
-585.45,-660.132
-1806.23,1268.49
645.141,-1893.16
-2878.21,-361.463
181.368,-2177.04
-1899.79,609.083
2726.2,-505.886
-1459.87,3239.37
2195.09,-1540.25
-1462.44,-146.18
-411.089,-523.711
-2560.96,-450.623
-3835.76,-3114.02
-3867.57,-4996.83
-3008.64,-2378.95
-2025.5,732.589
-1282.64,-483.997
1051.15,-2543.47
-2674.44,1990.98
2623.15,-1261.7
624.463,1731.28
1990.11,2116.98
8.96191,1069.03
-2306.5,-2107.35
259.689,-4314.47
-2222.7,2521.97
1830.76,1135.24
1891.2,60.2679
433.332,1526.57
1370.36,522.125
3430.41,384.107
-1059.26,4323.02
2040.82,-1946.24
-3233.73,-1392.8
-177.993,-2625.32
-2631.49,1191.71
154.748,-1106.14
-2793.4,-935.358
-4360.08,-2812.65
-842.808,-5181.71
-2965.79,1709.56
3224.07,943.956
1494.2,2847.23
1254.66,1098.87
2810.92,-1123.93
1154.06,2867.74
3970.16,2643.67
-1776.14,2717.67
1379.63,-5246.25
-4964.73,-596.874
1509.08,-1803.3
766.333,2805.42
-338.549,2822.47
2436.57,-3361.01
-1222.66,698.421
-1666.22,1609.17
1515.96,-3079.2
-5715.08,652.987
-1520.05,-5010.78
-2802.85,-2653.04
-2594.79,1112.33
222.568,-1009.33
-1796.11,-742.05
-2026.59,-1502.85
845.678,-2095.16
-1264.54,2757.18
3468.16,224.531
949.785,2146.98
3809.39,1016.59
-708.123,3223.73
5987.75,-2159.1
-3355.52,5306.25
1811.37,-2712.01
-4910.56,-2649.67
-1726.34,-4205.24
-2397.59,282.164
-110.14,817.432
-2415.09,-416.672
231.585,-4226.21
-1662.48,799.307
1045.85,1856.68
-1503.87,682.747
-216.991,-3989
-5963.26,-913.596
-2134.93,-4421.7
-4199.06,-1996.85
-2148.84,-1466.08
-4308.29,-951.448
1021.77,-4603.1
-5037.25,2551.84
4340.67,-2614.37
-1971.74,3687.91
2957.51,-286.611
149.512,514.475
3993.33,442.888
-1021.17,5130.22
3147.3,-1967.66
-3790.57,-635.323
1881.99,-3410.19
-412.176,3325.14
4358.78,2786.2
3295.1,2818.29
2266.42,1842.27
253.686,367.535
1563.14,-1499.92
990.679,1846.03
-42.0668,2879.29
-1606.96,-1921.13
-3692.63,-5102.35
-5762.47,-3188.43
1187.54,-2997.12
-4143.4,4994.53
5090.7,-3000.63
-4274.63,2336.16
6193,-3174.97
-1270.58,6486.95
6690.44,1243.52
894.595,2975.88
3789.78,-22.3209
-172.157,2382.44
3536.47,-238.337
-846.587,2619.75
1824.55,-962.018
-767.499,-39.3197
1613.79,-121.074
220.819,2319.94
1362.02,442.691
-52.4669,-392.212
-4.73642,-515.273
-2553.87,378.064
1529.02,-3091.22
-5089.69,1747.05
-109.156,-4092.81
-5048.86,-1963.65
1272.59,-3056.77
-2474.45,3700.18
5395.98,-382.476
-1884.28,3901.19
6251.2,-2158.69
-1671.7,4881.83
5543.39,-23.2814
-1820.9,2919.39
3422.83,-2380.85
-3023.26,1801.92
706.185,-1789.44
-973.831,-915.48
-2515.79,352.014
-1394.55,-2679.55
-3008.28,-2511.83
-592.468,-1689.8
67.454,1561.41
744.13,1832.35
1588.45,-420.423
-3004.11,355.19
1916.32,-3743.05
-5479.02,2056.49
3395.73,-3820.48
-6877.06,2320.21
385.896,-5724.43
-4486.85,-2293.68
31.3821,-708.511
-3127.94,2080.47
2236.63,-3552.03
-3390.96,718.641
2358.39,-1061.15
-256.077,2442.13
447.543,915.252
-224.915,-1779.03
-2575.98,-1401.17
-450.038,-1961.4
-2156.89,486.694
923.559,-1046.07
-1543.81,625.085
2518.53,-974.235
719.572,2852.55
354.473,2254.83
2457.02,-2103.89
-4412.95,947.017
2199.03,-3900.03
-6392.16,1504.44
2388.1,-4860.15
-7007.04,1001.25
1399.62,-4817.77
-5177.32,100.41
1140.73,-2378.64
-475.305,1070.56
549.418,1864.65
-1826.37,-276.897
322.203,-4418.13
-2311.58,183.401
1204.15,1240.99
823.783,1533.08
-2174.82,-11.0583
-566.871,-4591.92
-2520.54,-1398
-678.574,848.228
1553,449.435
-1227.64,1279.02
2020.63,-1893.04
-980.344,1312.44
3047.96,883.788
-759.131,2970.56
3815.02,-1348.7
-3845.28,2064.35
4927.88,-3432.9
-4529.53,4137.94
2432.56,-2190.47
-4329.38,-1427.73
1300.24,-3822.76
-3543.61,2404.59
1342.34,-792.737
-666.383,-863.095
1329.3,-50.1862
1200.36,2774.6
3907.59,2388.37
4258.55,3370.09
2435.95,4404.65
1459.17,899.181
231.611,-2068.45
-2392.82,-827.073
1409.14,-1285.85
-1210.39,2462.3
1045.94,-39.2735
89.3566,-1059.18
1694.63,245.565
-584.677,3444.58
5202.88,-313.652
-4718.11,3542.79
3018.1,-5484.27
-6381.51,-526.698
1856.68,-3263.07
-5651.61,1994.64
2047.24,-4251.33
-4613.97,-275.886
3765.45,-1874.11
-129.742,5040.3
3689.35,2797.91
1049.75,559.565
3862.66,-661.707
60.286,4912.04
6148.19,2073.65
445.067,4053.09
1452.71,-399.311
-1888.78,-2149.36
-1205.52,-2485.59
-3514.49,-242.71
1970.65,-2453.6
-2711.42,2286.43
2730.1,-774.549
-820.364,1219.28
2521.94,151.465
-2462.6,2109.97
2168.95,-3035.8
-2993.99,194.22
-89.0963,-1013.45
-577.936,-717.857
-2603.03,-100.091
-2229.66,-3199.8
-904.085,-3693.92
1053.7,1406.72
1977.05,5415.05
4396.9,2416.01
1950.74,1378.01
436.15,865.171
5150.57,-133.104
130.278,6439.94
4415.28,1697.4
546.021,37.8595
997.584,-525.907
-958.029,1289.31
352.51,-601.993
-1090,-996.52
-1484.51,-1118.7
534.343,-1254.24
-1858.62,1515.07
1034.77,-1114.73
-2236.21,-448.208
-1333.85,-2112.42
-2022.87,-1942.5
-522.007,-1068.2
-2308.83,800.583
1249.98,-2069.25
-5490.57,230.019
1274.31,-5496.57
-4039.68,374.28
4388.6,209.517
-443.69,5532.88
3631.59,274.488
470.976,-362.274
-154.429,600.794
2479.91,412.483
-432.358,2904.97
-517.629,-592.162
-2497.61,-3901.22
-2956.41,-3570.45
-1539.99,-919.606
54.8632,1097.39
-10.1359,995.944
1093.36,-937.539
2972.14,659.779
-532.535,5236.99
5092.63,-374.456
-3430.05,1667.56
2054.56,-3834.84
-6459.96,203.072
2681.87,-4956.64
-4964.49,2307.4
2090.09,-1501.05
-2344.17,-28.3196
4161.87,-1358.98
-1028.54,5514.54
5844.75,1245.41
-154.24,2798.19
2533.89,-512.155
-2057.13,558
-1670.9,-2268.41
-2258.47,-3507.79
-2794.84,-1663.36
-2837.93,-1026.5
347.817,-2653.18
-4859.14,633.298
897.779,-4052.73
-6197.85,-656.695
3208.13,-4468.26
-4552.74,3857.68
4776.88,-913.893
-6485.04,1909.36
2580.71,-7420.03
-8337.26,-383.138
-338.196,-4233.83
-4735.76,-1753.79
226.882,-2693.96
-2594.35,1082.28
1817.68,-656.169
2988.57,1441.5
2051.41,5410.49
4768.12,2842.47
3023.05,2147.54
958.479,2208.91
239.742,-231.179
665.802,-1755.91
-1604.06,841.547
-915.15,-432.045
1294.08,-2214.69
-3464.61,1622.56
2138.62,-2197.53
-4654.12,443.475
4513.62,-3758.85
-3644.65,4748.55
7006.21,213.643
-2808.48,4606.09
4091.85,-2567.02
-5841.54,34.4884
435.512,-5257.18
-4236.05,-1107.04
624.86,-787.046
-106.106,1452.87
2132.26,1113.41
3138,2021.43
4809.09,4297.96
3854.99,6059.9
3222.47,2767.97
-509.329,-799.138
224.768,-3263.59
-4278.39,249.983
229.405,-2713.87
-4934.16,-1101.54
-826.268,-4454.57
-5666.44,-1557.62
3184.31,-3550.89
-3863.28,4785.05
6210.92,-507.915
-3749.32,3269.02
1100.73,-3734.73
-2330.23,-2721.01
-256.88,164.089
-2352.86,1950.25
-914.169,-3345.61
-2784.44,-4139.22
-2673.28,-1457.37
-1472.21,-220.106
-2770.15,-1147.22
253.582,-3952.63
-1450.39,620.146
1091.4,2097.33
2521.74,1283.26
453.338,1768.65
1930.24,-24.1779
-754.854,931.604
1824.8,-595.423
-4646.5,1099.19
455.66,-5633.61
-7246.17,-2202.99
-801.685,-4918.96
-1718.91,-326.849
2783.9,2611.34
-434.591,4390.06
2313.49,-2251.22
-2665.86,-1646.8
-1235.28,-1624.73
-1118.82,-614.754
-1604.03,-269.649
-1761.74,-1926.4
-1118.93,-2674.69
-1429.7,-234.37
-551.161,487.027
909.059,-532.095
-1596.12,561.621
216.183,-1568.6
224.718,-548.836
306.544,1865.35
1282.02,1318.06
-2422.39,-71.9774
1044.15,-4561.09
-6503.85,302.215
2711.76,-4297.13
-5042.41,2086.34
1023.59,-2283.01
-3126.26,-1590.44
1263.32,-2135.22
-1041.63,2763.42
2128.61,1284.56
-1116,218.135
-82.3719,-2658.38
-899.875,-834.863
-1822.98,1116.5
-1070.7,-1777.68
-3454,-3307.7
-1806.31,-3760.24
484.382,34.5924
-38.7889,4283.94
5960.33,971.929
895.185,4333.22
3049.13,1562.41
2673.99,460.559
2319.41,2713.83
-1574.29,3223.17
3363.07,-4100.95
-5914.39,457.324
1561.96,-3810.07
-4298.1,473.618
-431.851,-2121.9
-4386.66,-2049.76
-2339.23,-4547.48
-477.646,-2188.87
-514.648,3377.13
713.989,1864.27
761.328,-2129.45
-55.8937,-976.237
-2207.66,1820.5
837.399,-1874.82
-2711.29,-1246.15
-715.424,-2091.62
679.01,-168.778
2183.11,3148.79
4581.61,4025.74
1792.25,4091.45
5541.07,-251.473
1859.97,3997.46
3267.82,3965.6
1335.69,1278.28
-653.83,-1749.17
-5281.78,-2652.07
-1697.96,-6137.08
-5093.09,-1044.25
1214.62,-1203.87
-1852.53,2197.47
906.71,-1082.68
-1518.8,-1222.15
284.077,-1098.77
834.247,1484.2
-152.256,2413.82
988.033,-1381.01
-3291.01,-1339.82
838.61,-3276.91
-4461.17,1783.63
-595.644,-2867.88
-2646.83,-3289.05
-32.8442,-1191.21
2295.18,3117.66
1604.49,4778.52
5583.89,0.985596
-1944.34,3101.55
2973.08,-2011.72
771.25,875.858
-1408.06,3259.12
1522.41,-2470.2
-4124.22,-1619.53
-726.392,-3446.78
-2807.37,-84.9837
-1512.68,-659.415
-1972.14,-2379.14
372.741,-2385.19
-2705.25,2448.35
3152.47,-1046.2
-99.6653,1766.92
1751.41,1325.64
-167.962,801.556
2853.67,-1235.56
-1803.66,3019.84
5470.95,-588.601
-1859.18,4454.14
3417.85,-1145.18
-684.035,133.372
2175.44,526.587
5395.14,3275.09
3693.03,7721.56
4876.06,3195.23
2303.33,-208.65
-1252.35,253.843
-993.742,-1469.31
-5513.01,-2121.86
-1023.63,-6577.52
-6056.24,-369.823
10.1876,-2068.4
-2362.11,-154.716
4420.36,-1081.17
-3340.4,6066.55
6313.84,-2743.28
-2721.38,2398.84
2180.65,-534.793
-2327.37,399.392
-2.31354,-2618.24
-1822.88,-802.797
-911.618,-66.4792
976.476,-535.524
-900.389,1312.08
2216.39,-470.684
-715.976,1700.47
1556.61,-210.506
1130.06,506.998
622.662,1965.49
1639.05,674.909
-819.022,393.773
2291.64,-1588.66
-5758.17,2362.47
2186.75,-6114.21
-8024.36,-536.771
596.057,-5119.26
-5270.29,179.6
2921.79,-2113.66
-2842.41,3282.38
5508.58,-1105.62
-890.332,4177.48
4512.24,854.61
1134.71,2298.73
-48.0043,1249.81
-539.086,-2210.91
-181.906,-2231.02
368.198,1732.82
2341.08,3052.76
-616.559,1846.75
535.856,-3558.92
-1820.32,-1577.93
1472.03,967.4
-262.096,3609.35
3647.98,-666.687
-2097.44,1334.02
1496.09,-1837.29
-4823.49,154.483
919.118,-4808.05
-7593.38,-133.013
654.137,-5836.88
-6715.57,-456.925
3096.57,-3454.43
-4134.61,3757.33
3112.97,-1597.35
-2400.83,29.5257
1801.37,-1444.38
435.47,2228.22
2865.44,2628.61
-437.431,2096.79
793.827,-2756.6
-2183.51,-1454.3
1376.78,-324.017
-982.506,3130.15
4876.91,-269.618
-320.001,3640.57
4924.39,936.384
2406.56,3578.86
3932.74,3501.64
-1466.6,2422.22
1214.37,-4937.22
-8669.41,-1941.29
1256.94,-7338.78
-8186.16,1749.36
-626.281,-4023.59
-3717.95,-3890.75
-608.112,-1721.29
-1364.69,2486.83
1704.51,116.857
144.31,-149.966
192.862,206.228
163.222,464.647
-100.809,77.2054
544.869,-550.039
555.427,670.355
-1310.16,1348.64
2318.49,-2187.35
-2017.29,1477.68
2877.59,-150.889
-2634.61,2246.06
4711.56,-2802.66
-2247.1,3774.27
5161.7,740.15
-236.174,3418.77
1649.02,-200.035
-4220.59,-1444.33
-1393.75,-5898.29
-7711.79,-2056.65
-1183.52,-5419.75
-5039.97,-1130.42
-1965.92,-2057.88
-1229.54,-2311.7
1652.71,60.7543
-1005.23,4492.22
3068.21,-708.646
-832.382,-347.629
-1065.91,-363.407
-113.825,-1260.64
-1545.49,-99.8596
-2690.9,-1126.7
1854.39,-3793.9
-3173.34,2975.62
2843.45,-83.3343
-708.791,769.218
-467.535,-678.11
-1248.34,-1633.94
567.793,-1242.38
-1182.96,2141.9
2272.92,-17.7772
-3304.12,754.052
-443.825,-4448.58
-3080.91,-2277.64
-435.593,-201.54
-1623.24,1307.42
-45.4242,-1997.13
-2202.52,-1839.67
626.525,-1260.68
2217.75,2600.28
3235.15,4915.74
3376.44,2836.71
-6.52588,355.721
-376.906,-2607.26
344.715,-1109.53
-646.141,2922.5
2115.69,620.308
-1740.97,-26.1391
681.618,-2904.99
-1230.93,539.563
2217.9,1394.51
351.392,2664.57
2859.02,-341.471
307.446,1389.79
1973.04,1200.48
-1225.02,1449.51
-141.531,-2690.94
-3052.35,-2148.08
-2942.69,-2001.9
-2635.54,-2533.35
-2330.34,-2259.4
-3211.53,-1300.17
-474.637,-2555.69
-1821.07,127.178
1028.11,20.9414
1310.89,1298.01
790.983,2037.75
164.126,63.7951
1497.72,-1674.2
-1980.16,1823.51
772.978,-859.611
-2300.25,-1032.35
-1283.38,-2500.84
-1252.29,-1170.61
1137.47,630.554
325.659,2775.85
588.526,135.234
-362.768,-1934.34
-1634.02,-850.264
-90.4526,-465.326
-1697.51,509.914
-3670.51,-2096.54
-3415.24,-6117.91
-3778.67,-3555.97
-4340.53,128.364
-715.665,-2794.36
-3787.93,-1711.64
-1803.36,-2789.98
963.694,-1147.85
-1524.09,3929.39
3893.38,-556.097
-1717.81,1404.41
2573.17,-1510.39
-2899.17,1944.69
1498.88,-2295.52
-3359.98,-236.562
-914.859,-2445.29
-348.344,-1370.96
788.174,1860.9
-305.292,2570.77
1206.68,-2043.94
-883.371,-1042.35
-144.123,775.866
1109.22,896.161
-2154.71,747.56
-1760.07,-3924.59
-4974.57,-3785.49
-2840.45,-3536.91
-2289.89,-748.886
-431.585,118.784
2400.78,146.749
-1796.98,3196.99
2504.41,-2321.62
-1992.98,73.6335
3118.39,-277.602
291.477,4253.42
3797.57,1183.38
1262.94,1241.13
1977.99,888.078
573.066,1672.21
756.902,112.836
-1613.22,-633.857
-319.618,-2410.71
-618.682,-25.0925
-1030.18,1484.92
4016.97,-1232.79
-768.808,4065.55
2617.44,597.414
2529.99,-267.085
-2285.35,2978.04
1650.58,-2650.39
-4915.34,-1054.93
529.309,-4273.75
-5448.27,1171.73
2573.13,-3246.87
-3755.74,1920.71
4448.38,-1670.77
-2474.69,4011.47
5743.76,-1148.96
-1885.3,3847.05
3557.23,-847.089
-347.743,1025.01
-669.404,561.169
-430.445,-1970.62
-3396.85,-1509.49
-1741.34,-3048.07
-4005.04,-1539.41
1216.65,-2752.24
644.277,2895.87
750.825,3959.58
2442.96,-1397.69
-3033.16,-713.221
275.58,-2806.27
-3585.37,577.596
799.833,-2170.83
-6626.75,-105.372
339.114,-7145.71
-7474.53,-619.469
1337.33,-3390.65
-4753.7,1656.66
-1376.53,-3218.04
-4089.73,-4270.34
837.375,-2897.4
-2129.61,4927.43
4028.94,468.299
-1584.74,622.344
-1101.9,-2518.14
-1847.62,-2525.78
-1599.02,-406.489
-569.524,115.843
-807.086,-509.233
-204.114,-1330.38
-891.796,45.8078
2784.83,196.981
456.142,3883.48
-687.098,815.451
1240.4,-4711.45
-7175.65,236.72
1737.21,-5275.02
-7213.95,1145.35
-1515.85,-4838.79
-4708.45,-4216.08
-1361.43,-2262.46
-2967.88,1749.29
1656.86,-1799.97
-1131.98,270.529
815.9,337.222
79.883,854.915
2401.6,-9.80334
128.106,2550.42
2083.06,582.533
-691.818,408.266
67.2914,-1428.93
905.584,-400.746
1033.47,2734.61
1485.48,2161.6
2029.61,-340.47
-971.99,710.692
2901.42,-752.181
-1924.28,3203.29
2011.57,-1517.5
-2548.17,-675.743
1330.99,-1970.91
-3284.97,2137.49
-718.71,-2497.39
-3564.89,-3662.03
-243.213,-2846.44
-316.413,2925.17
1470.07,2655.21
1462.19,-606.045
-1537.22,-630.421
-687.572,-1573.03
1098.54,-470.546
2053.59,3158.5
2104.24,3733.64
1915.37,251.904
159.403,-901.621
-1203.44,-51.5037
-787.339,-831.972
-3270.09,-1315.51
-1533.98,-3977.31
-2356.17,-1348.38
1089.51,540.45
936.476,2858.21
571.251,1024.35
-246.751,-1959.53
-4368.19,-1640.8
697.756,-4293.59
-2987.97,2083.4
536.506,232.413
-3448.68,-1567.42
-58.8055,-5174.03
-3520.26,917.19
4153.89,402.873
-153.884,4831.35
4165.38,-27.511
215.73,1062.54
2714.11,659.039
1500.79,2877.45
-297.682,1714.26
1850.45,-3073.26
-2667.33,621.919
-119.458,-599.096
-88.5789,-930.221
-48.0329,416.15
-1614.78,819.051
1320.43,-2604.95
-1737.25,772.95
-798.279,211.225
730.545,-1929.87
-3341.64,548.376
3104.01,-2611.15
-3690.13,3402.69
2107.13,-2191.67
-5426.16,-939.906
115.52,-5440.74
-5952.65,268.309
4111.89,-2775.9
-1861.64,5012.94
4605.44,865.838
-1111.08,1421.04
1459.69,-2051.64
506.568,474.958
1622.91,2949.13
160.808,2056.84
-663.944,-2528.91
-2437.7,-3280.74
-1659.26,-1262.16
-2583.48,598.98
2836.79,-2292.71
-3182.58,2969.3
4719.51,-1626.33
-1403.46,3359.79
3711.84,310.316
-261.056,1826.97
1691.86,-264.352
-1915.97,431.792
1351.79,-2251.82
-4723.54,955.116
-2865.54,-4438.89
-4419.64,-5822.86
-3543.95,-2585.59
-1961.2,284.783
1696.7,-265.011
-704.106,1962.1
1728.49,-426.401
485.391,442.191
-162.693,1218.53
1161.22,-511.347
-2978.52,240.6
-561.282,-3655.51
-608.535,-1447.09
-1013.33,2622.06
1778.9,241.085
-741.88,-171.985
490.125,-1195.56
-1443.93,684.276
3498.72,-616.112
-1693.06,4074.92
534.992,-1317.87
-4104.6,-3675.51
-3931.37,-4881.59
-4422.44,-2593.16
-374.159,-1734.96
-3227,1619.73
1764.17,-2670.61
587.463,602.389
1258.51,3660.37
3016.16,1539.83
827.892,781.214
-817.413,-233.69
3021.59,-1797.03
-2011.44,4289.16
3631.4,-538.44
-1311.69,682.989
3140.65,-1002.26
228.027,3655.04
1685.42,1734.03
618.568,-1133.44
-1812.77,-929.843
-1052.02,-1502.41
-1811.84,-795.819
160.673,-1143.58
-4010.65,716.579
-1028.68,-4521.52
-3246.13,-2727.92
-1665.28,-338.247
-1680.64,153.838
1031.37,-2055.43
-1619.36,1057.61
3656.95,9.22842
2517.42,4148.43
2709.57,4023.27
3492.5,134.293
204.037,1034.69
3685.83,472.865
1783.52,4271.85
3376.67,2512.75
-2837.21,595.733
884.824,-6340.9
-5718.48,69.4808
1375.5,-1673.2
1080.54,1642.47
-1805.1,3261.26
1013.82,-3969.15
-2732.64,-2155.71
938.389,65.3454
-1553.9,3340.76
3910.44,-1943.24
-4343.24,1899.3
2206.28,-3896.44
-5687.69,675.39
-723.754,-4060.8
-4759.78,-2286.97
249.797,-2808.23
-1467.92,2260.32
4400.99,1020.28
3433.09,4087.63
2479.04,4293.21
4268.82,-85.0543
-144.129,1823.74
4296.69,264.427
-706.389,4235.04
1094.44,-879.516
-1900.34,-2810.83
-1604.97,-1954.05
-54.4362,385.415
-888.925,1812.99
2197.19,-1492.16
-2109.08,1131.87
4489.5,-1227.19
-697.018,5069.05
6039.14,810.751
-1787.71,3429.63
1720.24,-2922.49
-4650.81,-1343.52
-194.927,-3666.47
-3904.45,605.99
87.0953,-1831.23
-783.92,-728.369
552.37,708.624
2484.37,1600.18
2642.79,2987.52
2659.21,2449.08
810.109,1001.91
712.487,-1147.07
59.7639,-18.2762
-630.383,1233.33
415.904,-803.671
-3716.01,-815.385
1413.09,-4430.09
-1937.13,2441.66
2578.2,1917.05
-685.988,1207.5
4332.08,-2616.89
-3344.71,4669.17
7751.22,-1503.45
-4172.61,5962.52
3455.3,-3693.81
-5388.93,-1623.41
698.126,-3854.57
-1939.6,2087.93
2716.53,1374.24
-476.024,1733.8
1215.84,-1767.86
-491.243,-167.537
3946.04,1294.69
3935.42,5981.12
7350.26,5132.9
2184.48,4987.38
3200.8,-1311.9
-1317.21,-491.281
162.966,-449.678
-3002.38,540.963
519.069,-3742.94
-5531.58,-290.457
2138.76,-4003.27
-3107.81,2819.25
3275.04,-70.5737
-2201.75,1624.94
2123.13,-2772.36
-1268.56,1115.91
1761.75,1172.77
-2592.18,1295.94
733.427,-4677.42
-3621.82,-730.565
610.3,-435.214
-30.6156,1432.91
2603.66,588.604
718.464,2306.14
6253.13,883.773
204.164,6614.56
5458.62,193.12
-2709.01,1027.83
1577.1,-3705.77
-3427.9,778.518
894.863,-1009.78
-1857.4,233.941
-482.472,-1588.85
-3286.76,-1196.89
2483.18,-3048.56
-4116.97,4253.17
3065.95,-2320.63
-3531.75,-352.641
150.157,-2563.22
-821.887,233.338
-1412.51,1360.08
-1209.85,-2235.69
-1081.08,-3312.15
-5283.54,222.098
143.795,-4186.61
-1702.57,-580.315
2863.28,1871.4
-219.831,4656.68
6117.59,-1499.87
-1304.59,3835.45
7721.91,503.357
8.02715,7054.07
5546.09,542.909
-1320.79,772.492
1570.59,-2041.73
-3443.01,1104.6
2245.63,-2584.1
-4005.04,1563.68
2176.9,-2772.95
-1655.51,1065.72
1816.07,692.334
87.0789,1474
2515.51,-257.477
1047.05,2121.13
1854.74,2099.62
1250.59,761.159
767.168,-148.793
-3928.85,182.086
-671.59,-5387.63
-3676.16,-1876.58
-697.576,-11.2388
-711.474,674.791
3426.42,-817.839
50.8151,4081.63
5951.36,1614.44
1779.52,4529.46
4960.33,1715.52
-1971.17,2592.78
1714.05,-4024.46
-5041.93,-742.386
325.67,-3061.73
-2547.77,664.815
-2358.19,-591.15
-721.373,-4181.36
-2052.13,-888.588
212.14,1198.28
475.868,1192.48
396.629,-424.467
-793.446,-671.386
-2274.38,-820.269
2478.41,-2523.5
-1897.1,3985.86
4413.63,386.037
-3491.24,2044.05
5615.67,-4742.85
-4317.37,5223.1
5844.44,-470.618
146.952,2808.31
4843.19,1421.26
2380.45,4274.73
6923.74,2869.73
365.984,5867.83
3196.21,-1396.97
-961.27,-1471.59
-2316.88,-24.4004
-649.261,-1888.56
-1665.98,-1230.33
-2446.03,-711.178
-1631.77,-2444.4
1704.76,-1807.34
447.448,4665.66
5279.62,3100.39
652.492,3068.55
759.487,-1675.92
253.522,-2060.81
-1049.86,1882.34
731.161,744.357
-2444.8,-960.415
-1516.85,-4297.19
-2976.52,-1705.83
-457.374,-111.517
-542.318,894.436
2132.69,-527.002
1459.97,2128.43
3018.9,2942.61
4211.98,2557.59
85.2509,3296.52
259.996,-2058.19
-4453.85,-3215.37
-1988.63,-4482.7
-3751.53,-156.035
-233.568,-916.6
-1896.94,-427.1
2131.62,-1721.41
2180.4,3364.35
941.124,5068.1
2957.93,-1611.69
-1943.84,-988.688
519.364,-1068.89
-1899.56,1547.91
1968.14,-1466.36
-1640.16,1053.98
1428.4,-695.353
-1601.27,829.033
4416.7,-1341.41
502.933,5316.97
4630.14,2590.97
1996.35,1434.46
897.668,478.168
2981.52,15.7388
-369.711,3754.49
2012.76,-213.355
-3121.64,-1025.29
-3468.45,-4288.05
-3185.09,-4251.08
-1418.81,-542.005
2110.66,2185.49
-120.2,3566.19
4479.19,-2040.64
-1899.53,2639.15
2491.01,-365.125
-3908.58,718.522
1128.98,-5037.11
-4503.04,464.593
1186.62,-1253.49
-4402.51,922.373
1365.95,-4863.46
-4726.65,557.847
5126.23,-1613
954.683,6509.23
5386.55,3537.95
5657.98,1457.32
540.59,4695.9
3693.85,-234.066
-948.721,510.706
1098.4,-954.249
-2970,898.311
165.66,-3175.98
-1346.03,-903.239
477.346,1253.78
3415.39,1680
-1875.07,3602.97
3243.98,-4011.32
-2102.68,724.989
3848.14,1258.74
-853.256,4681.33
5306.36,-2016.55
-3571.56,2613.95
1359.03,-2728.54
-2099.31,-979.271
-286.399,-251.216
-498.07,480.508
69.9563,-438.465
-1575.53,-469.187
2918.2,-1713.84
2468.45,4545.85
3570.29,5618.4
3894.29,969.983
738.954,73.7161
-232.195,192.933
-920.349,-398.757
-4031.96,-1637.23
-1039.54,-5424.69
-2000.59,-226.988
-285.165,2543.4
-2568.3,-202.565
18.6069,-6181.74
-7392.91,-268.275
1415.67,-4248.6
-3480.16,1823.87
1911.48,-520.52
-3625.48,671.705
76.3976,-4525.62
-4172.02,-944.192
-169.123,-1414.84
-1408.35,499.251
-1656.72,-607.384
-772.956,-2923.72
-54.3767,-643.824
2299.8,2861.45
3979.76,4101.34
1754.8,3020.23
2375.09,-1350.1
-2478.2,277.243
1497.88,-2052.97
-2187.99,1662.45
529.996,-939.387
-3230.86,-1069.12
919.161,-3630.8
-3128.98,2101.36
2481.42,-647.62
-2486.03,1254.7
3603.94,-2680.49
-2006.87,3638.33
5688.64,202.687
214.156,4367.45
-966.653,384.199
686.449,-5685.66
-5314.62,199.07
-2013.82,-1862.94
-1194.12,-3297.37
-530.702,-27.0508
-384.526,2498.76
4972.77,-295.071
1951.73,4564.87
4044.27,3477.03
2405.45,1407.18
-911.081,63.2208
883.686,-2606.7
-1471.52,1032.04
-423.809,573.097
-3909.74,-1744.14
-1760.08,-6208.69
-5076.12,-1164.05
788.282,-1035.52
1123.57,2154.73
3304.35,2773.47
594.803,2634.8
2213.9,-1745.21
957.822,478.784
1242.95,3175.99
2944.02,1431.57
-1694.58,1017.62
-650.045,-3760.13
-944.516,-2070.6
1201.62,2381.36
1490.9,3827.07
6320.89,-72.2095
859.586,5144.72
5182.56,1556.74
1734.58,2252.04
444.086,1013.37
-928,-1593.83
-2587.95,-2374.48
-2123.66,-2135.79
-5147.13,-738.439
-1390.78,-5184.97
-6089.56,-1385.73
-181.398,-3456.31
48.2544,1050.89
-1215.84,3521.16
3447.67,-2719.96
-2782.57,1313.27
1972.9,-1175.84
-3370.25,1432.43
-205.543,-3567.31
-7288.97,-1815.19
-1109.83,-6759.01
-5521.05,120.613
2843.03,-1046.64
784.52,3865.99
3400.71,2203.69
1088.36,964.946
3280.4,-635.177
348.503,3674.6
2540.92,1158.54
-2705.25,-80.8176
-2633.53,-4979.77
-4580.31,-3656.58
-3068.98,-1504.6
-2458.89,-679.493
181.468,-1967.68
-2221.72,954.747
416.958,-1181.03
-704.65,-348.268
1430.06,178.136
-585.328,2375
2522.85,-1041.07
-2525.54,1215.75
2388.27,-2562.87
-5044.67,2212.86
-281.982,-4593.09
-4166.51,-2546.79
-317.084,-1286.05
-305.462,2118.76
3269.28,830.082
1225.05,2496.01
1828.16,868.021
4149.85,61.3343
245.737,4989.26
2885.5,221.722
-237.22,-907.305
-2596.88,-551.045
214.918,-2760.91
-1773.51,897.314
2498.12,230.558
-3493.63,2662.21
373.298,-5201.71
-4983.06,-2050.28
3065.01,-1852.3
602.222,6408.78
6497.24,2598.94
1469.58,2752.27
2942.91,-597.85
-1593.58,1417.66
910.624,-1695.65
-4149.31,-70.2476
-923.973,-4170.04
-1026.43,-1151.79
1552.42,2722.32
3658.08,3286.42
2705.41,2368.67
1550.39,457.065
1688.98,-228.895
-343.103,1921.73
662.534,-315.478
-2153.9,-948.303
889.393,-2733.33
-3808.64,2329.42
2720.81,-2739.78
-3700.15,1658.02
2475.25,-2581.93
-4402.91,1972.51
3234.01,-3730.92
-1662.58,2706.08
1016.41,1309.65
210.838,-1269.97
-1452.62,-996.517
355.814,-779.413
1032.44,1508.04
1375.68,2218.5
507.163,414.1
2574.43,-1522.98
705.554,3230.43
5470.49,2459.85
2360.54,4471.57
2987.05,799.611
-403.317,-262.838
-2330.94,-1369.52
-479.674,-3012.42
-2377.32,759.022
-1473.47,-342.898
-1842.76,-2802.5
-1493.93,-2200.89
-3740.71,770.112
1264.79,-3097.93
-4442.53,1140.6
1729.17,-3229.38
-55.5095,1390.54
928.165,3104.87
2656.43,-141.726
-333.467,648.951
1570.54,-376.149
-2973.33,1606.32
2348.49,-3880.8
-3580.59,1812.12
1685.94,-1233.85
-735.021,614.588
2930.93,159.152
307.45,3530.63
1560.33,221.675
-1068.24,-1320.63
-2577.15,-1716.43
370.81,-2307.91
-5394.21,2297.14
2376.63,-5345.59
-5960.74,1139.53
-467.994,-3098.2
-1334.52,-1770.29
-1296.39,1216.49
801.862,-65.4519
-625.497,-80.3221
496.368,-820.032
1148.74,782.504
2162.51,2443.05
-1249.75,2275.5
953.079,-4207.56
-3952.63,-925.583
291.843,-1383.64
-2251.67,1335.51
1287.8,-1799.44
-3441.95,481.096
419.582,-3066.15
646.114,105.082
135.866,3977.5
3255.04,99.4506
-1144.67,625.572
1531.53,-1708.9
-1602.39,1530.76
81.606,-550.073
-2076.06,-1424.91
-3502.26,-2397.04
-631.521,-3540.09
-3734.46,1479.21
1142.08,-1737.6
-4297.65,117.774
1760.39,-4333.69
-1255.27,2345.61
4904.7,2576.7
1727.62,4596.1
639.614,-106.328
-2967.07,-3686.25
-2496.89,-4089.4
-1936.7,149.054
1877.88,1345.41
2973,2498.79
1152.5,2844.22
3246.59,-897.299
623.657,1745.68
1144.53,1751.17
1079.77,-145.912
488.192,-231.01
804.331,827.871
545.851,1355.85
-153.466,-70.9074
-6021.18,-1537.37
-655.448,-8413.78
-6894.14,782.788
3293.12,-1375.17
-1026.2,3945.58
4859.52,-183.088
-864.272,2943.78
3389.24,-1130.96
-732.441,1872.79
1607.19,41.2277
-1487.26,414.901
290.354,-2160.55
-883.167,30.3365
-1333.18,917.472
742.248,-1922.73
-1885.34,167.063
3957.53,-772.065
2283.81,5431.59
6585.34,3885.32
3612.11,3804.02
1953.9,1117.42
-72.1118,-1082.59
-2655.2,-1193.03
203.555,-2655.03
-5329.64,1619.98
93.0229,-4912.51
-7033.52,-1240.33
-1232.38,-4995.62
-3586.98,-262.368
-95.6023,-56.718
-1001.38,195.021
932.716,-1376.49
694.547,1158.09
2875.51,2271.29
1917.75,2812.71
1810.39,297.232
1247.65,-313.398
-1455.35,1469.43
2705.01,-1852.07
-665.727,2440.01
321.561,794.82
113.914,-1994.87
-1612.4,-560.086
1009.6,-291.746
365.275,2016.77
2161.59,700.343
508.628,1006.67
1018.86,-63.7348
-1850.45,460.252
-2693.62,-2534.5
-3357.17,-4104.66
-4449.66,-1965.79
-4014.04,-1987.08
-1431.01,-3530.95
-2938.34,221.15
845.198,-620.526
-162.489,1065.2
2216.21,281.193
1048.62,2037.09
1450.37,1039.83
-1476.25,-11.2505
2793.68,-3235.64
-2898.48,4186.31
3783.16,-1178.48
-1203.8,1307.16
674.092,-676.833
-1976.88,-255.4
5204.08,-2248.61
65.2242,7722.62
9475.05,1755.55
794.681,5605.42
2569.61,-1076.42
53.319,-1947.4
-2214.19,1204.94
-157.789,-1220.98
-3592.71,-1255.08
-1298.51,-3784.02
256.885,-381.494
85.1716,4183.01
2028.57,306.672
327.271,-1332.13
-564.997,166.641
255.845,512.885
1518.58,153.907
-1373.04,1656.74
1515.15,-2226.17
-2220.58,649.369
4740.93,-1087.47
-757.201,6158.83
5776.34,-434.143
-2044.99,2091.47
3131.03,-2723.22
-907.998,2484.84
4590.42,1198.55
-1160.11,4013.97
2432.78,-3093.53
-3640.15,-389.561
-1454.08,-2063.41
-1965.58,-1504.85
-3610.82,-581.541
-1827.7,-3514.46
-3499.47,-1773.64
-1522.97,-1322.81
1508.11,-306.458
2520.93,3441.96
3097.17,3673.22
3257.12,706.615
4963.08,733.945
590.649,6197.55
5275.88,-342.479
-2214.51,1319.16
2988.99,-3033.99
-1717.7,3106.55
6178.01,272.985
3054.84,5585.45
3227.8,3615.27
1056.58,-1246.31
-1288.69,-2119.29
-569.646,-509.378
-695.859,1385.52
-509.363,-499.086
1335.57,-2104.31
-1107.61,2515.81
74.27,397.312
-587.27,-2377.93
-3590.02,-1031.41
-436.137,-2628.42
6.84119,622.985
385.499,2612.37
4219.5,-308.848
277.406,3347.93
4217.3,314.553
25.4052,2594.36
3548.89,-616.215
-3427.23,2551.27
2622.91,-4514.21
-2371.74,1508.62
3897.31,913.984
2482.39,3961.84
259.915,2326.48
194.735,-3753.44
-3906.19,-1798.07
1246.29,-1742.1
-1168.36,3767.13
3117.54,-182.256
-4217.65,800.365
-2002.7,-5840.57
-5795.7,-3111.29
-2979,-2089.21
-2887.73,-760.34
-552.925,-1856.01
2129.31,80.6957
860.401,4849.12
6389.12,635.457
-1611.36,4183.83
2492.12,-3401.44
-1784.35,-382.237
183.361,805.035
313.616,651.696
-717.418,-374.268
-3057.19,-1556.17
-1165.51,-3810.63
-2563.47,279.506
-1112.72,248.373
-206.315,-1770.49
-2210.39,-339.241
807.765,-1360.16
452.536,1608.59
379.408,1879.16
-2356.42,-1097.96
-2592.6,-5074.5
-3810.78,-2089.77
-2492.35,-25.5376
-2081.33,-1216.52
-5133.71,-2563.73
-1246.1,-5772.09
-4538.21,1499.21
5571.07,-911.509
1068.55,6564.84
5907.26,1562.92
-552.047,1681.71
428.304,-2707.38
-1546.05,-820.108
-1718.96,626.134
-639.614,-1554.42
-3655.92,-1197.24
-157.403,-3505.41
-1114.29,1406.13
3728.1,1676.89
810.577,3770.48
3333.4,-1094.19
-911.671,1020.53
1014.33,-461.678
-2856.46,618.515
-3597.71,-3498.14
-4021.35,-5145.6
-4234.24,-1468.7
-1869.96,-458.23
-1493.66,-860.369
-643.385,-1466.04
-2811.39,277.704
1340.3,-2567.16
-1426.04,2027.2
2622.47,191.257
920.195,1693.18
-2065.18,955.479
777.337,-4772.37
-3044.74,770.989
-1472.9,443.753
-1324.29,-2656.12
-980.771,-1988.3
-2710.53,1628.83
4583.45,-2156.48
-9.33105,5153.02
3304.22,1349.2
-1105.15,-518.121
-1410.43,-2969.29
-1815.89,-1106.54
-469.027,578.826
-977.287,545.507
-2133.72,-1865.07
-1836.69,-3275.93
-2455.47,-247.366
-463.14,-57.4285
504.503,-300.298
-570.361,848.67
1989.99,-704.805
2707.61,1903.86
1165.86,4216.54
2558.19,-862.795
403.099,-616.217
-361.174,1360.31
2264.32,-147.004
-2024.22,1984.61
-187.014,-2983.23
-4025.28,-1682.81
-65.8076,-2564.8
-1265.7,2080.27
1133.53,551.563
-315.215,-432.741
883.569,-1075.29
1227.79,1715.59
-38.3276,2629.26
793.831,-2088.01
-4040.98,-1113.23
-1609.48,-3492.09
-1831.23,-557.426
1682.33,940.495
3065.5,2788.18
1277.89,2998.75
2961.4,-1571.41
203.913,1232.93
4547.26,1318.18
1758.59,4969.38
1566.23,390.458
355.303,-2909.03
-1567.37,361.317
-647.74,678.257
1162.46,-1311.73
-2975.31,1301.02
-508.166,-3048.26
-1425.33,-1485.22
-957.929,1250.31
2019.12,-15.7648
-758.612,1711.92
1126.93,-1399.36
-554.837,84.1724
1680.26,434.692
-3322.01,2492.93
-1070.91,-5383.19
-3700.7,-3104.37
-1781.31,589.191
203.321,746.223
1422.91,-345.43
194.295,1271.44
674.775,377.854
2529.37,-520.683
1068.8,3135.72
4074.23,1339.95
-1424.36,2530.77
190.035,-3845.28
-1956.2,-1702.53
-1744.05,1327.26
1123.39,-831.086
-3305.46,656.281
175.655,-3983.6
-4041.36,413.856
1656.34,-1885.59
-1345.14,2435
2269.23,-479.91
-2145.54,1034.91
-633.282,-2747
-1471.78,-1464.13
-1422.68,920.396
-2337.75,-393.063
-704.079,-4059.29
-1499.86,-10.8928
-605.734,2017.95
-195.578,-917.518
-1502.39,-2082.76
-109.566,-1005.99
1990.19,1984.5
4753.9,3351.97
1048.16,4248.06
890.961,-2603.54
-1074.18,-2743.86
-2340.61,1427.02
-535.556,-593.992
-2677.26,-1800.69
192.145,-3002.19
-4940.84,2852.15
3608.11,-4498.56
-1940.11,3113.27
3094.41,1034.25
-1282.32,1375.89
-1815.35,-3051.03
-2407.84,-3433.15
-3447.66,282.928
600.077,-1355.18
-2464.57,1059.67
677.408,-2305.25
-946.481,318.267
-631.77,935.111
2022.64,-1362.34
289.35,2066.99
2292.06,1318.89
1992.38,915.367
4641.6,984.57
867.358,5380.35
2304.68,-671.088
-2887.65,-1928.45
-754.834,-3335.23
-2831.43,1524.11
632.014,-800.575
-2178.25,-236.151
-2155.55,-2159.7
-1003.31,-2409.64
-1985.26,1228.6
-579.361,-408.591
-110.6,-1873.94
-597.975,501.679
363.28,964.933
-162.996,-27.6566
-420.529,-1189.13
-1648.34,-337.683
-726.851,-1035.28
-97.9013,-479.42
233.175,973.788
413.375,697.309
503.293,-503.199
319.701,12.8541
3592.46,682.822
1413.38,4886.55
4175.92,338.452
-2243.3,1045.12
-629.025,-3845.28
-1689.11,-1302.76
-1046.79,1691.72
2438.5,-391.801
-2566.48,2039.73
274.35,-3615.82
361.478,-1155.72
1328.24,4124.69
1721.31,2494.07
-1490.99,-1914.68
-2665.79,-4345.38
-3641.21,-1078.86
-237.579,-500.269
-533.073,1082.11
-265.406,-326.009
313.56,-1409.41
1530.36,820.427
-71.0688,3472.55
4762.36,-1721.29
-869.88,3503.47
5107.91,-566.876
2139.29,3686.57
4420.45,2539.03
-2281.42,2321.94
1548.98,-6418.26
-5884.36,1104.09
1183.73,-2213.67
-2077.78,1355.5
3164.48,-1166.86
-2954.21,3585.93
4353.77,-3879.06
-2075.02,3287.87
2428.46,174.687
-3622.21,506.535
654.993,-5540.71
-1871.81,1276.03
1993.28,2604.06
1768.56,1316.61
-978.337,-282.002
933.396,-2842.21
1140.4,1840.73
4706.95,3939.12
4758.48,4094.45
3940.86,1879.81
1260.82,925.834
1413.55,-528.592
2214.36,892.737
123.781,3472.94
-931.206,-1131.78
861.137,-4744.34
-5017.02,3204.44
743.85,-2768.72
-1312.43,-1457.68
-697.285,1046.7
2010.85,323.798
2223.17,1663.14
2096.01,2385.5
571.549,886.469
-1634.54,-1691.53
-965.886,-3007.77
-3097.86,935.173
1138.57,-1476.01
-3551.62,1270.33
2880,-3941.88
-2798.43,3606.61
7049.07,-1023.14
1849.2,6518.75
8716.63,1981.19
987.414,5437.08
2567.93,-1839.34
-2339.62,-1532.51
-1263.04,-1410.65
-4762.7,358.769
663.458,-5316.35
-4097.76,1684.27
2016.14,-823.56
-1620.63,1629.57
617.393,-1799.05
-131.162,-469.147
1643.36,1506.46
2568.15,2487.66
1241.48,1698.71
-44.0186,-1059.64
584.382,-1782.33
-1249.75,2140.76
2781.49,-414.068
-1001.25,1982.61
520.154,-1409.87
-2473.41,-881.467
3443.41,-2270.4
-454.618,6153.72
7071.8,351.209
-705.474,3893.26
2591.87,-2342.73
-3298.34,252.74
-1188.16,-2436.26
-2187.16,-1353.69
-271.506,-439.447
-1292.47,1233.95
876.088,-1539.99
-3668.82,464.758
-723.97,-3699.99
-3007.84,-723.667
-664.735,-399.828
1749.44,-100.193
-535.274,2959.33
-1109.62,-966.476
-4123.2,-4137.15
-4184.75,-4135.29
-3970.69,-867.537
-224.654,-1108.52
-1338.44,1011.68
833.764,-923.781
2639.2,166.238
1828.37,4453.3
4570.27,1474.99
1007.41,1665.1
1525.96,-649.054
-1922.47,625.381
-756.997,-2187.98
-3890.03,-1049.58
-5199.69,-2768.65
-4730.78,-5372.65
-3592.64,-2689.98
-339.538,963.098
-964.256,2454.55
922.95,-2645.39
-4086.73,-444.088
3894.99,-3474.33
-2828.66,6896.1
6108.15,-2111.85
-4741.89,2585.31
4193.05,-5683.51
-4565.72,4670.36
5769.08,-2016.67
-1364.3,4129.85
4589.25,-1062.61
-85.0386,2566.38
4923.93,52.6194
775.949,4345.02
2825.71,133.793
-14.9785,-408.295
361.492,-322.412
-604.489,987.32
-829.21,-591.366
-3654.8,-1840.62
-3328.64,-4151.5
-2374.6,-2118.5
-1787.43,1303.23
2556.87,-539.771
104.125,2468
1222.33,221.88
2457.09,-923.91
-1400.18,3347.6
1341.19,-1602.96
-2622.4,-1047.14
-789.052,-2045.87
-2054.07,414.835
1879.76,-966.909
-993.095,2524.95
4867.85,-1095.21
-315.155,4539.59
5020.77,-381.826
854.654,2561.63
1877.46,929.756
609.286,-80.0425
-1221.82,-101.746
-854.729,-1623.36
-2594.74,-724.793
-1634.83,-1826.24
-3897.11,-1018.04
723.383,-3537.93
-530.297,2633.07
3083.03,2308.63
1216.95,1476.38
2256.68,-1058.99
-2701,1905.57
3569.18,-3302.91
-3022.41,3798.31
-136.206,-1525.99
-2395.05,-3515.17
-3031.82,-1355.8
-418.402,-481.412
-745.603,1038.72
1683.87,-742.314
725.547,1408.38
3579.71,1319.98
1737.81,3385.26
5309.07,288.521
-1583.48,4088.76
355.556,-3239.22
-868.218,-3142.04
-2677.72,2429.14
1592.47,-905.656
-4050.32,321.384
243.473,-4962.01
-3342.49,912.546
2075.68,10.0528
-2030.92,2350.98
4599.97,-3489.67
-3941.78,4807.04
4443.64,-3019.63
-2889.89,2119.58
37.3676,-1491.45
-3018.42,-1623.06
1075.83,-2712.5
-970.585,3560.18
4259.57,790.609
1924.6,2356.03
2167.48,1424.5
2976.51,352.221
-538.962,2675.04
3235.93,-1627.47
-3887.29,2244.84
-209.793,-4183.87
-6728.57,-1705.48
-2231.38,-5085.57
-3360.22,-577.136
-4247.92,702.417
-1567.27,-5225.42
-5161.24,-2045.58
-651.821,-1809.65
-3805.49,1730.74
1428.75,-3742.84
-2556.16,911.524
2863.05,-171.738
-1794.12,3381.45
2872.72,-2922.51
-3773.17,1193.63
498.729,-2678.5
-650.938,-61.9769
4300.72,1514.64
3535.85,5878.92
3832.15,2629.43
2533.53,-967.651
-464.789,849.486
-161.734,119.134
-2903,-904.375
-3660.24,-3943.7
-6549.08,-3434.9
-2227.68,-4710.96
-3617.55,1250.59
234.011,-395.842
-3395.05,-465.508
1521.03,-4471.4
-1918.1,3323.03
4261.86,1110.12
-1405.65,2812.67
3461.69,-3816.12
-3479.28,2713.95
3947.57,-1790.91
-623.09,3268.88
2736.09,232.897
-1070.74,681.948
2339.2,-2101.56
-121.755,2868.24
5221.54,1255.29
1602.49,4326.75
2294.85,225.09
432.514,-1214.98
-2240.45,483.181
-315.132,-1999.69
-1137.07,-569.897
-3699.82,670.705
913.769,-4703.16
-4537.81,1478.74
-26.6531,-1886.56
-2936.64,-936.809
1149.17,-2255.26
-2307.2,3037.96
4828.26,-1585.68
-380.876,4064.83
3652.68,258.941
-1460.69,1182.67
-344.081,-2595.51
-1740.7,-1295.84
-1026.97,306.025
1115.97,-146.606
-940.258,1388.72
5843.6,-1660.48
1947.57,6943.27
6620.74,3215.66
2064.99,1964.61
3405.62,-988.6
-3253.38,2994.61
4759.05,-4291.36
-4864.88,4505.24
734.671,-3227.28
-3144.18,-2796.47
-1234.32,-988.978
-2387.5,1405.63
1194.98,-2486.24
-3959.71,783.399
2191.88,-3338.55
525.937,2720.56
4501.2,3559
1274.52,3308.38
-27.5586,-2202.53
-5050.98,-2999.42
-1479.12,-4649.92
-2182.13,1600.6
2834.99,1372.68
-320.882,2436.68
3854.85,-2352.15
-1920.74,3304.42
3219.99,-976.159
-1334.87,1490.11
1124.57,-1244.65
-3457.52,437.1
53.0408,-3736.26
-4986.1,337.159
-1286.86,-3277.05
-5067.5,-1411.33
-1102.35,-3666.43
-845.714,416.859
-471.411,2518.15
2452.53,-1348.84
-90.0046,1077.4
3453.88,838.632
2270.69,3631.87
2012.17,1822.48
-2195.71,-922.221
-661.401,-4925.49
-5848.07,781.236
3614.58,-3562.95
-2232.12,5020.94
1916.34,-261.158
-2537.07,-2038.51
338.786,-3292.1
-1281.98,2951.38
2298.45,1125.61
409.41,262.951
2058.99,-787.755
-1150.03,2742.59
-1546.04,-1061.63
-2773.94,-4650.35
-4731.69,-2204.32
-4310.46,-1518.61
1072.15,-3592.68
-637.196,3554.79
5044.13,2097.3
983.981,3401.6
2279.27,-1354.37
-756.378,-84.9752
1969.34,59.3431
-2495.92,3043.3
404.856,-3952.53
-3729.63,-1819.82
1451.43,-1284.52
-2854.32,4329.93
4983.75,-3434.08
-2899.96,3290.11
5597.52,-1475.19
1712.36,4796.98
4472.2,3022.76
1206.7,1161.59
395.325,-1646.6
-4598.52,-308.635
1338.61,-4921.74
-1338.41,2855.55
207.961,2739.94
-349.127,-2668.23
-2525.84,-2921.93
-2558.25,-549.897
1634.79,-613.619
85.2268,3028.89
1311.51,367.709
3444.7,-1379.04
-1165.73,4592.96
3826.5,-963.077
-1451.92,1019.12
220.857,-1363.5
336.515,-555.86
709.967,1831.68
2358.72,1299.12
923.724,1333.36
1560.06,-277.841
374.733,828.364
2895.68,530.985
1482.79,3137.72
944.575,1157.63
639.628,-1986.96
-3488.34,13.5844
-1278.3,-2915.07
-3799.12,-1250.78
-3528.39,-2126.73
-5851.6,-3094.55
2426.3,-5871.46
-4339.96,7459.19
9008.24,-1401.47
-2023.38,5704.52
6254.03,-2607.33
-2443.66,3533.49
5281.68,-1618.69
-3488.32,4304.47
957.473,-3851.01
-3945.43,-2400.88
-2018.98,-1547.95
-618.892,-183.333
362.506,748.002
492.175,659.278
1668,-166.545
1629.43,1627.19
2488.45,2223.67
2069.11,1630.71
-1306.22,570.006
-672.077,-3560.78
-3317.45,-1148.65
-1008.86,-1004.1
380.176,-110.302
-1327.22,1638.38
1401.67,-1926.26
166.063,495.171
-418.132,2095.19
2133.17,-1291.19
1134.76,964.635
1900.85,2685.8
4919.37,1339.03
1808.65,4050.95
140.829,794.115
-2486.89,-3864.68
-2288.42,-3996.37
-1183.47,1008
-305.011,2367.22
2791.97,-1648.98
-634.445,1720.88
4219.42,345.731
-697.375,4281.61
3750.89,-1934.98
-3636.24,1328.36
972.188,-3489.18
-6798,699.035
561.995,-6228.61
-6429.02,1011.88
-214.276,-2939.64
-2789.66,-769.672
2119.54,-1039.53
-43.6883,3936.87
3064.07,549.017
1296.33,317.225
1133,1101.1
1600.64,1109.59
2116.48,972.891
-315.334,1779.01
-42.9401,-1599.07
118.389,-1742.7
766.97,1834.42
3012.26,2599.29
2567.44,2145.98
-903.405,827.248
1804.44,-3645.25
-1836.93,2042.76
1689.47,787.856
-5164.12,584.892
403.891,-8198.97
-7336.58,950.589
3009.54,-2372.8
-2611.09,3824.63
2774.12,-1752.1
-2441.07,385.751
2095.33,-1901.56
83.0658,2761.51
1043.2,1763.14
1594.81,-1433.26
-1598.43,583.212
646.182,-934.309
515.015,413.647
-372.715,1632.94
-1749.65,-977.614
-1383.66,-3999.31
-2949.33,-628.127
1861.21,-159.281
-1570.28,3420.23
4059.67,-2424.12
-1531.38,2540.11
2420.45,-76.3927
-2439.2,1016.69
-1393.52,-3452.66
-5366,-2574.67
-3161.14,-3868.05
-3397.27,-1427.29
-997.53,-731.19
-512.822,183.861
362.177,18.3085
2634.62,252.213
4812.14,3510.33
2575.04,6179.33
4538.35,-534.138
-1802.57,244.518
526.5,-2222.04
-378.517,707.952
1675.4,1557.86
445.263,1569.68
2063.98,-1169.54
-1548.27,1462.12
1046.33,-1232.28
-1296.11,206.123
2038.99,-740.12
-3803.57,2930.57
3924.12,-5048.21
-5536.6,3276.08
2406.11,-3210.18
-2622.23,608.193
1407.11,-670.698
-949.973,1542.98
2707.61,-891.853
300.775,2351.39
1896.6,1050.89
1064.48,236.904
2273.47,307.631
2534.91,2847.45
2892.57,2978.62
2347.49,948.478
2711.67,114.638
1061.12,2768.55
659.829,1144.57
-1360.32,-1878.26
-3898.67,-2866.69
1259.66,-3495.01
160.836,4941.12
2375.33,3343.03
3953.24,-1888.23
-2883.4,2361.73
3008.11,-2554.23
-3661.2,2249.75
2774.23,-2935.04
-3268.91,2052.34
1986.55,-1945.41
-3054.08,1055.12
1110.49,-2521.36
-1387.68,768.073
-1028.11,521.764
12.8328,-2202.23
-2540.47,-302.849
3118.07,-1470.95
-263.709,4853.61
2024.1,748.787
-2102.63,-1951.11
-3786.18,-3589.29
-3503.23,-3093.07
-1703.29,-1077.96
-2390.28,903.722
52.6933,-2291.19
-788.711,-633.312
1461.04,1155.68
2461.17,2594.72
648.9,2142.79
3280.08,-1955.33
-688.222,2585.57
1724.21,703.139
-2410.34,-78.7801
-4026.37,-4031.63
-5381.09,-5162.16
-5242.86,-3012.13
-2435.1,-1829.03
-2629.34,-49.7505
-482.767,-1777.01
-2159.76,-348.354
4316.03,-1413.79
-561.336,6636.95
5000.83,-144.695
-829.991,505.203
1394.9,-1321.28
-2936.53,1700.62
272.092,-2999.54
-3166.89,-886.699
616.036,-1464.61
-2242.37,2066.39
2946.82,-1973.99
-2646.39,2415.38
1896.36,-2103.86
-1986.19,572.321
-770.316,-782.429
-1073.73,-1497.36
-2601.65,-520.998
-3662.66,-1968.3
-1441.52,-4390.49
-3848.23,467.27
3141.76,-1146.89
170.342,4183.02
4345.54,855.757
-1016.92,1949.25
1733.69,-2643.14
-352.259,705.362
356.805,2021.51
-1309.15,-248.018
936.147,-3908.54
-3905.86,1992.92
1499.58,-1821.31
-3582.83,517.803
197.731,-3338.52
-3668.81,217.793
-437.458,-1853.06
-1237.86,-553.511
-716.732,174.621
-1267.05,-376.075
-2449.52,-1828.86
-798.827,-2914.52
-1068.4,983.103
93.431,1377.02
-595.459,-861.554
174.844,-2183.24
-582.087,1268.29
2486.89,1191.87
-1018.47,2245.53
4111.72,-2998.13
17.8706,3764.27
4444.68,2504.32
1765.13,2323.79
1129.64,-336.453
-3587.54,-638.686
-803.45,-4712.93
-3643.17,27.6405
731.439,-440.16
298.646,1157.28
301.537,759.803
2159.87,-867.146
941.207,2293.74
1549.18,1928.38
255.536,-254.955
-2002.88,-1534.29
-2227.83,-2413.87
-3859.49,-1248.66
-2764.64,-2773.68
-4123.92,-2177.57
-634.096,-2792.66
-1776.1,1690.44
2531.41,97.3961
564.472,1934.56
5231.17,247.17
1007.66,5377.86
7509.96,283.3
-480.706,5202.5
4230.99,-1811.08
-4329.76,1113.16
2584.93,-4683.52
-2360.94,3127.25
2708.52,916.601
-918.122,789.56
1406.42,-2437.62
-1561.26,1450.21
1500.44,20.6962
300.902,722.979
-1004.39,341.819
-1270.94,-2123.32
-3168.11,-1843.93
-2067.87,-2112.52
-3636.8,-676.75
-78.802,-2902.48
-3662.19,1039.02
3045.83,-2461.94
-94.9921,3568.04
1238.43,1939.29
2139.41,-2012.13
-465,1171.76
1625.81,1131.41
1244.84,1029.77
-172.723,510.279
-4651.62,-1164.21
-3245.59,-6874.03
-7532.48,-2504.65
-1494.24,-3429.18
-903.539,967.093
1173.22,2099.55
-535.135,622.654
167.297,-2956.75
-885.173,-123.671
-1353.08,1768.54
1589.31,-1942.64
-3258.88,831.331
2856.98,-2935.48
-5391.26,3816.89
2763.71,-5203.99
-5720.98,944.595
2693.54,-3194.27
-1082.37,3362.86
8188.6,987.988
2605.76,8085.85
5956.98,1606.97
678.133,111.526
-150.525,-901.47
181.638,-306.294
-2085.88,1273.95
-1816.59,-2650.17
-4982.32,-3364.52
-2692.17,-3981.77
-1472.55,99.4288
1080.72,1962.38
483.127,1344.57
295.181,-1432.43
2182.29,-958.217
-1480.4,4638.08
4345.87,-1762.33
-4097.92,1895.12
2154.33,-4467.53
-4208.49,1837.85
2190.7,-1807.24
-3306.22,1719.8
2481.08,-3186.85
-3100.19,2269.66
3490.91,-1594.71
-175.536,2902.11
3360.83,889.157
-1171.24,1854.5
319.614,-2800.38
-453.311,-1177.73
-907.01,2247
970.078,-250.537
-2372.02,-733.322
1514.43,-3159.85
-506.098,3156.02
2460.83,2118.97
-550.739,251.194
604.544,-3025.89
-1331.38,836.212
2623.62,975.817
-3738.46,3013.27
-970.243,-6478.56
-6249.05,-3658.36
-4265.21,-1970.01
-3418.38,-1898.99
-2236.51,-2506.09
-4584.01,-804.172
162.584,-3847.18
403.853,1426.85
4880.1,4115.62
2934.09,5075.98
3554.34,-644.945
-3366.78,17.8217
2731.97,-4402.91
-2732.46,4407.37
1331.73,60.2846
-1083.64,-2348.44
-1627.15,-1424.3
-1658.93,266.22
-18.2282,-863.617
-3414.08,-0.0101624
561.805,-3989.28
-1189.87,1268.87
3192.67,2046.59
-791.6,3203.25
1894.65,-3609.47
-6084.33,33.9359
-8.62753,-5083.43
-3442.23,723.634
2474.01,52.0359
1473.9,2860.43
3530.09,1570.09
2491.22,1847.12
4712.54,1450.26
2619.39,4481.25
1459.75,1664.04
1576.06,-2726.09
-3393.16,845.702
-305.679,-2192.22
-4699.78,-730.793
-749.672,-4350.73
-3726.86,389.874
846.146,-953.668
-2063.49,1161.95
3613.8,-2269.34
-1693.52,4293.61
2897.7,-749.026
-982.023,-10.8729
731.695,-816.356
-1432.84,1218.83
-133.99,-1322.38
460.863,-1271.47
-403.671,2085.61
686.934,504.431
1603.09,-1205.18
1366.57,1746.07
3407.94,2781.76
3991.23,2629.48
3542.48,2350.03
2815.67,1888.54
1310.64,1262.74
-221.211,-251.74
1392.48,-1693.58
-3213.5,2515.89
3504.45,-3278.82
-6189.91,3146.53
919.941,-5915.02
-4619.91,-899.819
977.304,-652.404
1374.83,2480.57
2749.84,2249.01
974.401,1145.25
129.665,-1084.06
-481.043,-911.977
-4510.19,673.306
130.307,-5492.93
-6210.75,386.24
605.268,-3352.32
-3919.64,1167.84
2935.04,-2433.87
-3370.41,3478.02
5420.08,-2936.24
-1974.66,4610.44
5538.75,-620.404
-1291.88,3399.86
970.168,-1679.28
-1864.26,-1799.49
-1928.74,-816.86
-738.726,-779.07
-3016.66,9.65829
-514.685,-3438.25
-714.798,-404.041
3162.07,2345.9
3511.23,4634.17
1978.89,2162.31
2419.88,-2187.38
-624.08,1329.89
774.121,1100.18
-258.249,-262.139
-129.084,-1476.13
-1160.13,222.293
2100.15,-258.406
245.975,2799.55
5266.46,140.923
726.804,4599.26
4208.5,227.146
972.412,1269.64
2681.72,786.418
-2058.58,2522.45
847.355,-3992.48
-2745.62,-885.09
-531.77,147.536
-668.468,266.511
-862.135,-1050.32
-1405.33,-1336.6
-1720.89,-749.55
846.226,-1029.62
661.779,2051.58
-102.008,1811.66
1868.66,-2409.96
-691.003,1008.17
1555.47,1228.03
-458.69,1166.77
300.457,-2023.75
-3391.88,-459.349
2932.44,-2882.36
-557.616,4939.11
4878.81,1473.9
304.454,1885.81
1328.56,-1410.31
-573.986,87.4089
2860.19,419.428
-2856.64,4074.6
1102.68,-4855.1
-4860.73,-1914.4
-2627.39,-1848.23
-2828.46,-1382.96
-1540.33,-1902.21
-5586.92,-339.967
-1623.19,-5846.09
-1415.28,-1320.76
-1444.5,4043.61
3206.99,-1040.13
145.391,610.336
2356.53,972.584
84.034,2653.38
2332.37,-1212.69
-3313.94,856.495
1433.24,-3685.01
-5863.01,1778.35
4431.87,-4956.04
-2478.89,5114.84
4120.8,813.428
-23.3602,768.59
1341.56,-1096.61
2380.69,1098.95
-269.675,4363.26
1586.59,-1850.51
-3904.47,-1870.09
-3400.59,-3508.2
-3526.36,-2488.86
-2801.12,-1124.27
-78.113,-1281.87
-101.657,1188.54
3220.09,955.308
1164.46,3272.71
5599.67,175.797
-211.381,4599.73
5661.81,-1163.95
-1838.16,3551.62
1391.8,-1903.62
-3936.85,-1253.93
294.465,-3659.8
-3403.03,2149.79
6335.96,-1523.58
-6.23169,7017.1
6755.49,647.656
1617.23,2446.24
1108.62,1218.41
2897.05,-1108.67
804.318,2865.16
620.776,1964.6
-832.166,-2087.47
-2812.93,-2947.27
-3820.19,-1559.87
-4423.86,-2098.27
-1860.01,-4364.15
-3789.69,26.6825
-235.589,-915.806
-569.283,-134.496
260.324,117.002
330.729,505.245
-2012.75,393.906
-3209.14,-3254.86
-2468.63,-4548.9
-965.986,210.463
622.191,3244.24
2895.21,383.872
859.969,761.52
1045.75,609.607
3967.24,461.32
1557.21,4851.84
5207.48,1006.7
905.036,2334.24
1764.87,-205.433
1515.23,61.2661
-2590.44,2384.3
-281.136,-3942.78
-3656.99,-2212.6
-1032.02,-1016.13
-2874.76,1138.05
2513.25,-3199.61
-4108.39,2973.16
4985.1,-3173.24
-3248.64,4636.88
5863.73,-2229.09
-3158.13,4088.3
4125.91,-2929.8
-4600.18,2252.52
3348.76,-4012.48
-2434.08,2985.52
435.091,261.334
-1571.25,-2234.58
-1232.65,-2340.87
1586.13,606.743
1490.28,4542.32
2137.76,1154.38
-789.591,-1595.61
-2421.94,-2183.71
-3690.9,-1573.69
-3602.32,-2755.64
-3158.54,-3151.06
-3653.34,-1303.17
487.521,-1857.44
90.9382,2213.18
1652.19,1792.43
1827.17,-40.8173
-529.627,752.513
291.803,-827.323
190.601,-283.137
-1387.66,1153.88
-1228.66,-1701.87
-1913.87,-2672.3
-2249.73,-725.171
30.7692,-397.303
-790.575,908.702
943.509,-809.472
-673.815,527.998
2951.55,-326.665
-370.632,3704.95
2957.31,-637.103
-2556.7,628.706
931.4,-3165.94
-5342.89,1172.71
1192.71,-4536.58
-8623.29,1297.26
-1050.61,-7730.84
-7037.23,-1773.78
-1209.52,-2048.05
-4393.54,602.474
1250.91,-4197.91
-4586.91,1727.73
446.139,-2445.27
-378.034,-782.507
-301.731,1944.67
2330.05,182.312
-1358.73,1401.9
1890.95,-2329.34
80.9639,1437.75
316.806,2290.35
-150.753,-1102.85
645.699,-2481.52
-2562.38,2235.43
2838.84,-1376.42
-315.676,1947.73
863.237,706.019
-436.881,-735.286
-1368.81,-1270.88
-2169.56,-1050.36
-1730.95,-1641.24
-2724.26,-1151.58
-2909,-1996.77
-1912.6,-2705.1
325.354,-486.591
-166.754,3260.3
3684.58,-54.3202
-298.118,1969.89
1481.78,-650.1
430.175,153.709
-261.591,1207.05
-322.456,-588.701
2552.18,-1716
-2385.29,4379.94
3074.38,-2076.14
-876.395,186.737
717.654,695.311
449.482,808.784
3928.25,-257.311
-1229.84,4784.06
5307.79,-2016.56
-6339.07,3065.11
-1637.49,-7204.54
-7815.79,-4589.48
-1827.3,-3535.38
-714.043,2434.69
1716.33,2408.11
980.933,-129.029
-603.946,-1050.24
1677.01,-765.581
-1855.06,3542.62
4661.16,-2248.71
-1371.28,3269.1
4192.85,-150.517
-249.4,2722.44
2772.01,-564.684
-704.119,1256.28
3696.13,-703.539
2390.61,3947.74
3081.65,3674.77
2940.26,63.7608
286.867,369.446
235.037,218.018
1134.87,-95.7586
559.811,1364.28
-326.375,794.222
-1308.25,-1838.39
-5804.6,-2341.84
-3221.73,-6091.93
-1556.58,-1646.84
-3052.73,4195.78
2397.67,-2919.18
-3120.49,-419.569
2150.75,-1641.95
-1507.91,3717.63
3734.96,-904.873
-715.543,1694.42
5158.57,-522.318
-1808.17,5717.8
5248.65,-2698.04
-1673.16,1965.4
-0.0318604,51.2689
-489.633,-1892.97
2767.64,-746.325
-530.199,5870.91
5060.82,-530.521
-250.156,1337.94
-265.478,-36.7564
100.386,-1706.32
-1805.64,318.58
-2219.41,-795.89
-3959.55,-3243.95
-2930.82,-4498.22
-4082.02,-448.96
509.019,-1179.37
-1703.45,1408.63
3664.12,-1431.11
522.426,3876.91
3407.59,1755.82
-569.725,862.917
1364.27,-2759.12
-2246.38,1289.95
690.275,-547.387
815.196,-240.637
-2576.44,1774.33
-1392.53,-3466.81
-3232.25,-3385.01
-3579.56,-778.725
745.658,-1558.03
-1270.48,2071.29
906.046,-395.143
-120.941,-723.255
-363.776,240.59
-2264.22,279.176
-792.334,-3416.1
-7344.17,-900.119
-42.4087,-6894.85
-5995.36,1641.22
1278.04,-1712.18
-2864.92,558.686
3312.36,-2525.67
311.379,4334.26
6940.34,2400.83
465.358,5336.76
3142.19,-2344.98
-3090.09,-682.612
-202.503,-2093.15
-2473.01,691.292
1829.1,-1495.15
-698.825,2078.18
413.71,327.17
1756.7,-1545.44
161.718,2212.26
2959.52,1503.76
1363.66,1847.31
3042.49,128.134
-1171,2442.73
2433.6,-2091.74
-4434.52,1293.32
-2868.2,-4227.66
-2601.29,-4898.19
-4428.27,1036.24
100.221,-1330.74
872.498,-704.59
-673.824,2618.57
2991.83,-515.413
1184.03,1620.12
2036.53,1930.6
2400.06,1035.48
328.257,1327.3
247.896,-733.041
-1280.09,-904.875
-1222.45,-995.651
-1644.07,-666.752
-1015.18,-1213.64
-179.098,-639.77
-550.508,1050.93
1595.62,-246.056
-3577.69,1371.19
649.679,-4966.35
-7348.31,207.484
-455.349,-5443.3
-7320.48,-34.5327
-419.357,-4876.32
-9141.37,292.792
1401.53,-8098.59
-5777.49,2633.35
1641.94,-321.959
104.9,-95.0716
686.776,394.345
-276.484,1052.62
2636.52,-947.018
-990.653,2762.24
-268.11,-661.491
-1675.92,-3022.19
-6163.71,-1358.5
-127.773,-5571.99
-2502.58,1716.38
-1281.05,1995.22
1830.93,-3594.98
-1881.25,862.377
-1926.81,896.703
-549.014,-3548.65
-2643.87,-1366.14
-687.8,-90.576
658.752,459.911
-1558.97,1072.81
211.389,-2739.95
-3027.21,-505.47
-362.291,-1513.97
362.409,144.737
1209.53,1992.61
946.023,1434.48
741.058,-781.069
1934.88,-443.286
1728.05,3457.88
4599.39,2517.58
-186.801,2882.07
2237.05,-3136.49
-3502.74,550.589
2400.73,-1996.45
-1231.97,3092.3
4286.34,-109.344
-2097.76,3083.24
4751.31,-3288.07
-680.162,3871.74
4247.31,1870.73
-296.937,2084.05
1795.18,-2563.55
-2825.08,659.016
-446.152,-1500.47
-2464.3,-1069.82
-5201.44,-1773.01
-2367.73,-6065.07
-4440.42,-1028.58
1449.92,-146.95
3949.54,3096.64
1948.94,5481.13
4576.89,-862.647
-827.324,998.221
1139.08,-544.711
-1548.82,719.153
-293.345,-1708.67
-3445.57,-878.921
1910.42,-3177.9
-3308.7,3967.24
2939.12,-1861.79
-2965.06,494.036
1343.4,-2499.5
354.691,1611.15
4440.85,2731.69
-173.657,4533.8
1185.8,-3371.89
-4009.84,-2553.33
-3725.46,-2092.86
-1793.19,-2420.82
-2775.49,-106.105
-2428.15,-1353.99
-2671.18,-3070.52
1814.7,-2251.16
-609.334,5860.18
5953.93,808.822
1387.88,2491.99
5725.82,599.867
420.769,5505.91
6160.99,-733.407
-1868.31,3301.52
804.116,-2341.54
-1765.95,-1902.59
-738.309,-58.6392
-98.923,930.224
229.246,-111.645
-2700.39,-495.123
1273.7,-3737.12
-1002.5,2630.87
4944.02,1945.54
940.205,4258.84
408.488,-1041.01
-2564.36,-3559.15
-3119.31,-2287.7
-2125.59,-547.903
533.878,-588.864
-2157.53,1503.95
3433.64,-2703.52
-795.396,3618.91
8519.12,902.186
-241.404,8414.24
7431.05,-2335.28
-1426.85,2296.84
2666.44,-201.947
-3051.55,1657.19
756.676,-4330.17
-8200.7,65.7883
316.363,-7307.72
-1569.44,1119.87
133.151,4999.06
3781.99,-1263.73
-2008.81,483.817
1197.7,-1777.79
-520.882,1386.85
1151.77,889.966
-2665.85,308.8
1636.67,-4769.17
-6488.9,2543.24
3727.01,-4705.03
-3646.15,3270.11
667.881,-737.522
-2183.2,-2114.83
382.066,-2291.85
-583.251,2827.11
3881.76,1230.77
38.2086,2628.91
2700.18,-1461.51
-654.336,1263.44
1638.89,369.593
-770.636,1078.43
-1.9978,-1543.75
-2431.4,-938.515
1183.3,-1891.17
-1185.36,2776.1
2709.27,10.6502
-1571.71,1126.42
2065.34,-2396.66
-3630.12,2011.96
1215.54,-2890.4
-6760.71,63.3356
-2071.03,-6649.84
-8074.83,-2396.79
302.469,-4645.85
-4417.88,3294.41
4864.92,-1850.38
-1389.68,3794.43
6526.8,-526.504
3001.39,5414.27
5082.3,4295
2898.36,1479.49
718.683,-392.431
-838.397,-500.391
187.809,-798.423
141.333,814.216
-2344.78,1026.01
1028.13,-4200.35
-4697.9,782.319
2296.7,-2564.96
-1219.45,2723.36
2414.7,608.993
54.6113,699.81
1990.14,-675.031
-3264.76,2224.48
1905.21,-4124.62
-6099.44,860.26
990.664,-4604.88
-2155.09,905.895
2473.67,1439.72
2433.7,2536.02
2281.07,1803.19
1851.06,527.86
3329.33,663.315
2543.12,4051.83
2683.43,2647.7
3239.59,-489.555
-2075.14,1936.9
1137.99,-2622.85
-2298.67,-123.514
-4064.89,-549.408
-3115.94,-5465.34
-6467.9,-3377.65
613.194,-3491.81
-1994.5,4603.94
6018.55,298.576
-1770.99,4002.91
5856.33,-3297.3
-3910.32,4567.71
5246.91,-2713.5
-4691.06,3181.64
1654.71,-4209.82
-3397.76,-497.556
1780.89,-660.497
2758.3,3051.93
2456.19,4368.03
3236.81,156.225
2658.52,94.4877
3393.6,3454.83
379.146,4528.38
1820.63,-3170.71
-3675.58,-1774.68
305.674,-2019.28
-2325.59,2405.19
-601.971,-1340.34
-2402.79,-3104.16
-4156.79,-1846.89
-32.2117,-2658.44
-1533.96,2021.06
1222.5,392.183
-1083.41,-242.88
753.354,-1963.25
-1105.8,1427.15
2965.9,260.784
58.7026,2783.17
1722.5,-385.704
712.673,-352.578
-627.566,1379.18
2077.41,-649.53
-396.196,1605.37
2952.79,-86.4831
1998.76,2534.69
5311.03,2625.79
2182.19,4781.07
3934.18,61.6561
-1285.35,759.965
2238.81,-2066.5
-4162.77,2624.19
1876.32,-4023.28
-4798.6,408.643
3146.8,-2906.74
-4451.28,4373.63
4621.11,-3724.72
-4660.22,2495.76
913.327,-3067.83
-1275.36,-985.45
-1347.32,1298.71
426.698,-938.957
-21.8763,-644.351
-1686.49,946.734
153.924,-1766.71
-2859.31,-607.628
2278.87,-2303.66
-343.957,3936.39
3007.99,1638.85
844.986,273.226
3608.45,-554.822
1982.39,4796.32
3642.07,3132.26
-1375.33,276.376
401.116,-5144.44
-7623.88,561.133
1390.29,-5680.15
-5832.7,1757.38
2117.32,-2667.53
-4036.3,1451.51
1723.39,-3130.21
-1630.55,1134.45
145.715,773.488
-1866.36,-895.29
210.866,-3399.72
-1956.11,1306.22
444.57,600.118
1492.05,-682.16
-665.922,1524.47
3317.66,-344.737
1607.36,3161.77
2965.86,2487.59
1064.83,958.234
2643.32,-1066.32
1148.04,2770.98
3061.19,2568.67
1346.66,1480.68
-937.915,-717.585
44.485,-2811.12
-3127.86,887.996
1705.5,-1653.46
-2464.48,1631.03
1058.31,-1900.2
-2920.71,-26.2159
3512.15,-2290.87
478.62,5065.67
2673.25,2791.23
1503.02,-1358.05
-4351.58,-617.438
363.953,-4807.17
-3995.51,1325.71
2255.74,-902.603
-3277.03,1972.07
2053.74,-3818.17
-311.07,1040.74
2699.2,3302.82
-404.84,2730.25
2921.3,-3978.32
-1999.21,1490.09
3266.91,1060.2
1228.84,3121.37
1196.08,585.893
-3903.94,-1409.97
-1981.63,-6073.05
-5627.88,-1197.49
908.895,-1858.87
-2502.61,2603.41
1340.8,-1749.14
-1261.58,-633.746
561.137,-47.1265
-1521.49,1460.55
-346.182,-2131.25
-3302.49,-1856.71
-556.274,-2497.07
-1897.73,1174.36
1752.8,-222.143
-2125.69,1357.41
-980.558,-2816.66
-85.8295,-2667.71
-1015.03,2764.02
1581.01,1164.21
2950.88,-571.969
-385.019,3003.82
4593.35,-117.034
-154.614,3500.48
260.665,-220.292
-4160.11,-3073.96
-3833.25,-5558.25
-4722.93,-2128.09
1464.86,-1052.16
-261.846,4288.35
1194.95,549.599
326.571,-2608.51
-2448.61,-8.14931
1732.53,-888.477
-1351.67,2540.52
1402.31,-1134.28
-1556.58,-482.086
237.45,-1082.97
-5465.92,960.853
2542.22,-6712.45
-7125.81,2984.05
5225.76,-3548.4
-1454.08,4598.6
3726.31,1285.95
540.704,662.691
2003.11,-596.575
-683.961,2179.96
1291.8,-436.018
-1066.38,-329.918
-3388.87,-1048.75
-4371.14,-4398.39
-5420.27,-4985.74
-5600.47,-3092.59
-1414.4,-2812.62
322.977,1200.23
1250.87,3244.8
2586.23,463.559
3872.9,327.313
-416.701,4972.3
4566.76,-1159.24
-1991.3,1552.64
272.396,-1770.24
-2039.14,-1059.95
1173.65,-1113.16
-2202.21,2815.2
6265.86,-2188.88
-1661.53,6155.72
7466.02,-512.176
1477.62,4418.36
2985.34,2352.48
-427.302,-257.885
-990.629,-2977.84
-1293.07,-1056.25
669.709,1174.26
-1147.86,2014.12
1178.5,-2865.08
633.031,-280.638
-397.348,3752.66
3704.22,-419.932
-1497.5,1521.8
1005.32,-1794.31
-1708.34,-19.9217
2648.2,-671.842
-4198.83,3857.39
2248.53,-5397.91
-3110.73,-487.761
1275.27,961.981
3448.3,2270.98
3393.37,3823.65
3602.68,2385.32
3856.97,1147.94
5249.98,2941.86
3288.51,6127.45
5661.12,1440.22
803.906,1792.24
-1587.73,-402.824
2037.68,-4073.41
-5848.25,3503.59
1941.14,-4347.02
-6012.94,-456.14
2489.06,-4219.28
-407.496,4172.33
5848.1,3409.33
-1198.18,4048.39
2375.43,-5314.19
-4830.56,-472.19
2874.01,-1590.73
-2735.15,4681.22
2496.5,-2452.2
-5115.04,-987.603
1323.19,-4813.58
-5023.83,3078.6
2094.99,-2390.32
-1974.2,9.26806
1012.59,-437.468
3058.66,1418.33
4731.89,4679.69
3971.19,5122.43
2527.35,777.607
1785.22,-1625.11
-2737.85,1778.17
405.571,-2305.4
-4839.47,-1064.98
-2361.04,-4491.71
-4673.91,-2058.33
2228.56,-2079.02
-3375.26,5363.37
6378.37,-2924.61
-3082.08,3805.45
1934.47,-1618.31
-397.604,-993.875
53.4995,1047.91
-402.735,1060.87
180.535,-1636.81
164.433,-777.237
-397.454,1882.93
355.233,181.534
-48.6239,-1378.53
-2195.35,-212.068
815.556,-1730.95
-957.467,1420.22
2161.31,328.363
846.258,1632.76
2938.07,797.681
-2047.97,2523.32
1161.97,-3764.67
-7780.8,-738.674
-75.4717,-7236.59
-7585.27,862.791
2188.85,-3523.83
-2033.76,2358.49
4845.54,558.872
-1754.03,4517.11
3818.27,-3151.08
-2342.24,945.303
958.68,-202.893
-1077.54,433.034
-478.15,-1327.3
-233.778,-1092.03
-2052.49,1016.94
-541.964,-1814
-2868.75,-1748.37
-840.394,-2225.37
-1436.96,593.246
2300.04,182.305
367.971,2662.72
3192.84,295.712
-3162.74,1864.01
141.979,-4793.73
-6340.76,-1588.23
1.58545,-4164.47
-2307.19,1655.05
-1198.9,894.375
-1780.95,-3335.93
-2003.83,-3372.38
202.503,531.584
-611.967,3665.25
1732.86,-1434.23
-54.0979,-1198.66
-2103.61,1368.54
1600.63,-1795.24
-3255.02,937.273
880.779,-2827.76
-2814.19,359.049
895.642,-1163.53
-2046.59,937.929
2558.96,-1752.33
-2893.84,2711.79
5037.04,-2383.17
-1551.04,4436.41
4006.11,147.613
-4540.33,1241.67
-755.523,-6572.99
-7934.33,-2277.86
12.6829,-4645.29
-2861.41,2312.91
372.577,590.537
-1269.22,-1780.53
-1336.59,-2380.03
1464.18,-106.758
-1625.81,4451.9
2590.73,-2202.8
-2219.72,-779.241
1814.66,-939.431
-189.68,3346.66
1556.4,666.453
1248.03,-1145.57
-799.148,1098.61
1289.91,14.5974
453.31,725.46
1288.86,626.468
-851.568,1097.3
2214.87,-1829.99
-1735.52,2033.16
3852.91,-620.227
-2207.71,3411.82
901.976,-2491.85
-4312.36,-2147.93
-2395.56,-3612.14
-1967.42,-1256.04
-1026.35,822.041
832.703,-195.992
-1795.24,352.577
3392.56,-2338.72
-2451.25,4435.09
4614.97,-1108.19
-1151.57,2082.96
2982.5,-497.652
-254.886,2129.51
3747.48,164.939
-1072.21,3166.47
2030.89,-1645.8
-2153.63,-314.521
3208.13,-1380.95
19.8324,4832.44
2843.64,1465.12
-1403.55,-806.002
-1130.92,-3445.37
-2356.45,-833.903
-1.5545,101.071
-3481.86,805.412
-1478.02,-5025.25
-4613.15,-2958.71
-1132,-1528.19
-2974.92,1320.38
2061.51,-2669.5
-2248.1,1565
3644.79,-484.456
2355.41,3586.94
3027.07,3849.52
932.917,720.229
2234.73,-2512.33
-2748.01,2426.83
3827.02,-1352.27
-1765.88,2969.26
912.961,-1121.59
-2447.3,-1693.73
2130.44,-2337.76
-190.089,4685.27
7115.06,2116.11
1688.67,5389.35
3598.99,325.149
171.468,-290.819
541.708,-74.0935
-2141.96,1052.98
-3615.38,-2957.43
-2358.55,-6172.18
-4671.21,-393.927
-1335.48,-438.424
133.457,-1494.45
-432.537,629.019
-1292.32,882.968
3098.42,-2461.65
-3214.64,3507.54
4304.85,-2097.22
-3238.15,2586.73
1603.8,-2484.24
-2697.67,-320.78
3031.15,-1327.85
-2537.25,4596.66
1921.81,-2239.35
-2715.08,-1896.22
-2222.31,-1609.08
231.622,-1261.56
-651.516,1920.34
-20.7178,350.127
-744.852,-1952.68
-2213.53,-1422.29
-2152.65,-1196.74
-3017.79,-1648.45
-3245.64,-3098.78
-3212.45,-2976.08
819.664,-1465.66
-964.965,4116.29
4630.5,124.557
144.363,2431.21
2399.46,98.8894
-386.955,962.199
5655.19,-632.23
-1679.65,7027.06
4700.19,-1705.51
-1666.61,-387.185
-597.628,-643.431
-1208.08,-468.188
-3169.32,-1077.81
-1436.6,-4025.11
-2684.68,-987.322
1589.75,223.45
-2097.55,3222.42
1805.93,-3166.05
-4310.41,-698.827
-3.24811,-2927.36
-4357.19,653.595
935.861,-3228.6
-6676.93,616.236
1267.07,-6200.92
-4185.51,1096.07
3391.03,305.676
-1302.02,3674.23
2939.7,-2086.23
-1511.13,452.138
3204.55,-10.7456
1259.87,4077.08
3550.03,1871.65
-1795,958.324
-432.216,-4378.77
-3883.01,-1644.01
-312.175,-1133.35
-996.791,1161.37
765.208,-263.912
1655.79,-77.7849
1209.25,2616.18
2558.33,1833.1
-866.806,1018.99
-560.626,-3039.05
-2679.01,-1852.08
-1304.29,-772.745
-377.433,-13.227
-563.033,229.967
-956.571,-787.534
-769.311,-1593.36
-1212.89,-319
619.04,-124.673
-82.4869,1188.43
2574.66,26.3597
-183.578,2451.69
4384.61,-247.578
-2387.69,3738.19
2879.57,-3078.95
-3507.05,292.128
1605.63,-1859.03
-1946.09,1938.88
2330.75,-858.577
-3169.7,1321.91
2926.04,-3580.79
-3799.27,2736.37
4089.86,-1714.12
-2636.74,2977.24
2594.24,-1920.3
-1096.08,631.546
2048.62,425.792
-3980.4,2217.2
2624.88,-5962.18
-5608.25,1274.65
-2697.2,-1951.2
-620.67,-5207.18
-2003.69,900.262
3120.13,2424.62
697.79,3541.76
3566.02,-1261.29
-799.027,1473.46
2212.53,250.656
-3481.95,1595.09
-3062.9,-5152.84
-4094.95,-6144.95
-4803.81,-887.498
715.354,-719.599
-2814.72,1779.99
-548.122,-3224.25
-3143.33,-2687.95
471.552,-1270.91
-559.405,3285.45
3389.65,578.628
-3524.26,1471.87
202.359,-5494.8
-4303.26,-1359.49
-1882.26,-633.067
1166.5,-1347.73
-1339.61,2226.05
2997.54,-468.039
1220.19,2004.44
3679.85,2294.85
-32.0958,3246.37
6986.59,-2179.7
-734.605,6590.75
8181.38,1398.39
43.438,4994.54
1008.61,-1160.31
-1272.51,-3592.33
-2503.39,-708.805
-1117.35,14.8905
832.401,-888.91
-257.549,1134.8
1493.19,564.562
862.97,990.941
2589.56,710.983
1878.98,2708.25
2214.25,2030.41
328.337,472.248
-544.676,-1543.6
-1050.57,-1268.71
688.618,42.6848
-2825.41,2209.25
2617.33,-3980.59
-333.249,1414
4888.84,3592.72
2213.18,5556.84
6112.51,-299.059
-2302.96,3085.66
3193.23,-2845.7
-4104.14,1345.99
72.7451,-2915.71
-5085.21,-1354.39
-264.837,-4293.11
-1950.12,867.546
2791.17,1564.47
661.96,3086.15
1393.07,-556.92
-2528.42,-1136.58
-653.948,-3024.95
-2936.22,134.461
-2951.14,-1154.14
-1994.51,-4356.48
-3179.97,-1754.98
-1667.38,-184.293
188.546,-625.246
1309.18,442.41
-1836.39,2470.7
5378.39,-2978.35
1036.07,5104.81
3750.69,4536.03
2608.91,262.588
-693.5,-823.698
697.292,-1231.07
1078.48,1801.7
1053.04,2776.71
320.718,-285.908
-854.552,-2322.86
-3029.73,-948.714
1331.17,-1966.27
-2044.52,2797.5
1154.16,-898.745
1819.47,-1171.45
281.27,3469.94
1846.29,1604.67
-626.491,-849.854
-2548.34,-2497.38
-3551.36,-2783.61
606.636,-2548.19
-2453.74,3604.92
5862.02,-883.206
-2911.95,4661.25
5361.95,-3162.72
-780.239,2886.55
7201.48,2141.02
887.457,7309.39
6738.03,-751.178
-4056.2,2200.65
1235.05,-4918.2
-2858.32,-536.35
-766.76,870.684
-850.806,-564.684
-149.126,-2084.98
-1076.62,319.18
761.832,569.608
1072.02,763.842
694.876,965.003
196.057,238.323
1959.81,-665.62
-2341.84,2509.83
1230.44,-2594.08
-4068.82,-848.621
1784.2,-3145.74
-1984.22,3283.57
5201.13,437.484
-391.525,4056.11
6070.27,-837.351
-33.0966,4513.39
4158.71,946.974
2148.14,1402.15
2616.98,2175.21
-1263.49,2337.26
935.374,-3893.79
-1839.26,-1095.74
-1403.37,1271.62
704.079,-882.727
-3040.37,-331.247
1372.15,-3401.02
-2976.86,2163.07
4657.98,-717.172
22.1716,4382.32
6130.39,927.625
-2813.73,4272.15
3502.81,-4728.42
-3871.84,528.493
-2164.92,-724.768
-2937.32,-3687.4
943.969,-3510.87
-2373.35,4881.32
5959.9,336.05
663.283,3531.21
4141.61,810.587
1313.95,2369.8
2124.08,1181.76
975.464,689.54
-313.753,236.627
-1193.57,-1131.45
-3275.01,-1995.4
-290.321,-3558.33
-3175.54,1429.43
-1925.58,-935.723
-1119.68,-4225.44
-5307.29,-819.367
2755.5,-3275.71
-2635.98,4550.91
4157.31,-279.749
-2083.77,1261.54
2404.55,-2553.28
-6191.69,1972.28
1975.51,-6096.86
-6088.29,505.676
333.132,-2468.02
-175.213,-193.304
3140.41,2273.36
3437.57,4741.85
3937.28,2820.67
6065.86,1052
3550.97,5900.84
4738.28,4259.54
-168.261,941.924
62.5309,-4407.08
-5111.27,-995.01
-178.062,-2840.4
-4198.67,592.577
1077.35,-3079.07
-6865.41,771.074
2997.77,-6574.92
-4160.66,3250.8
4445.74,816.944
-1830.61,2981.47
3011.89,-3265.19
-2160.27,1172.42
3629.63,315.889
-2134.45,3908.33
480.734,-3200.59
-3055.37,-3362.34
-892.143,-1196.05
632.47,2038.71
1554.71,2141.06
1691.39,238.806
-997.48,264.372
-40.5453,-1619.61
-920.486,-383.392
-135.026,307.181
-1476.42,163.703
-2372.42,-2428.34
-1277.04,-3607.5
-4015.61,457.209
-215.943,-2083.92
-3875.3,-914.339
1002.38,-3403.78
1750.58,2235.56
1777.25,5953.66
3737.9,463.667
-1376.55,-649.898
-1816.32,-2395.57
-2115.11,-2002.82
-635.569,-659.749
-2623.35,1037.54
926.702,-3029.86
-757.136,186.202
1486.66,1988.09
868.033,1947.82
4836.86,-661.5
102.534,4891.91
5606.2,991.875
344.98,3056.69
1809.46,-380.324
-3053.21,-530.074
771.811,-3917.89
-3578.5,1496.7
2967.05,-1083.94
-28.8969,2645.85
-603.448,1106.45
476.444,-3476.42
-2248.19,-514.884
1144.66,305.806
623.99,2120.12
332.228,625.035
-1425.04,-1649.06
-1781.26,-2680.31
-1153.97,-938.262
-2542.58,988.334
29.8005,-2654.55
-119.472,-1013.19
2956.87,2500.95
2508.93,5250.68
5461.21,1201.05
2093.53,2532.01
3856.22,1871.62
457.393,2964.08
2937.35,-1140.04
-3357.07,1158.66
-146.555,-3575.75
-4664.2,-1452.26
242.565,-3033.51
-2450.89,1722.97
524.743,-413.887
-542.76,-1002.14
-1305.76,-366.434
635.824,-847.207
-1606.16,1241.95
143.469,-1409.81
-2678.78,-1074.67
-711.9,-2390.2
-846.764,29.058
236.452,1189.92
-590.332,306.564
383.799,-2019.08
1027.03,223.08
2389.01,3486.84
2597.03,3196.97
2879.12,233.492
933.516,892.596
-1114.46,1100.08
2380.8,-2448.89
-4015.81,2232.21
959.061,-3203.55
-3439.7,-926.073
-35.8577,-1662.93
-2224.15,839.104
3374.96,-1461.94
-1707.8,3904.18
4452.74,-885.607
2230.43,2389.94
1340.9,4088.79
2500.75,-433.516
-2134.25,-558.802
1789.98,-2564.66
-2567.88,3040.46
3254.11,-1011
-1724.44,1525.75
4890.86,-1359.57
-1844.75,5350.63
7219.56,-1100.58
-87.8934,4831.82
3976.45,1129.09
-104.5,805.94
-1311.39,-1241.47
-130.173,-2678.49
-2255.82,985.621
-1439.65,-513.996
-3460.89,-3085.12
-1122.54,-4446.85
-588.508,1394.86
186.443,3620.42
1900.81,-1069.68
-1178.72,-954.136
2846.58,-566.398
1081.74,4969.28
1798.61,2199.81
2158.66,-2365.99
433.524,843.71
-572.634,3001.87
3850.7,-1578.31
-3482.27,2388.23
3582.33,-3247.06
-1975.13,2581.89
4483.59,570.046
976.351,3756.43
1941.34,935.248
-998.7,-995.916
-3147.23,-2375.22
-619.117,-3508.26
-2015.96,1388.86
1184.14,683.17
-2239.75,250.73
962.821,-3822.98
-763.23,1020.28
1291.07,2781.48
923.061,849.428
-457.703,-1453.44
2474.55,-1482.54
1852.65,4943.73
1724.28,4216.39
2777.22,-2390.06
-821.003,-311.68
-3193.47,1219.66
1049.95,-4183.2
-3355.74,138.228
2814.27,-521.846
-778.283,3789.63
4487.2,-444.904
1127.53,2553.59
2489.93,2153.02
873.407,1022.39
81.3875,-874.138
285.575,-907.987
-1271.86,1251.44
-300.29,-872.055
-1399.85,-1717.61
-924.926,-1146.38
1431.41,392.366
-1291.63,3152.85
2160.25,-2133.54
-1631.86,-160.385
730.388,-145.889
1579.2,1190.23
26.8566,2405.4
-1024.62,-1109.11
-1710.83,-3888.02
-4404.61,-1426.31
23.3103,-2380.76
-2376.63,1353.84
414.799,-956.755
-1699.18,-821.77
2148.47,-1432.72
262.698,3824.64
4808.82,1924.14
394.326,3008.96
244.7,-1276.67
-3721.11,-2708.09
-1076.09,-4025.84
-5488.21,1056.39
-948.695,-3740.42
-4690.42,-2520.67
-789.894,-2933.97
-2199.26,1321.29
762.372,-164.599
-1243.55,-267.625
1993.66,-1578.98
1178.21,3071.81
556.249,3286.32
1451.22,-2239.41
-3757.76,-1269.31
-2220.5,-3088.47
-2005.81,-1926.11
-158.519,224.31
2496.15,1704.25
-1036.3,3311.06
5090.8,-3113.6
-367.717,3862.04
2882.76,2652.29
291.097,233.253
2428.28,-2212.97
-4514.06,3163.9
2951.28,-4118.43
-4005.08,929.132
-864.684,-1526.07
-4588.15,-2223.02
-194.133,-4989.77
-2364.33,1847.5
1900.9,1673.68
1743.31,853.444
-22.8647,814.463
1959.44,-849.951
-1796.39,1933.93
1027.3,-1647.33
-2655.62,-532.964
1091.26,-2097.76
-1986.34,2015.5
3501.63,-651.315
552.712,2916.96
776.373,1503.25
61.6771,-1794.98
-2699.82,-1453.63
1358.4,-2028.97
-2065.08,3307.18
1810.93,-822.75
-1440.02,-787.483
-1319.8,-1219.33
-3542.18,-1140.51
-2979.94,-3843.4
-5376.97,-3198.87
-1937.38,-3839.75
1827.16,385.29
1843.06,6418.19
6249.14,2325.68
808.297,2456.07
2468.46,-1120.95
-2149.01,1024.01
2114.35,-1895.72
-5063.33,1932.67
2867.98,-5237.12
-3022.59,2067.34
4024.18,997.743
1413.72,3621.68
5789.73,1063.58
-532.242,4575.97
3876.39,-1746.87
295.908,895.943
1436.76,2192.99
-1317.72,1145.22
847.405,-4036.98
-3417.42,5.75676
1683.49,-784.991
-1262.35,2346.63
-308.061,-977.205
-233.974,-2795.99
-1681.14,615.205
4436.05,444.519
2088.12,5661.36
3595.87,2587.47
438.583,-543.303
-3274.79,-1966.29
44.1415,-4095.86
-2908.12,1981.4
-37.6298,-8.36857
-865.397,-2046.84
1146.79,-1221.53
2121.9,3665.59
3691.8,4246.47
2680.66,1582.16
-458.334,-442.23
606.436,-2225.14
25.7362,1295.23
-677.108,2262.34
-4153.99,-2252.8
-2193.93,-8127.37
-8297.09,-837.507
463.697,-3608.75
-4555.81,1521.38
261.624,-2840.67
-5803.76,-1114.98
1703.43,-5367.65
-3727.24,3566.75
4892.29,61.1194
-643.83,3362.69
3936.08,-1003.1
-2178.02,2213.07
4920.33,-2098.49
-2812.18,4754.4
4801.74,-1890.33
-2070.73,2037.62
2729.92,-1031.65
-311.024,1818.29
1737.56,604.539
-697.278,638.538
-477,-1584.91
1895.75,-1316.15
-2639.54,4246.98
4123.27,-2368.5
-6699.46,1526.81
2279.38,-7058.03
-5819.89,1557.94
4084.14,-1115.13
-1170.6,4148.85
4318.75,-414.074
-143.914,1941.58
3406.53,317.906
47.2517,2879.46
1501.64,-150.275
-1507.84,-775.044
823.172,-1967.39
372.121,1891.27
2242.98,2563.63
1300.24,1346.71
42.7979,-672.097
1126.09,-1267.66
1508.64,2261.36
2208.35,3481.06
5155.7,1003.74
-113.476,3852.86
5261.03,-975.087
-4.01819,3569.74
1110.71,1102.6
-2988.92,-2014.17
-213.251,-5348.4
-3826.65,1547.17
3075.94,-9.35323
-148.787,2757.36
1794,-102.928
1053.79,-211.435
1290.61,1624.09
2264.45,2098.38
1794.83,1644.6
-1280.17,476.465
2269.65,-3403.58
-1300.29,2652.84
2488.62,1655.1
2926.63,909.431
-2244.7,2500.84
2952.94,-3979.02
-663.744,1580.38
7290.29,3179.94
2831.67,8792.61
8182.62,1119.82
-788.069,2822.93
3270.48,-2088.91
-2635.69,1747.08
1512.08,-1576.71
-4331.76,314.917
2865.62,-4508.42
-3261.22,3615.99
2768.85,-11.1174
-1069.22,260.798
1666.7,-1455.13
-598.54,2059.41
4289.57,697.284
3245.63,4043.3
-285.026,3990.76
2849.95,-4321.73
-3487.27,-58.4835
1649.01,-565.929
780.044,2352.98
160.25,1722.67
-7.47278,-2091.29
-2230.25,-1785.83
1021.92,-1079.33
223.813,3192.25
622.007,1460.48
8.61951,-2287.14
-1993.11,-1495.89
-2263.56,-577.333
-351.492,-1738.3
-1895.91,12.0756
-2413.54,-970.836
-2313.77,-3480.93
-1033.99,-2383.49
1542.9,1977.24
928.972,4586.79
4082.73,-554.085
-926.461,1181.5
5882.3,-657.308
-2962.83,7092.49
4187.21,-3350.65
-5872.49,-1291.2
1387.67,-4916.61
-4516.75,3071.37
2040.14,-1389.26
-3528.76,-299.131
1290.08,-3565.68
-1412.85,1998.78
2309.8,1648.44
1415.81,1298.74
-983.74,396.368
161.426,-2660.22
-4252.41,-292.686
-664.731,-3366.37
-5049.28,-844.433
592.795,-3792.3
-4142.64,1477
1758.94,-2003.85
-2612.06,872.925
670.538,-1637.04
-693.33,-7.43484
-457.314,659.301
1874.12,-607.595
785.094,1982.94
1302.82,1808.85
286.543,-84.8545
2957.48,-1340.27
-759.253,4229.69
2676.48,446.517
350.874,-440.325
1591.21,107.143
-661.607,2687.66
1375.32,-934.884
1362.97,-752.473
-1814.53,2837.46
2658.81,-1681.95
-3756.02,790.765
1899.73,-3533.72
-3270.27,1687.95
-700.221,-1028.97
-2571.61,-2808.49
1384.35,-2667.54
-887.767,4630.25
4158.42,1632.98
944.393,1295.79
1635.61,-154.56
99.9571,1032.74
3333.47,416.033
-2265.62,3651.72
-848.317,-3475.46
-865.376,-4998.46
-2340.53,2052.64
-376.953,1716.39
-312.668,-2588.19
-1505.17,-2262.76
-296.849,385.734
852.342,1839.73
861.819,879.639
622.718,-569.139
-1115.99,-18.937
-427.551,-1005.93
-875.471,-650.232
-1131.95,-278.866
612.786,-963.183
-2477.84,1052.18
617.819,-2489.93
-1244.65,-314.971
1832.44,767.329
609.824,2914.32
3005.93,263.916
46.2388,1356.17
2913.3,-51.3799
93.0809,2764.87
-1808.39,277.31
-112.36,-5312.61
-2856.13,-663.059
-705.51,1238.38
2320.28,-312.62
-83.1068,2019.83
-450.197,282.963
681.691,-2637.39
-2252.33,561.213
1301.17,-496.382
-5529.14,1120.13
-1679.75,-7297.47
-6716.87,-3908.71
-2096.21,-2375.22
-2067.38,726.117
556.781,-558.705
-585.255,3.63183
2655.33,-217.137
-104.29,3734.48
3330.36,247.604
-1028.17,963.737
1668.26,-1602.83
-93.8264,1343.14
1210.38,1542.93
-1224.67,381.923
-1825.96,-3275.28
-2120.15,-3082.23
-1712.35,159.441
-215.286,629.022
2752.99,-437.027
-1168.06,3235.51
3601.13,-1060.18
-2269.01,1787.42
1344.99,-2041.75
-4107.78,-18.8525
-811.95,-3759.84
-6021.6,-1353.89
1303.38,-4776.99
-2732.45,2968.41
942.099,1004.28
936.477,-1640.16
595.325,308.54
873.107,2514.99
1296.32,1008.33
485.567,-639.166
-519.744,-323.46
709.868,-84.7782
-1868.18,1289.17
1201.8,-2500.01
-3063.11,280.14
-279.603,-1811.58
971.56,-748.326
-177.199,3161.07
1982.35,614.1
-1041.49,-362.852
827.07,-2050.46
-1571.35,1444.52
2292.13,-89.5758
-4419.76,1698.83
109.926,-6080.58
-6788.29,-1865.01
2427.47,-3523.77
-1997.51,5064.93
4496.46,930.887
-249.12,1280.13
3528.19,-1114.37
1250.79,3698.91
5087.59,3119.61
2682.39,3637.62
2829.97,893.406
3158.08,481.034
1240.83,3647.74
2050.93,1434.55
-714.981,-707.104
-1077.67,-2444.64
402.191,-871.974
1384.86,2998.73
4343.78,2951.56
1530.98,3238.36
3500.78,-625.844
277.152,1724.4
4276.92,1139.61
-2596.03,4316.47
2498.61,-4658.04
-5995.67,-955.002
2109.41,-3784.01
-3716.77,3756.12
3226.57,-1343.54
-2174.43,709.673
2836.31,-1639.32
2984.08,3281.94
2362.59,5987.21
4846,281.484
595.124,913.626
1133.63,656.476
-479.363,703.35
1559.77,-1286.29
-2865.41,1435.51
1460.44,-2700.15
-3164.77,500.844
1038.54,-1733.28
247.517,896.002
1802.28,2138.11
2532.97,1730.55
195.183,1503.99
1912.33,-1366.2
-2124.35,1148.76
-1673.95,-1613.16
-5796,-3650.95
-616.895,-6677.35
-3888.14,2529.94
1185.43,1223.83
92.0581,-877.511
1627.95,-1074.25
1720.89,3181.96
3787.01,3620.51
3650.44,2291.43
2053.67,1641
1017.13,685.802
-906.254,-180.745
675.026,-1953.61
-2551.96,1078.34
-171.223,-1637.22
-1627.89,-1377.47
-1056.03,-692.264
-1225.94,-148.463
3165.01,-1026.59
-2263.69,4582.57
3444.23,-2064.11
-648.143,239.214
41.4423,1180.74
1589.31,-157.015
-441.638,1061.05
658.528,-432.431
838.023,-131.902
-645.573,1615.81
334.29,-747.424
-1182.32,-1171.54
918.374,-928.797
2434.42,2469.59
2630.8,4438.88
1386.71,1349.04
-1357.69,-2445.37
-1008.04,-3294.78
-2715.14,941.811
1145.64,-533.475
375.037,651.971
1550.8,1093.24
3153.61,1581.32
-634.91,3391.47
4088.52,-2385.01
-4048.02,2328
1667.49,-3267.4
-4110.89,-74.731
2290.11,-2513.68
-3812.89,3209.79
3032.8,-2785.35
-2572.24,977.006
909.282,-797.066
-1116.2,255.929
-1876.19,-788.903
-1946.62,-2958.15
-1147.48,-2049.75
1584.86,1295.51
1920.1,4319.97
3981.71,1557.98
-1690.93,1341.06
1390.82,-3863.32
-2715.9,512.401
-1504.84,28.6671
-208.205,-2673.36
-2606.13,-413.749
-63.4144,-1022.42
-1233.47,263.253
3123.56,-683.082
-4146.35,4080.51
4085.19,-5022.59
-5071.32,1493.02
2051.05,-2041.69
-4083.7,1239.03
-1025.59,-3693.41
-5547.85,-2912.09
-1415.42,-4252.3
-673.657,720.603
2184.96,3323.1
1481.09,2451.46
1194.69,-1124.2
2786.73,-721.884
2077.24,5096.06
4130.17,3858.18
1625.53,875.235
1506.43,-1464.25
-1814.31,1225.94
1307.31,-1043.47
-3114.44,542.418
-959.298,-3346.58
-2826.79,-2029.13
-966.011,-709.421
-86.3894,615.915
1754.3,605.813
-2251.23,1848.51
-303.983,-3742.72
-2213.5,-2386.25
-636.749,563.376
-669.625,1462.02
-1531.92,-1511.26
-150.274,-3659.08
-492.23,1221.55
362.658,2981.22
4293.35,-625.299
850.585,3093.8
4826.57,1965.11
2090.75,3788.32
704.937,1098.26
-973.302,-2763.93
-2275.96,-2521.8
-2709.06,-517.528
-106.199,-1335.92
-3462.32,303.198
988.152,-3550.26
-4258.54,997.042
4091.62,-2423.64
-3591.96,4699.63
5643.47,-2520.06
-3646.11,3185.58
1634.19,-2523.55
-2296.54,-971.614
163.95,-720.2
-480.746,1159.42
641.644,69.4371
1182.96,-241.946
285.61,1610.78
2380.66,721.275
2407.85,1804.59
4133.8,2802.65
2824.4,4159.6
5046.79,1382.03
60.3658,3037.85
2751.31,-1152.12
-2722.07,804.267
-1354.71,-2667.99
-1411.14,-2807.51
-2720.77,583.796
60.4391,-1046.43
-2914.36,-573.182
-974.32,-3092.56
-2146.7,-900.735
2140.54,54.5717
850.707,3914.44
330.996,1225.19
-603.219,-3425.49
-2968.61,-2144.61
-2126.38,-824.454
-3636.56,-929.518
-1721.73,-4360.26
-3429.22,-1609.37
2804.69,-500.98
-959.587,5535.58
4294.67,-752.465
-809.956,520.643
3459.41,-335.962
-449.307,4358.61
4273.24,-206.555
-2787.98,1661.82
922.787,-3683.57
-5128.15,-447.395
379.666,-3564.1
-2854.41,890.106
-685.62,-466.511
-1297.49,-1895.07
-664.345,-1398.38
888.039,937.213
-386.975,2655.67
-162.881,-1450.6
-946.463,-2910.28
-1915.21,65.5657
-1318.76,185.217
-1427.41,-1953.36
-1256.69,-2242.66
-187.567,141.063
2649.95,1987.78
345.534,3626.15
5216.83,-1410.07
-303.087,3738.28
3898.14,1077.26
571.599,1786.78
3488.73,-203.283
-3617.29,3125.32
1595.91,-4846.15
-5791.54,-979.285
80.1614,-3342.92
-1924.04,1001.01
499.503,635.489
-1942.94,-316.916
-69.4938,-3382.57
-1236.65,157.154
-570.662,1629.53
1865.6,-941.22
-1912.08,978.6
3097.15,-1711.86
-760.82,3359.03
2614.26,723.317
-2513.5,319.046
2887.22,-4224.78
-3312.5,3653.83
7123.52,-314.9
2099.1,6402.82
6321.88,3506.98
3133.17,2641.61
133.841,1024.62
-273.359,-2409.71
-1949.13,-1456.41
-2815.57,-391.136
-730.472,-2552.3
-1400.45,-705.044
96.5581,558.443
568.195,840.746
398.518,257.389
-538.796,-274.24
3170.44,-997.535
-1028.2,4735.85
2275.99,-371.297
-1965.24,-1540.6
811.692,-2401.1
-2885.54,2628.2
3128.13,-1623.85
-2840.67,1735.18
2883.51,-2326.92
-3338.07,2264.32
4363.15,-2302.5
-419.52,3841.32
4108.99,1842.69
1142.53,2003.63
1192.94,-142.714
-559.386,-312.361
-653.219,-647.383
-937.404,-637.456
-2468.62,-721.982
-679.111,-2882.32
-1853.53,-329.982
-353.62,244.434
-669.825,-193.922
1267.09,-1185.01
-1820.98,1940.39
923.884,-1336.31
-1857.67,-695.182
-1907.18,-1312.53
-3339.16,-2079.85
-1530.5,-3479.13
-2442.2,-200.225
52.9635,5.99905
481,254.343
-88.9693,677.461
4634.01,-319.357
496.565,5873.81
4811.1,1196.05
1887.75,971.244
-285.053,1530.46
-639.729,-1341.79
128.416,-2453.48
-1999.3,1467.34
-1775.02,-370.314
718.679,-3992.92
-2834.8,1293.9
2371.12,27.282
-977.928,2024.74
1208.39,-1350.92
-113.092,-343.571
1029.01,1207.21
-63.897,1812.99
2237.75,-1242.08
-4071.09,1295.11
4428.27,-4431.06
-3287.23,4823.74
6295.83,-26.8294
1942.51,4065.17
5596.76,2983.17
2808.46,3957.24
5787.02,1190.61
3394.06,4317.3
1503.68,3756.64
1325.42,-2080.81
-1629.65,-1909.53
-1798.37,-254.477
-650.128,-658.712
-1175.87,-699.965
-1812.31,-1033.88
762.898,-1879.25
321.706,2078.12
514.079,2367.17
3235.94,-1296.79
-1207.47,2189.56
3881.64,-332.063
1694.47,3299.66
2173.84,2809.36
-2907.38,-203.206
769.328,-6895.65
-7112.84,1145.1
1760.6,-3135.41
-2567.54,1237.79
2425.17,-450.425
2291.23,2184.49
3894.49,3764.47
4003.31,3412.66
2018.76,1978.48
181.49,-506.375
-1028.74,-1718.55
-1670.48,-972.794
-1540.86,-667.546
1377.5,-1214.14
-3847.2,2576.46
4131.57,-4174.64
-2630.24,3193.75
5950.84,543.907
-2283.21,5193.84
5680.24,-3633.45
-3398.57,2754.87
2763.4,-1067.49
-2334.64,1084.95
2784.74,-2161.37
-3962.51,2749.39
4443.68,-3310.08
-1740.2,3403.46
3040.38,1013.79
151.564,894.914
1386.1,-714.38
1233.6,1071.39
3084.63,2553.74
2871.84,3413.95
-37.0347,1635.02
342.836,-3375.39
-5342.02,-1311.83
-4037.81,-4266.78
-3859.62,-4632.04
-4970.19,-1423.51
-2939.79,-2522.33
-630.939,-2857.73
-3097.82,1500.18
37.5773,-1505.11
-2303.32,-1535.24
-1625.42,-1794.57
-1211.78,-830.391
-1456.34,35.3682
-2450.29,-1266.25
1883.82,-3515.07
-1831.83,3836.35
3426.69,1028.29
-936.605,997.325
2034.3,-2284.51
-3486.51,1803.32
3744.9,-2561.86
-3510.87,3380.97
4668.76,-2258.6
-3428.29,3104.25
2023.03,-2454.45
-5175.53,-399.205
833.635,-4833.05
-4864.91,1338.86
682.298,-1998.22
-3315.49,-540.421
862.721,-2678.29
-509.153,1638.74
2234.53,2045.37
1483.46,1584.99
3077.43,178.368
336.651,2801.57
112.956,417.769
1627.8,-2598.08
-3287.11,1767.32
902.122,-1964.48
-402.388,-603.576
2119.06,1433.2
2055.79,3663.95
1485.39,1628.32
1694.51,-1456.42
-122.37,756.043
1111,1350.41
1377.31,869.758
1095.19,656.676
-2065.12,683.539
-2578.08,-3585.74
-4523.6,-4522.86
-4036.96,-3023.79
-2612.78,-1367.63
-1991.96,-792.405
2282.19,-1472.3
355.398,3965.76
2722.23,2117.51
-1098.15,-84.622
665.989,-3626.59
-4357.09,893.229
3255.55,-2471.56
-1659.86,3591.17
5144.93,292.13
-2642.82,3635.71
5531.82,-3821.62
-1104.68,4063.95
6554.88,2505.32
404.192,5245.4
4495.85,-1662.81
-453.033,1079.56
2121.29,1142.37
-2584.21,1898.88
-4060.81,-4785.58
-2065.85,-7801.76
-4746.14,1563.25
258.692,1087.13
-993.94,-1255.51
-3479.94,-2559.84
-2246.56,-3757.08
-1411.33,-752.975
24.188,1716.89
3726.94,844.318
-2476.67,3539.04
1415.09,-4222.98
-1814.05,-1657.46
431.546,1649.49
1695.88,2292.02
798.71,801.285
723.571,-1120.67
3584.05,253.887
2185.91,6223.34
1851.03,2993.56
2293.16,-3504.75
-2610.78,191.006
395.888,-157.686
-934.291,329.696
-3447.09,-1189.6
-1590.91,-5244.73
-4898.99,-1213.69
457.898,-1712.34
-2592.7,1768.99
3539.11,-1895.91
-1985.49,3169.97
5245.18,-791.299
-1022.27,4209
5994.12,-490.785
-3420.44,4217.47
4450.27,-4174.69
-3991.64,1930.41
4275.66,-1336.49
-348.655,4038.16
1536.65,993.557
1033.88,-1834.17
942.958,467.155
2416.72,3226.86
1555.33,3054.09
3562.63,-871.991
-992.011,1974.19
1960.23,-404.749
-1446.94,751.864
-985.994,-1610.13
-981.645,-2219.08
508.334,165.25
1205.84,2944.24
1705.04,1638.48
2058.28,-446.409
168.923,1291.52
1055.92,760.93
2886.46,264.496
4126.52,3404.97
951.795,5697.71
2450.91,-1841.99
-3186.5,-2295.7
-1661.87,-2697.26
-1976,-177.674
319.004,-119.433
-263.727,597.002
1740.65,-216.736
3126.45,1896.25
1477.42,4709.38
3414.91,352.027
-1030.56,132.594
1521.75,-1750.43
-3277.29,1942.89
2146.06,-2812.08
-4745.54,956.474
1806.39,-3838.03
-4598.24,1424.27
2641.23,-2587.07
-1644.84,2187.34
4198.93,388.372
-1317.91,3718.4
2322.17,-2091.16
-1691.98,-516.793
173.589,-276.823
-2399.43,696.559
210.007,-3095.88
-1042.39,-517.272
-559.865,1604.53
862.402,-242.342
-951.477,-413.84
-742.302,-1110.6
1071.64,-659.021
-710.76,2587.92
349.397,-265.048
-2900.84,-2157.58
-265.942,-3884.14
-5850.22,1551.63
3303.71,-4304.25
-5564.58,2829.79
1735.66,-3411.59
-3255.78,-614.514
2872.84,-1125.25
-503.927,4575.78
7140.06,726.332
-567.758,5520.28
1771.66,-1199.7
4.37891,-3055.22
-2447.7,1103.31
964.915,-355.482
-1683.08,165.598
1119.76,-1976.21
-1163.05,1298.92
808.937,411.113
-2409.82,-219.072
811.434,-3790.36
-2053.91,1152.77
3132.16,1006.79
1123.77,3286.87
581.461,766.512
-4113.66,-2505.65
367.574,-6636.64
-6944.11,2573.86
2711.94,-3038.49
-4283.95,916.588
1722.57,-2890.34
-1384.51,1294.87
1753.13,1055.35
-136.755,1183.66
1311.75,-1135.08
-183.625,624.878
1466.37,964.426
2755.44,1545.12
1719.86,3063.67
-1615.75,1021.84
1239.48,-5237.88
-3922.34,413.101
2603.54,-201.604
-990.027,3139.15
2522.51,-959.814
-2160.4,315.509
3348.12,-1935.88
-2114.15,4239
4387.24,-698.938
-4508.05,1765.85
2206.28,-5431.32
-5812.71,862.068
1818.15,-2643.9
-4899.47,1296.15
1433.93,-4136.06
-4023.21,291.921
1124.56,-1464.23
825.524,1136.48
-147.479,2711.44
3475.64,-1086.68
-947.987,2119.5
2174.92,25.4061
-2632.43,840.455
990.509,-3604.38
-6314.53,93.3393
2828.68,-5192.58
-2181.58,3367.06
5440.87,2552.14
2572.26,4464.89
4424.09,1647.44
185.175,1968.95
3460.79,-1017.17
-558.052,2862.7
2140.88,558.952
286.857,183.067
-1708.91,-129.348
-528.487,-2614.1
-1958.21,-869.73
-2090.52,-286.648
840.796,-2138.84
-1172.24,1261.48
3710.9,695.968
338.547,3990.89
6781.17,329.377
258.493,5634.25
6354.67,746.538
-3400.84,3284.59
1817.7,-5121.58
-4813.06,-1232.23
484.97,-1667.87
-705.531,1649.44
3640.57,888.925
64.3799,3519.39
3574.48,-382.14
-1095.45,1482.46
1877.7,-909.177
-3744.12,963.325
-2202.27,-4350.08
-3721.41,-4540.31
-3790.77,-1335.13
-948.832,-1042.54
363.671,-170.583
611.912,1537.04
-679.889,1096.61
4740.65,-2274.9
328.836,5490.52
3543.85,3254.67
2864.5,-225.287
502.623,916.63
1272.38,1108.84
2694.65,1033.24
816.362,2813.4
810.12,355.808
2104.43,-1560.92
-2003.49,2514.34
4092.1,-969.678
70.1375,3169.67
2868.52,1425.12
972.967,982.599
2707.44,168.018
646.357,2903.83
1217.38,995.55
-1942.1,-1178.21
-1260.47,-3793.59
-3555.57,-937.775
-1081.61,-1347.2
563.955,-741.085
-2357.86,2009.12
4322.6,-2360.43
-49.433,3929.93
5162.51,2743.55
196.971,3492.68
1153.67,-2124.12
-2576.1,-2020.14
-370.539,-1580.97
-1716.07,1301.34
-2260.5,-869.403
-886.136,-4609.67
-3756.52,-751.295
1290.24,-723.455
-156.638,2431.64
1158.53,671.726
-1396.33,-810.179
-904.318,-2671.35
-4051.31,-731.536
-2234.17,-3176.15
-4511.71,-2793.28
-2602.56,-3446.57
-2306.81,-1205.2
-1175.04,37.3822
1809.49,-469.398
-2471.71,2410.43
3718.36,-2796.67
-3670.44,2588.77
4357.93,-2090.92
-3523.89,3307.99
2784.08,-2577.52
-3126.18,350.254
775.918,-1731.79
-1099.42,559.585
171.834,226.187
-2222.85,-403.279
-1141.35,-3414.22
-606.687,-1434.23
124.54,2465.96
1019.76,1724.05
2305.41,-880.183
-1372.9,1489.12
2799.74,-848.189
-429.506,2381.01
-48.3293,422.957
-2352.37,-2514.39
-2372.51,-3926.44
-5270.02,-1231.7
915.923,-3621.61
-4083.03,2101.34
1607.51,-1992.32
-1737.95,-80.9355
4849.24,-279.725
-1174.43,6837.66
4952.99,-802.873
-2362.4,30.5781
1678.11,-2336.66
-2801.12,2084.46
2258.84,-1413.75
-2321.69,889.415
358.331,-1748.53
-1672.2,-586.662
1891.66,-571.255
-267.84,3173.5
1898.85,458.401
216.953,-468.594
-109.293,-115.078
-664.475,294.1
-2282.75,-889.164
-2651.39,-3671.12
-4387.29,-3243.81
-588.658,-2785.9
-1271.49,2103.86
4736.47,1209.97
1691.31,4659.19
4751.64,1675.95
2623.7,2263.58
4578.19,2406.92
210.5,4392.92
2983.12,-1712.18
194.769,-229.71
-1249.92,2026.71
2683.58,-1378.89
-2260.43,1617.9
-19.5219,-1681.36
-994.757,-1800.12
-2781.94,127.736
2200.37,-2096.49
-1860.28,2774.34
2133.83,-306.835
-2455.01,111.813
1046.77,-3071.78
-3195.66,1088.24
1799.22,-1324.2
-4791.76,1176
3672.06,-5245.92
-5676,3489.89
5232.57,-2365.03
-3993.7,3506.03
5418.88,-2780.95
-976.623,3863.17
6568.63,1994.09
-692.206,5465.25
1351.64,-2415.98
-4773.56,-3867.59
-3191.26,-4596.34
-3888.42,-1194.26
-984.233,-1114.97
186.39,-386.721
-3413.45,1202.71
2009.34,-4301.11
-1354.23,1253.2
2089.49,2592.83
833.748,1813.48
26.5896,-1246.13
-1474.35,-1860.64
-448.143,-947.527
-1123.84,1086.74
-249.318,-612.181
1401.12,-1460.39
191.878,2518.14
903.699,1938.91
655.835,-1112.69
1166.35,-993.773
899.637,2767.04
4633.86,2607.46
2459.76,4032.25
388.988,1245.21
-1861.61,-3398.18
-2173.56,-4098.09
-2044.32,-2.55949
-273.911,1123.91
1877.74,-338.949
-2272.96,1433.68
2737.12,-2660.74
259.97,2250.73
2071.31,3283.86
761.179,860.501
-1524.79,-2149.73
-5037.5,-3246.58
-786.258,-5189.39
-5469.16,1578.93
-571.578,-2519.68
-2393.99,-2733.81
428.29,-987.924
-1596.51,3176.05
2209.61,-1057.26
284.11,-134.354
834.682,1543.57
3849.5,1501.27
708.811,4007.95
3949.21,-103.345
-3743.2,1485.28
525.188,-4996.78
-2888.44,-1140.83
-570.254,861.673
932.378,312.215
-2041.18,393.84
1787.92,-3103.02
-1758.4,1894.9
4752.74,885.831
-3482.63,4708.92
2622.93,-5388.92
-7759.6,-1564.06
-645.588,-5591.59
-6547.42,-30.3867
247.47,-3682.73
-5904.26,-164.03
4108.33,-4539.58
-2711,5498.35
5686.51,1259.74
719.969,2538.71
1970.48,124.709
768.706,303.169
1428.76,1088.42
689.576,1816.34
-50.2915,17.9323
-462.239,-1878.8
-3072.39,-864.108
-467.371,-2537.94
-2743.24,-110.285
-451.991,-1377.53
-1005.79,-718.486
-323.615,-104.482
1418.43,269.34
-1909.95,2049.14
628.953,-2806.1
-5466.87,-1535.35
1618.65,-4922.59
-3920.94,3277.7
2140.95,-343.682
-2373.4,-477.589
1118.38,-2924.61
-1658.07,1779.68
5238.35,883.831
3009.69,5716.23
5242.42,4003.9
4800.2,2153.1
283.134,3070.4
4022.61,-1322.32
-95.79,2564.39
-175.403,1424.81
-1221.76,-2788.95
599.925,-3261.73
-4992.81,3297.02
4935.72,-3479.2
-4272.16,3233.75
3640.79,-2139.67
-576.487,1657.97
2029.78,1590.58
-1747.33,1209.85
2257.13,-3854.86
-2573.5,1642.78
1772.4,437.456
-361.282,781.66
-1965.21,-916.094
-2689.23,-3717.18
-932.933,-3181.14
-1480.13,2082.42
5066.41,1342.06
1722.4,5157.83
4095.68,1682.57
-282.892,771.879
1795.95,-1835.44
-4504.58,1508.99
1838.61,-4331.83
-3982.5,577.525
1951,-1138.51
-535.959,1963.93
2543.92,639.141
-2484.2,1558.19
3543.89,-3853.32
-3842.33,3024.85
3577.95,-1162.18
-3527.02,1699.15
-1461.11,-3655.86
-3392.82,-4223.07
-2224.93,-1512.32
-1889.94,791.133
351.624,-1189.47
-605.33,-453.553
-915.984,287.14
3540.97,-714.297
705.815,4672.95
5409.57,2305.44
1062.82,3169.05
1533.78,-368.964
-975.39,-1015.24
433.262,-990.49
-2321.03,1452.69
833.423,-2168.32
-2596.43,-570.479
1684.99,-1440.34
-1055.92,2741.62
2169.95,234.03
-3054.06,186.787
1458.9,-4407.16
-2782.02,1424.3
2095.41,680.798
-643.903,1445.99
-1877.04,-1505.78
-1976.98,-4278.97
-1073.81,-1630.71
-1444.38,2542.07
3635.55,-180.523
1010.23,2573.22
4935.21,2067.15
3333.54,4675.97
6321.1,3303.61
1347.59,4602.31
5100.33,-759.561
-733.401,2595.82
2732.91,118.186
-3075.39,1146.21
-708.726,-4342.73
-5074.66,-2623.52
878.106,-2952.42
-3419.57,3447.4
2899.4,-1601.91
-3556.37,352.484
-745.332,-3340.44
-1553.76,-1726.84
369.84,1050.2
-43.2028,2245.27
499.951,-979.668
-1086.99,-1619.31
-4247.05,-752.602
116.878,-4452.2
-4041.6,447.471
814.274,-1213.98
463.268,533.441
1240.69,1958.95
1458.12,1371.36
808.34,230.913
-213.583,-177.893
108.303,-511.781
-1209.41,262.744
-1976.46,-1246.11
48.0552,-3150.6
-5796.49,926.434
517.851,-4986.89
-1263.76,-642.025
2083.05,3250.75
1875.69,3750.25
431.03,-349.477
116.049,-3091.18
-2806.71,302.21
-83.8352,-864.247
-5088.65,-704.316
3032.15,-6270.24
-5906.83,4363.47
5795.31,-1607.34
-1616.24,3514.55
4534.67,-170.332
-1109.38,2798.15
5161.68,-927.616
-1978.42,4346.47
3622.64,-1338.4
-2841.06,534.342
947.895,-2483.87
-939.775,534.791
-194.126,1211
1470.38,-723.685
-2675.12,718.737
-715.933,-2991.24
-378.251,-2013.96
1250.34,2365.35
2770.12,4004.19
1424.94,1877.62
544.752,-1755.15
-1315.37,-1198.41
-715.148,-177.391
-2831.52,17.4987
1454.78,-3797.23
-4087.6,1565.71
2542.45,-1743.91
-2112.16,1693.33
3699.25,-906.017
-286.732,3393.38
4011.96,993.912
418.602,2341.38
2604.17,-7.5357
-2813.59,1245.91
822.796,-3763.75
-1718.81,-476.6
-401.86,1321.92
74.956,-82.7941
-1701.96,-1305.49
-986.503,-2435.31
-1815.57,-371.064
903.761,-157.152
1050.39,1609
-474.966,1751.67
2007.57,-2057.21
-1323.61,897.422
-512.505,296.97
-2237.16,-1749.38
-2266.81,-3672.32
-1737.12,-1825.82
-523.618,998.986
1009.41,1111.93
3419.31,605.817
1258.95,3847.01
2180.87,1609.6
1911.02,-548.737
2075.09,1228.63
-1537.05,3565.24
2253.15,-3037.72
-4719.52,-786.174
1419.2,-3537.42
-4326.79,2245.93
-242.468,-2412.41
-3687.65,-3034.85
-1252.01,-3028.97
-1452.12,894.188
1831.85,1046.16
1082.28,1739.17
2423.46,745.104
3127.45,1891.54
-902.097,3839.58
427.436,-2820.57
-4547.7,-3592.49
-911.629,-3821.39
-1222.61,1879.19
3907.3,2300.07
2981.43,3829.58
1829.74,2323.73
2276.06,-932.601
-1937.05,845.28
3009.04,-1578.2
-5165.36,3081.66
1766.37,-5402.59
-6208.8,-1255.35
-980.504,-3414.01
-3880.62,-663.484
-967.761,-2177.32
-2960.78,-1058.06
-2505.05,-2185.97
1198.29,-2656.69
-2948.14,3553.77
2469.57,-1206.02
-2923.99,-329.023
1735.46,-2795.97
-3602.75,2407.74
4219.26,-1961.77
-2627.92,3230.98
3222.1,-1312.16
-4013.05,1008.51
4748.45,-4006.43
-1184.54,5286.88
5166.45,3006.57
507.959,2162.67
193.115,-1951.2
-331.156,-1991.7
-1073.41,1332.89
-3067.75,411.85
-1529.5,-5751.09
-3891.56,-3183.84
-1890.76,-75.4144
-2484.47,248.116
-502.239,-3519.07
-3646.58,-1400.52
4040.3,-1577.9
272.124,6887.89
5195.39,2705.78
-786.388,593.532
2696.79,-3474.77
-2841.09,2886.43
4113.81,-120.66
-15.1566,2813.21
3003.63,532.53
-341.185,1450.29
4162.07,-654.04
-401.857,4369.51
5220.73,696.825
-45.6091,3035.16
1688.15,-320.006
-1103.95,-710.287
-1639.02,-1278.6
-4106.48,-1883.47
-4074.07,-4855.28
-3951.26,-4453.21
-2834.32,-1237.44
-3324.31,105.794
511.797,-3543.97
-2503.42,222.999
-110.353,28.764
1555.35,-412.278
-659.799,2122.55
2099.41,-285.798
-1509.37,756.043
489.847,-1720.21
-3605.01,-327.354
1709.52,-3317.45
-527.443,2435.64
3014.84,2855.43
1800.9,2013
3752.82,26.1779
2183.31,3433.27
3740.82,3484.23
2226.29,2174.56
544.78,-87.146
2473.45,-1252.01
-301.117,3534
-969.693,1038.97
1150.8,-4826.78
-4096.54,202.108
467.189,-905.888
-2316.74,208.278
3719.8,-2224.87
-2267.54,4797.61
8378.03,-359.639
-2114.54,6886.14
7895.56,-1748.32
-5081.58,3947.04
1864.2,-4895.05
-2433.58,-1828.36
2688.08,1523.53
178.577,5621.2
4463.29,-695.405
318.962,674.549
806.269,1386.29
3327.21,684.386
-393.944,3372.57
1496.3,-863.791
-709.978,-1347.65
-992.581,-196.048
-1898.61,-170.951
-165.495,-2544.67
-3989.68,-441.488
19.8349,-3128.35
-330.801,120.018
-672.16,2640.34
3230.18,-805.081
-1065.54,1812.55
1106.85,-424.675
-520.003,-335.248
2953.77,-166.148
-1973.38,4401.32
1562.6,-2187.61
-3955.5,-2557.72
-232.746,-3499.24
-787.365,1830.49
1434.63,2538.72
1811.87,387.242
1689.85,173.917
2050.16,2169.91
216.238,2927.55
2516.52,-1509.66
-1158.45,506.813
2200.57,91.5591
-2563.94,2459.45
3060.48,-3361.01
-4217.87,1396.53
311.761,-2384.13
-987.888,-1310.96
4472.99,1109.3
-261.228,7644.65
5684.31,-596.957
-1873.95,273.007
1270.68,-1742.84
-2157.85,1248.1
135.556,-1174.1
-3575.61,-1371.86
115.072,-3954.24
-2734.16,1023.97
2401.66,256.725
506.385,2292.03
179.825,710.045
4266.19,-1788.46
2168.3,5315.9
3530.89,5509.89
3606.1,261.267
-1303.54,-299.498
419.016,-1950.17
-3733.17,557.454
985.004,-3234.67
-4980.88,262.792
493.608,-3729.21
-4656.85,-208.845
2192.2,-2753.18
-2031.81,2850.61
2608.28,262.803
-686.758,736.326
1158.2,-1025.16
-898.353,770.131
151.664,-141.051
447.655,-583.638
-1188.76,693.535
1812.02,-956.81
-1092.07,1711.49
2115.86,-312.039
-519.663,1191.91
3211.71,-118.49
1316.74,3377.31
3639.78,2483.3
-364.849,1963.8
-65.4205,-2724.7
-1038.09,-2282.39
-2468.93,1007.61
959.651,-1150.97
682.662,202.049
-592.689,2144.62
27.6536,-878.032
1336.41,-2126.71
-1363.84,2579.43
4286.53,599.51
648.546,3488.34
2505.4,825.484
318.253,147.366
612.076,-231.285
1121.02,766.496
-2387.5,1787.06
2758.74,-3863.77
-3122.36,1637.88
3479.62,-179.375
812.613,3171.42
781.779,1709.03
-386.812,-1942
1088.52,-2293.77
-3392.47,3175.4
4888.17,-2047.84
-4298.22,3274.94
2744.82,-3493.02
-4918.06,-13.971
-76.0685,-3345.66
-4551.31,-714.475
-1461.83,-3201.74
-2446.2,-1854.1
2663.87,-319.696
1357.58,5553.01
3381.42,2839.65
3176.95,-401.909
-400.173,1757.59
2318.15,180.626
43.2903,1516.55
-987.642,31.0041
186.074,-2900.84
-2513.91,-96.2869
840.319,-615.763
344.911,1153.27
1471.91,1274.06
723.508,1052.6
3331.69,21.2961
-1768.56,3615.02
2951.13,-2028.03
-3739.65,195.362
-1010.38,-3164
-4831.94,-2188.71
-544.209,-3870.35
-2422.71,869.464
-1097.96,426.54
106.275,-2495.95
-842.738,-512.502
338.178,1292.09
89.3217,1037.26
1831.07,-1008.19
-2685.57,1378.36
1338.99,-2567.54
-2414.33,136.876
278.688,-768.084
-3728.55,-56.0154
469.248,-4474.85
-1924.55,200.138
-480.857,1765.1
1814.72,-776.478
-945.229,692.047
1177.24,-387.839
2400.89,1012.27
297.555,3908.55
-229.108,-257.538
-1650.32,-4305.34
-5849.31,-2599.46
-2124.23,-4286.85
-3026.88,-1045.18
-3823.47,-311.47
-220.143,-4519.57
-2715.25,-554.827
1662.23,708.351
-1540.72,2765.71
3350.65,-2501.56
-3427.06,1605.18
3844.07,-1934.22
-2948.97,3434.7
3884.44,-1687.29
-3805.28,1659.62
1372.49,-3361.37
-2444.4,-199.336
2403.75,57.2231
-1084.13,3448.12
2051.33,-1183.17
-2273.93,-766.064
1051.32,-1944.56
-3955.45,1861.75
-1295,-3545.62
-6381.51,-4356.49
-4761.36,-6002.41
-3919.2,-3179.75
-1834.29,-10.8578
-746.971,386.999
-188.421,-1108.4
1087.5,-705.81
2559.87,2705.5
1098.36,4582.4
2565.05,-653.827
-987.338,-989.707
2110.99,-601.621
320.014,3909.39
4950.77,1595.19
-1651.6,3132.67
2744.39,-3407.5
-3666.74,310.997
3027.21,-1508.82
-1394.66,3657.88
5535.25,132.676
-1608.13,4048.04
3831.83,-1750.03
-2099.1,1101.95
2379.91,-879.684
-3201.34,1978.71
58.5339,-3419.18
-2158.86,-2339.25
-1715.78,150.097
2607.62,-58.5726
-688.412,3429.4
5564.76,-349.336
1617.6,4459.53
6615.8,3434.84
-974.149,5135.82
3758.51,-4050.98
-4463.36,-301.994
162.634,-2109.22
69.8538,212.57
-1267.13,2173.48
-481.315,-1889.13
1125.88,-2975.84
-2132.09,3184.43
919.774,244.685
2298.85,-1861.36
-23.9713,2931.05
2789.87,2228.04
1231.41,1203.78
-1879.03,-373.029
276.288,-3817.72
-5625.97,205.129
99.1977,-4109.59
-5426.96,-794.658
-249.863,-3620.28
-5730.35,-262.159
2992.62,-4381.04
-3564.58,3821.09
6167.8,-25.8489
-2299.77,4644.11
2598.07,-2556.33
-5475.64,-1467.27
-49.7876,-5166.07
-2155.42,746.449
1520.13,2228.22
-420.42,1428.7
3471.11,-2517.82
1788.01,3386.22
3088.61,5535.76
4181.19,1578.56
1170.42,656.355
1454.87,359.306
310.798,1487.03
417.049,251.728
-1887.94,-949.601
-52.7097,-2963.29
-1728.17,538.222
-647.711,522.007
2744.69,-1378.18
-2476.85,3139.6
977.346,-1770.72
-1248.35,-2027.31
2207.47,18.9067
-429.152,5075.99
6553.59,65.4223
-1643.7,4106.6
2181.79,-1758.25
-3007.42,-1331.04
-1216.58,-2534.27
-2848.72,-798.393
217.845,-1586.47
-2093.29,795.495
3738.12,-1153.72
-988.739,4286.04
1882.91,262.458
-435.945,-1668.79
-3229.02,-1039.11
65.1542,-2977.23
-3265.32,667.547
-1341.36,-1655
-2728.13,-2924.56
-272.644,-2451.78
-2531.65,2161.66
4110.72,-830.287
-2232.64,3394.36
5481.5,-1701.24
1952.31,4242.09
5299.83,5186.72
-711.396,3626.83
3546.35,-5588.1
-3887.76,849.356
1472.36,361.606
1239.74,1140.09
365.392,1541.58
3191.27,-336.645
946.88,3007.95
1619.36,2068.24
827.344,-514.134
-1356.79,-917.878
-580.771,-1449.82
-2129.81,-142.651
2388.16,-1492.72
-3113.17,3200.96
180.157,-2602.4
-5059.24,-3458.59
1283.42,-4702.16
-1765.78,4689.6
6220.77,2813.43
143.722,4210.68
5083.88,-1865
-1025.79,2827.35
4411.46,998.946
-947.47,3387.47
3335.24,-1795.23
-1789.62,1100.67
1801.07,-444.767
547.133,1365.29
469.755,1401.01
512.697,-568.76
-3128.21,-825.559
2328.38,-3782.34
-3363.74,3602.71
3600.94,-495.029
-765.739,1279.17
-2506.14,-460.937
553.964,-4859.51
-2838.8,712.608
-765.29,880.007
-1000.3,-1907.62
-1853.17,-2524.81
544.672,-888.01
2041.3,3248.73
975.867,4038.3
5222.41,-1306.66
115.517,3315.29
3355.14,2043.81
-1222.09,1507.42
-886.027,-3573.03
-4995.14,-3244.3
-3082.6,-3858.31
-574.643,-1588.13
-917.732,2778.21
2235.96,530.025
-938.94,336.467
1883.86,-1659.84
16.7687,2186.98
2900.47,2022.91
1102.3,2086.67
725.799,-180.313
-755.07,-1055.9
1244.13,-866.817
-2103.77,2638.7
1143.84,-1843.55
-1788.74,-1301.96
288.693,-703.738
-740.62,1557.67
471.145,-215.277
7.79912,-935.975
-126.264,184.105
3258.27,910.021
1316.75,4529.89
4557.01,1565.74
-1068.47,2021.47
-295.806,-2769.73
-2763.91,-2772.59
-297.872,-1333.79
1777.11,2227.91
910.68,4008
3390.9,-472.817
-326.263,784.002
2488.07,312.87
-1843.66,2660.27
2234.82,-2552.76
-3256.62,123.505
1245.45,-1894.16
-3473.21,1229.78
-1042.61,-2933.45
-4636.38,-3233.83
942.507,-3826.5
-1709.22,4058.09
2827.82,1819.19
746.722,10.7963
787.489,-606.043
490.708,1119.54
1978.62,1488.07
1255.49,1845.13
268.341,497.574
-165.341,-1387.77
-522.741,-826.853
-341.376,576.147
1699.54,430.172
-1748.4,1763.52
1022.15,-2676.45
-3201.31,-695.578
1605.82,-1779.71
-2258.95,2620.54
-58.7445,-1187.19
-3033.87,-3005.18
-156.559,-3296.62
-7098.29,2142.3
3711.78,-6453.19
-6497.5,2112.32
3289.83,-2295.72
2371.13,2216.49
3460.1,6079.57
5008.23,3370.69
2319.32,1458.52
490.122,234.842
654.369,-622.869
2312.16,773.64
-2117.59,3876.75
2783.13,-3309.42
-3164.44,-372.102
1039.92,-1022.35
2570.11,1754.47
2323.88,4908.5
3822.73,2107.5
1848.3,805.594
2.76157,720.227
-1171.32,-728.465
-981.118,-2462.73
-2532.27,-968.311
-13.356,-1220.18
-1718.56,691.921
955.722,-1127.2
-3568.07,362.778
720.804,-3823.46
-2087.04,178.225
2761.42,1033.64
1998.67,3785.67
999.376,2186.8
2772.59,-2032.38
-2480.33,1546.34
3476.08,-1109.9
-420.183,3175.86
2028.64,949.147
-377.217,-283.058
1300.69,-1355.43
-1759.03,1946.75
2749.4,-836.94
-1016.12,1769.8
872.646,-333.929
55.4965,-597.639
2944.65,541.447
-4883.98,4585.61
3238.53,-6890.34
-4687.98,-849.521
-845.519,314.746
-1793.04,-610.353
-1174.88,-2976.14
-3003.91,-1443.08
749.141,-1379.36
538.141,2310.81
4750.35,2519.53
873.789,4622.07
3336.54,-651.954
-1720.72,20.2423
2305.61,-1536.36
-2586.46,2959.72
2248.08,-1742.32
-2021.07,-87.3163
412.882,-1005.47
335.449,536.412
2216.08,1626.72
-1029.25,2667.52
4032.06,-2646.37
-3403.59,2679.19
3367.44,-1678.91
-3885.36,1661.16
128.079,-3560.2
-5209.1,-2095.27
-1083.92,-3976.75
-2920.86,-34.0834
422.496,-184.418
-739.213,461.859
-3812.74,-979.25
1641.26,-5872.85
-3160.36,2636.48
3458.57,1786.86
1138.9,2276.65
-966.816,71.8302
-981.884,-3631.99
-1433.15,-1786.19
-2097.99,1362.81
-287.877,-1171.93
1597.55,-1863.33
-1656.26,3232.21
2827.33,-88.9675
-1267.61,634.052
2644.35,-1427.08
-1462.32,2899.26
4449.4,-154.423
-2973.43,3190.99
1527.84,-3593.17
-6374.13,-1657.49
-843.513,-5492.52
-2651.54,-263.667
-626.351,1663.72
3179.78,-497.316
-1216.66,2722.95
4168.96,-737.286
1255.19,3129.64
6277.15,3154.98
328.744,6008.31
2595.52,-1941.41
-1525.55,-2507.3
-1019.86,-300.87
-1365.49,922.384
504.657,-1596.01
-3738.98,-526.233
3417.05,-3554.43
-2138.15,4884.66
4186.56,1160.12
-372.571,998.186
2254.26,-1345.82
-354.245,2075.81
3082.66,1203.96
-628.708,2315.3
1756.76,-1740.73
-1634.09,-35.4335
-1733.5,-571.076
-1593.03,-2590.55
299.882,-1902.59
-3295.83,2685.67
5743.68,-2330.33
233.156,5160.94
4193.29,3408.5
3077.93,1122.31
-1391.85,1134.49
1206.08,-2835.61
-902.661,298.545
-3002.86,1499.97
1812.3,-4412.33
-5187.4,436.22
538.895,-2794.41
-1849.88,-152.046
1603.46,262.226
1654.09,2427.13
4024.79,2469.06
2015.56,3574.05
837.377,809.518
-744.718,-2285.45
-5131.65,-2185.52
-2299.82,-5233.94
-4707.03,-1804.96
766.052,-1597.49
-289.057,2578.07
4507.69,1570.67
375.366,3895.8
4970.52,-396.317
1218.67,3178.44
4475.52,2718.04
-245.859,3358.4
1351.2,-2611.57
-1644.49,-1686.72
-1532.8,175.596
1616,-471.401
-3856.43,1848.81
337.313,-4784.13
-2024.1,-1917.96
-739.181,1786.93
3134.24,1029.59
-1284.42,2621.39
473.495,-2529.3
-2267.6,-2259.29
394.6,-778.398
-3988.2,2499.12
1224.36,-4637.37
-5683.54,-1470.66
3088.83,-3304.48
-2010.22,5300.45
4037.33,1096.87
944.307,429.819
2028.46,528.87
-518.114,2490.08
3659.17,-861.392
-1815.84,2530.62
2114.99,-1299.62
-980.967,259.028
-445.424,1.13377
-688.144,-961.174
-3433.93,-1201.24
-3328.19,-4141.5
-2005.82,-3992.32
256.326,929.182
1596,4392.44
4737.98,1808.76
-108.206,2482.11
1776.15,-1531.3
-3202.84,-205.447
-988.891,-2976.46
-2076.23,-1601.21
-1854.35,-179.489
-428.78,-1139.9
1207.38,-524.153
810.663,2831.7
3894.6,2062.44
3076.17,2968.66
3149.88,2770.36
3586.83,1939.23
-551.999,2531.35
-786.226,-2446.51
-2854.27,-3935.61
-2835.27,-1983.44
-394.269,-332.889
-1192.52,1233.35
765.269,-1262.61
-3241.93,-418.191
2227.68,-3218.53
-1068.25,3186.12
3268.93,2139.11
-287.053,1509.6
2047.76,-2222.79
-5304.64,1008.65
3095.36,-4993
-5824.13,2575.4
2129.95,-2855.68
-1953.56,-80.9804
3161.76,319.722
1159.92,4536.73
3103.27,1872.57
618.55,44.347
490.515,-838.999
2133.37,717.384
-440.515,3901.66
3053.25,-875.834
-3605.82,187.431
493.608,-4057.45
-1600.42,36.0093
60.9764,1820.58
1861.97,173.258
-2397.66,722.335
1464.12,-3374.77
-857.952,1000.11
2383.22,2389.57
-248.342,2469.16
2520.35,-2376.09
-3246.33,798.189
992.375,-2013.1
-4282.98,154.758
-21.6301,-3991.75
-4105.71,-793.981
2981.73,-1735.23
-844.835,4688.71
4726.33,1162.07
1834.86,2109.49
1604,1836.24
3003.69,480.483
1279.03,2565.69
-294.832,1602.48
-2140.8,-2921.8
-2504.66,-4925.86
-3791.92,-1175.22
-740.258,-646.88
929.781,-33.752
1213.34,1980.16
5.10022,1910.51
2658.56,-1689.23
-2070.32,1657.3
-141.328,-1028.47
-3070,-2141.71
-1675.66,-3521.5
-2451.99,-680.756
781.56,-26.0014
-1696.64,1605.71
-286.743,-2253.83
-2113.33,-2312.47
-93.1277,-892.525
3905.63,2203.87
1867.86,6622.64
5334.83,1236.86
685.596,1105.75
1044.72,73.3598
339.107,420.33
-1787.55,400.084
529.688,-2886.03
-2901.11,-28.6778
1532.69,-1129.43
-1384.89,1942.15
3770.03,-480.931
-2552.2,3189.55
3327.6,-2623.8
-2096.34,1153.16
3752.72,38.6023
-2024.57,3976.77
3522.96,-2338.61
-4600.55,572.16
-494.871,-3999.58
-2771.6,-1839.43
-2360.59,-157.085
-866.353,-1666.45
-142.801,-1278.9
1474.08,1412.51
1128.94,3492.06
1509.08,527.247
271.735,-1264.81
393.706,-137.751
-2502.3,1716.79
28.1696,-3277.19
-3569.98,-2139.32
582.253,-1876.34
-1525.72,2627.52
5124.56,126.149
1443.07,4623.65
2717.78,2535.75
516.372,-540.618
-1393.32,-1780.96
536.441,-1492.95
-2865.29,2264.47
-841.141,-2434.3
-1828.1,-3804.43
-2390.89,-523.173
1965.1,397.385
-519.971,3200.67
2647.98,-737.643
-544.891,453.24
3466,259.33
-503.632,4418.28
4398.78,-360.375
-783.34,1724.93
721.376,-419.613
-2361.23,-866.385
-1045.15,-2986.11
-5735.14,-1143.66
-627.349,-5265.8
-7958.27,-654.278
1949.42,-5971.71
-4786.23,2494.41
2955.5,-430.494
-1273.83,1395.27
2589.35,-1043.9
142.683,2153.47
1521.68,1556.72
-1373.2,41.0906
-2682.78,-3545.72
-2070.25,-4199.19
-2444.34,140.103
-956.887,620.796
1783.62,-1483.81
-92.6624,1765.87
3760.18,1699.88
3384.67,3796.82
2527.35,3587.65
1083.01,187.349
-110.746,-1940.82
-3230.31,-553.678
-468.53,-2685.83
-4193.96,-591.22
804.521,-3266.68
-3944.04,1179.06
3863.24,-2037.15
-1516.46,3922.84
3542.62,454.457
376.072,1065.62
-1162.5,246.389
1205.07,-2625.48
-1996.64,1159.73
1448.22,-11.7429
-4069.5,624.726
2023.3,-5552.08
-4123.38,1537.87
1829.89,-15.8393
-1469.1,805.199
3243.73,-1790.84
-681.106,3577.87
3989.2,1362.8
556.402,2142.37
1821.19,-191.689
-1447.82,383.031
-66.3385,-1755.84
-3275.24,-788.938
258.578,-2915.8
-2456.21,727.592
602.823,-475.808
-592.368,-36.2294
2545.73,-227.628
-472.967,3575.87
2668.26,4.09575
-1959.72,92.7335
-841.365,-2690.16
-846.488,-1568.62
-1107.18,1312.58
-1151.82,-3.25767
-78.0453,-2992.34
-2093.95,-430.518
540.861,24.8178
-1126.71,1057.63
1257.55,-1475.29
-23.7831,580.852
2732.63,1649.92
1212.94,3435.57
5120.97,614.655
-2470.01,3790.34
571.072,-3629.62
-3525.78,-3462.24
-1316.9,-1600.87
-749.219,1318.14
-1287.11,509.554
1490.28,-3074.64
-1910.11,1271.74
4014.74,689.603
-1175.52,4314.3
2037.16,-1824.78
-1011.84,-1639.79
753.412,414.377
-637.168,2659.09
1824.01,-1040.27
-4625.26,-371.111
1574.26,-5374.86
-2775.7,1945.53
1627.58,1708.53
2613.38,454.16
142.556,2092.34
1791.55,67.1666
965.674,493.651
-431.964,1387.93
-193.332,-985.705
-1311.61,-1796.73
-2639.66,-1101.47
-1005.48,-2103.66
-501.294,-584.806
-2205.92,1220.19
2040.5,-2393.1
-2702.17,1306.27
2594.5,-1146.91
-1326.4,2117.56
2952.23,-357.656
-42.0944,1976.24
5066.74,767.522
-706.79,5203.21
4377.47,-1037.23
-1737.71,817.673
2854.65,-1055.51
-906.544,3039.54
6476.2,365.706
1269.51,6156.55
4364.76,2275.45
1914.28,292.213
1490.32,702.189
2243.24,2037.65
-1081.6,2612.63
-1940.79,-3395.15
-2946.82,-5733.09
-5366.2,-1434.04
-62.9946,-2071.07
191.251,998.31
1139.52,2448.27
2630.5,883.04
3676.07,1532.27
1478.43,4584.36
3058.36,1125.57
1594.6,-59.2247
-1091.16,1210.62
3102.82,-1208.01
1893.17,3138.94
374.229,4225.74
4460.9,-2076.29
-2525.29,1863.57
3097.03,-1053.17
-128.358,2336.82
3631.72,1306.56
-255.924,2862.87
2801.74,-1214.12
740.205,1046.37
-856.464,2409.55
208.748,-2068.34
-5335.64,-2507.77
671.251,-5592.2
-5410.29,2648.4
2647.9,-1752.81
-4227.37,569.177
4457.29,-3880.81
-3368.5,5160.74
5877.22,-109.868
-1212.06,2942.8
2315.32,-1062.1
-4421.85,19.2597
112.018,-5082.88
-3687.88,-528.578
400.86,-142.244
18.2249,927
134.748,248.537
2627.22,-606.1
-1451.25,3372.14
4892.12,-911.391
-942.392,3386.21
1160.25,50.9946
-1162.61,-1833.55
-2955.95,-1885.06
-2472.89,-2619.42
-4937.62,-2112.68
890.134,-4560.74
-4733.12,2674.22
3043.92,-1798.76
-3120.73,1178.79
3831,-2242.72
-3311.7,3819.73
4817.88,-1825.91
-1616.62,2664.9
-345.047,-98.7988
-2105.61,-3321.24
-2126.95,-3190.45
-632.729,-2.09032
1949.02,2287.72
2223.28,2966.75
2289.52,1221.21
3135.57,576.999
587.531,3372.47
2654.12,709.474
-1853.6,370.023
1882.59,-3111.82
-1594.19,1953.02
1686.03,1131.33
-2540.73,322.036
-4214.27,-4813.36
-2076.17,-6769.58
-3751.92,1122.16
1438.28,1505.38
-677.697,813.253
-649.421,-2380.38
-312.371,-1918.87
3280.48,1935.62
1298.23,6714.43
4314.94,635.332
-2234.18,-614.75
-2555.65,-3756.08
-1564.06,-3389.67
-2442.65,1124.39
1105.18,-16.0464
797.851,366.996
-79.2739,1211.04
2822.96,-249.202
-393.974,2745.66
145.082,-12.1276
962.144,-2516.09
-3988.33,1052.7
2275.87,-2919.21
-4697.89,1609.44
481.228,-3505.66
-4812.14,-1557.29
-471.557,-3394.79
-3141.39,337.649
2853.17,-923.837
-3327.22,3359.76
4149.66,-3268.8
-626.866,2135.31
5558.85,2937.19
2528.53,5987.02
2195.06,1340.69
1972.88,-2607.53
-2086.64,1295.25
1105.22,-130.849
-2212.94,73.9486
-323.038,-2959.9
-4295.41,-992.678
1017.87,-3145.4
-2313.31,1953.8
2155.38,130.886
-1866.85,921.479
-2593.66,-2733.4
-1072.93,-4882
-5339.68,574.243
-1030.55,-2725.33
-5160.93,-2650.34
139.179,-4773.2
-4865.38,2123.73
3700.3,-1811.73
-2548.87,2676.91
2494.81,-1359.19
-561.293,632.579
266.244,724.614
963.591,-193.902
-928.477,597.69
272.26,-1028.57
234.697,-305.685
598.25,1379.48
-2210.26,1151.05
1460.97,-4343.61
-4797.67,344.277
783.68,-2322.4
2248.02,510.507
2714.27,5682.67
893.99,3812.1
1540.62,-4000.52
-4209.6,-2018.45
-1616.2,-2078.81
-1218.02,-627.598
-2360.36,146.959
-1867.77,-2834.35
1174,-3012.62
-3680.59,4068.91
2895.53,-1767.13
-149.328,-249.294
-383.28,1650.16
781.795,-163.727
3297.24,-428.052
-798.974,4798.67
3239.43,-122.948
-2366.69,-362.47
1472.55,-3041.3
-2264.37,2056.66
390.478,46.5007
529.06,-1576.88
1511.18,687.623
-414.18,3760.65
3596.48,-820
-2035.4,1169.04
71.9703,-1826.95
-4376.07,-1457.19
-1833.1,-4526.26
-6117.87,-1863.77
-1858.15,-4397.67
-5876.33,-1545.04
435.634,-4067.5
-198.933,1654.42
2277.5,4002.17
4649.24,1999.72
1375.25,2850.57
3661.5,473.554
-1349.23,2357.67
3753.33,-1919.35
-4778.47,2568.83
399.013,-4501.52
-4841.85,-2695.39
-1259.72,-2548.03
-1209.93,497.584
531.268,836.049
-1997.81,166.56
2827.42,-3505.38
-1570.65,3462.37
2168.22,1712.89
-237.613,-369.094
-2024.16,-2064.8
-2058.89,-2718.56
-2147.44,-1193.16
-2504.85,-587.969
686.665,-2448.01
-1547.42,1234.52
2781.34,484.948
991.285,2704.41
2516.29,1311.03
-1134.67,928.49
2120.54,-2658.03
-1508.75,1793.55
2988.14,855.4
-230.596,2409.51
1916.35,-821.202
-3374.63,94.5388
2344.03,-3760.16
-3031.79,2710.63
2600.53,-145.511
-526.285,803.234
616.976,-409.07
299.827,34.4778
1980.07,948.092
-1098.98,2789.32
-1646.01,-2316.62
-1860.94,-5384.12
-6497.58,-995.95
-827.364,-3981.32
-5441.83,-930.069
882.786,-3768.83
-3949.3,1543.97
6392.12,-1407.34
-2648.21,7120.7
7741.06,-1281.6
-1401.52,3570.09
4296.29,48.1857
-88.4954,2443.61
3590.73,322.072
32.9597,2652.06
1982.02,130.71
1626.73,231.237
3183.46,2408.48
2039.25,4576
3607.72,1048.76
-920.9,638.452
1208.12,-2104.11
-2074.84,812.408
83.4472,-724.489
-3244.53,-968.396
-2001.14,-4004.97
-7304.29,-2558.11
539.311,-6542.82
-4497.67,2415.24
2886.41,477.359
-292.36,1489.08
5671.84,-430.157
394.831,6508.96
6072.63,1892.04
1239.95,2264.61
1943.18,344.381
-2552.61,448.127
1817.28,-3764.18
-2873.78,1657.27
-438.031,-138.552
-1432.6,-2471.53
-2721.44,-2174.67
-801.937,-1606.57
-2348.41,723.649
-43.9921,-1706.81
-1943.01,-1075.29
331.698,-1094.23
-3941.71,1223.16
3204.85,-4250.82
-5809.02,2622.53
2196.29,-3566.41
-2079.5,-82.438
3143.42,854.323
998.71,4532.57
3185.79,1112.57
412.901,102.459
2447.96,-277.803
3445.56,3509.82
2310,5568.14
4564.71,442.004
-1556.08,946.478
1237.03,-2335.09
-2532.66,484.522
254.793,-1152.46
-2559.04,-414.301
336.444,-2466.06
813.175,664.082
-1426.52,3609
3880.36,-2255.75
-1439.82,1616.22
4523.8,684.195
-2304.41,4660.71
3035.98,-3325.95
-7162.41,-983.877
0.96225,-6730.05
-7163.5,-51.5628
2121.25,-3311.23
-1691.48,2462.98
228.347,1173.51
69.4059,-2138.33
719.504,-1165.55
129.619,3092.71
2964.29,1698.15
-1705.29,1135.93
144.059,-3904.56
-714.641,-1275.96
-2726.97,2703.4
2117.63,-2353.4
-1359.76,-30.6723
-1013.14,476.891
1844.84,-1351.6
683.884,2034.93
2499.34,2631.66
1564.1,1758.54
869.593,-166.043
-1798.9,-548.659
141.169,-2367.41
-2861.73,402.013
-1218.38,-1701.6
-1395.5,-2412.74
-1534.49,-538.293
2370.08,251.83
1851.06,3918.47
2709.73,2823.25
3604.32,320.62
3915.65,2578.77
2062.31,5614.98
3676.77,1003.76
660.385,-238.417
1750.69,148.484
660.316,2779.98
3249.45,1168.8
-3433.8,1768.11
1037.54,-5730.44
-5268.75,-1024.58
2969.49,-1610.22
-1884.25,4815.59
2476.42,-523.537
-1741.76,-1503.23
466.717,-1904.1
-4412.44,1779.45
2915.9,-4078.73
-3960.3,1727.85
-602.621,-1314.12
184.661,-2825.96
-262.453,1363.33
1163.58,2597.09
3903.55,600.149
3678.28,3170.25
4685.38,5163.87
5569.8,4163.83
521.414,3187.45
1613.3,-2928.8
-3197.98,-1196.23
-2085.74,-1686.03
-1452.81,-2054.38
-2504.8,-689.391
-1876.81,-1672.25
-3864.12,-2338.67
2296.69,-3917
-4194.9,4998.27
1980.68,-1526.09
-1705.68,-2547.5
-1127.95,-1005.29
-1765.42,740.62
1913.09,-1411.83
-1745.96,1726.1
117.785,-863.145
-1167.54,-1738.53
-620.683,-916.24
2181.62,848.536
525.959,4048.46
4065.91,413.455
1014.29,1793.68
2981.65,1435.14
-86.4247,2550.97
1335.94,-1214.77
-4800.09,-946.31
-499.154,-5593.56
-3139.78,-443.478
-449.029,1085.96
898.226,-221.938
2175.53,245.434
-1077.51,3305.68
3783.14,-1308.65
-2429.85,1812.53
-67.8341,-1855.12
-2140.33,-2219.94
-153.175,-1317.45
-442.981,1810.73
-852.936,758.4
436.253,-2970.06
-5082.59,-579.766
1470.45,-4170.52
-682.646,2154.13
443.725,3419.71
5069.02,-1125.49
-1389.83,3639
4349.73,-206.713
50.1374,2441.63
2207.27,712.762
-4278.94,540.753
1174.38,-6580.87
-7186.4,217.064
1505.44,-3451.9
-1706.49,1312.32
281.042,1197.7
2747.06,-795.811
-223.252,2640.93
2623.35,875.985
-1215.54,1060.74
209.578,-2406.44
-4838.35,-1173.82
-991.438,-4541.02
-4929.45,-927.828
337.038,-2515.15
-5319.08,808.328
4831.87,-4732.95
-524.204,5480.87
5097.75,4756.99
1393.32,2059.84
3166.65,-2304.46
-2984.86,2208.75
4073.39,-1466.81
-1547.09,3264.8
7.35571,-342.536
-1780.51,-3419.62
-3082.99,-2517.72
-3994.45,-1343.8
-2118.32,-3437.41
-4294.7,-2217.44
-1238.03,-2915.07
307.843,118.464
3360.3,3448.5
2224.66,4949.47
2925.53,267.093
-468.184,-721.115
-1842.9,-926.221
-338.507,-1975.71
-877.524,210.792
-1231.24,680.147
1401.08,-1887.69
781.448,1167.11
4391.26,3312.96
1189.69,5328.17
3423.09,-970.036
-832.258,-530.804
619,-65.0414
-1782.01,1289.82
283.869,-2337.18
-3898.37,-1275.5
-798.07,-3275.57
-2218.56,-316.502
-811.938,49.5173
1638.98,-853.628
-1859.65,2100.79
3314.46,-1433.15
-2969.46,2289.44
3558.96,-2326.5
-6595.88,2183.43
1763.84,-6631.9
-6354.18,-665.65
1452.84,-2254.09
-1653.29,2231.12
920.064,157.701
-1452.48,-1055.68
1476.92,-2172.35
580.226,2972.63
2548.05,3349.44
3681.55,1021.37
320.429,2043.99
3457.71,-134.248
-1010,2808.06
1901.65,-889.868
-43.0478,-218.64
83.1857,901.77
2540.12,499.705
2263.84,2822.54
3552.57,3136.6
-1216.87,2439.28
2827.88,-4431.57
-4495.44,1042.17
2616.73,-1625.28
-1817.84,2284.26
1308.99,-634.173
-3419.52,-699.505
1822.38,-4108.15
-4323.28,2685.83
4267.42,-1574.36
-1389.75,3002.22
2357.72,84.3736
2855.28,401.165
1525.44,4147.18
3502.93,2286.75
1101.77,1061.02
103.807,-507.424
-3173.77,-1034.42
309.942,-4025.58
-5708.04,842.008
-480.421,-4002.78
-4256.93,-2196.73
-461.82,-2192.44
-1198.77,1174.6
4561.18,745.646
-2245.05,5172.25
3268.45,-3263.23
-1911.77,-930.408
-577.024,619.897
248.95,80.3313
-2704.84,-405.088
783.589,-3884.83
417.62,1175.87
28.7812,4581.56
2758.46,-715.476
1918.78,-640.08
1398.31,3570.15
4207.83,3099.96
4001.74,2802.23
-520.465,2889.31
1110.25,-3142.32
-5339.76,-1761.23
-23.5603,-4469.43
-5373.31,994.472
1885.57,-2988.45
-6007.45,997.103
4605.29,-5163.44
-2817.06,4811.72
4020.95,1854.45
581.704,891.56
1496.79,-735.97
-1750,1129.21
1929.38,-1519.79
-3103.32,1294.37
-1308.81,-2762.14
-2422.82,-3554.26
-2319.61,-1039.78
-90.9115,101.551
71.1684,820.193
442.805,64.678
1992.97,-100.545
433.521,2785.44
3451.59,1119.33
1526.19,2249.06
-1388.29,1266.13
165.131,-4060.78
-3276.53,-1481.11
-817.438,-691.415
-733.846,109.866
-2974.04,-503.182
-699.689,-4407.25
-504.09,-905.591
230.188,3618.34
1038.64,1474.82
1140.64,-1999.86
-252.822,50.4604
1381.24,1754.49
1362.37,2057.9
-2464.7,251.698
-491.83,-5488.26
-2905.34,-1513.3
1733.52,1341.24
1655.33,3991.77
4955.01,1530.18
1828.83,3258.38
3682.25,1624.38
854.605,2162.88
3515.21,24.2534
-2006.75,2760.55
2944.09,-2415.19
-3677.9,1010.09
2121.9,-2504.6
-2783.92,1556.79
-1462.72,-1308.26
-704.148,-3856.2
-820.618,-23.236
914.685,2703.22
3481.95,1596.97
1064.37,2404.32
1775.18,282.323
-1156.15,119.734
-761.158,-1865.88
-1019.43,-1403.74
-2072.43,216.182
-115.307,-1562.77
-124.053,-569.483
220.053,1357.03
3049.71,1089.9
718.183,3062.9
3290.74,386.7
2106.22,1736.61
4142.97,3017.78
-2167.74,4305.13
2711.68,-5521.65
-8625.07,-1272.02
851.5,-6599.43
-5825.01,1445.49
-274.88,-1523.82
-2644.47,-2295.85
-10.0966,-2369.24
-969.887,1980.08
1766.12,1194.83
334.191,563.416
1335.82,-553.237
1715.31,1380.76
553.006,3144.95
2814.09,-210.04
-264.875,834.67
645.019,36.3856
752.697,101.043
1607.73,1131.81
1675.49,2346.63
1930.61,1533.96
681.692,579.39
-163.073,-457.911
1975.45,-723.043
-2155.44,3106.74
2604.54,-1936.06
-3075.23,231.248
1026.35,-2240.86
-2187.21,854.179
2813.64,-632.995
-1643.84,2919.42
1863.38,-1308.61
1132.27,-386.778
307.812,2980.28
1905.05,1137.01
-315.743,-216.356
367.671,-1497.87
-1765.12,554.41
2013.12,-861.055
-1683.99,2090.11
2275.68,-1205.7
-3071.06,847.831
2639.51,-2871.14
-768.696,2541.37
4062.88,2231.33
1263.15,3362.86
3062.45,69.9882
448.495,1046.67
-2141.49,668.662
-1371.8,-4073.41
-2799.1,-3069.6
-3255.81,-271.968
1283.3,-1616.66
-1168.34,1797.41
-418.529,111.62
816.906,-2397.21
-445.548,859.851
3036.65,1986.15
3076.24,3668.59
-254.919,2708.82
3422.94,-3582.26
-5415.7,1667.67
1698.76,-3751.7
-2838.82,145.144
898.309,-140.649
-465.675,973.037
3571.3,-263.843
-1129.24,3991.68
6850.52,-634.159
-1062.8,5561.73
3256.56,-85.8894
-427.54,-1026.97
947.126,-398.808
-3282.42,2180.75
-115.882,-4072.52
-4618.85,-2936.42
-1661.3,-2716.53
-2316.05,121.516
294.387,-610.325
-1968.63,72.5395
2383.38,-2053.34
-2415.48,2981.99
2967.94,-947.379
980.753,1094.95
-2727.56,2412.68
916.777,-4719.85
-1890.75,-1606.28
-1389.64,1926.65
2967.77,-193.852
-3756.9,2035.18
1870.78,-4781.87
-714.951,121.453
3233.33,4000.52
1652.59,4736.12
4224.3,-1049.55
-1548,1178.4
785.377,-850.207
-1807.48,-264.958
-4020.62,-1861.89
-2084.79,-5700.64
-2819.92,-1728.53
-719.555,1487.63
579.478,705.059
2775.27,-536.567
-1491.51,3147.62
6267.91,-989.126
-568.368,5566.42
5418.55,1032.61
-3918.5,1966.22
2210.6,-6120.18
-7179.45,300.822
1906.84,-3834.58
-3139.42,1708.75
1487.9,-350.943
216.232,246.073
1644.03,808.626
1391.19,2198.63
11.7461,1366.29
-1935.96,-2121.46
-1800.44,-4309.7
-1065.84,-818.614
-2171.36,2580.74
-93.8627,-2144.59
-2016.61,-3025.01
-3545.67,-1049.22
350.646,-2125.28
-2200.57,1167.28
3369.39,-754.56
-75.2116,3453.03
3334.21,1149.42
626.887,1356.66
4071.83,140.309
-2498.61,4329.15
3784.36,-3066.13
-3634.16,567.643
444.982,-1853.71
-3072.18,-344.325
-79.2642,-2496.03
-3197.59,-193.425
2585.1,-1929.15
786.568,3626.17
2991.79,3504.43
2428.25,959.097
-1817.39,39.2182
861.714,-3384.09
-3057.8,761.681
6.39862,-855.933
-4389.58,-1127.11
-67.8264,-5421.94
-4360.18,321.126
2757.2,-607.933
-1876.02,3270.86
3823.24,-1558.66
-2765.94,1838.66
1963.16,-1987.7
83.5104,698.704
484.182,2255.33
-1225.64,75.4494
-562.014,-3986.19
-2133.77,-1260.09
-2474.68,759.956
1129.31,-2236.41
-1256.98,538.371
2565.42,652.044
3310.21,3218.15
2674.48,4450.81
2267.78,1076.03
-1315.22,-1119.87
-25.7211,-2907.12
-2220.13,754.323
1657.97,-116.2
-3075.45,1355.07
2563.34,-3966.62
-3383.9,1746.75
4949.62,-384.86
614.163,5108.47
6318.36,2054.57
-705.579,3949.79
5985.39,-2277.44
-2610.02,4231.09
4216.84,-708.253
-2198.42,1478.87
-643.312,-2153.56
65.6512,-2614.13
-3961.94,1884.4
2769.48,-2748.91
-3561.13,1534.14
1275.34,-2015.54
-48.3402,-12.6641
587.38,2027.7
125.782,971.837
-825.945,-1799.96
-766.029,-2277.69
-3105.44,406.129
-15.0336,-2122.92
-4652.38,-893.534
444.458,-4492.09
-4497.6,850.074
4622.62,-1596.45
-3197.5,5253.11
5867.95,-2141.84
-1922.86,2688.43
3322.77,-7.16403
-414.822,1907.92
1698.2,-241.656
-1146.2,410.859
528.698,-1256.56
598.378,235.654
1111.43,2188.51
3175.16,1634.25
601.559,2476.57
1380.11,-434.107
950.781,-483.877
123.015,1814.24
2013.22,897.234
-2748.14,974.744
1081.29,-4588.37
-2530.77,44.697
-746.786,1026.97
-1581.24,-1216.08
-2454.55,-3475.32
-4314.62,-2721.04
836.421,-2862.81
16.0452,3544.51
3785.74,3298.42
3534.64,2162.52
2659.53,2107.92
-31.9998,1876.96
2747.63,-1806.82
-3564.46,1744.14
3247.25,-2868.23
-2168.35,2424.29
2593.09,204.114
684.155,1191.07
1217.45,1002
-1527.07,555.937
601.139,-3047.96
-11.4312,40.8781
-524.027,3037.24
1114.7,-547.642
-3010.54,-1647.15
490.54,-3740.74
-5696.05,1733.5
1662.22,-4114.57
-4623.38,-84.6308
2979.72,-2227.01
-2764.5,3838.81
7104.87,-1004.74
420.889,6044.39
4253.9,2468.08
366.129,157.548
885.349,-1717.58
570.964,1030.08
-715.232,2595.78
189.437,-1849
-2020.25,-2558.97
151.759,-1150.23
727.74,2647.18
3714.63,2507.42
1760.89,2866.55
1397.45,378.067
3355.75,-646.729
-1490.87,4323.51
2047.85,-963.677
-3809.56,-1715.5
858.892,-4402.59
-5836.99,2241.5
5067.73,-3456.11
-6544.11,4168.56
5323.35,-5079.13
-5746.39,2495.83
2049.44,-2561.94
-1795.22,-93.8615
666.729,137.985
-1412.27,904.136
261.148,-2037.85
63.389,-720.408
-976.67,2051.47
1554.97,-463.053
-2754.33,-43.6022
3078.17,-3232.3
-871.786,4038.38
1770.77,2459.84
859.702,-1382.31
265.446,-1240.14
-2282.27,1619.52
2496.41,-1767.3
-3977.84,1529.4
-675.445,-3684.47
-2157.42,-2977.65
-3920.31,250.694
-1266.28,-2699.66
-1895.88,-2458.49
-2308.28,-286.519
-796.082,-939.666
71.129,-993.355
534.16,968.277
1132.4,1859.84
1420.23,831.476
-2409.04,144.757
-1824.08,-4245.84
-3181.34,-3222.76
-3082.04,-660.464
-3554.07,-1465.21
478.266,-4566.04
-953.579,1669.93
2095.67,3429.23
-487.403,1441.43
1964.61,-3854.78
-6585.18,796.151
1262.51,-5269.04
-8949.73,-7.65286
3169.83,-7194.78
-8785.68,3266.87
1402.82,-4826.64
-5807.03,-2227.44
1516.84,-3396.77
-2458.61,3799.93
4274.91,408.701
-173.634,2155.66
2827.72,-210.416
145.855,1829.32
-810.804,617.839
-1197.13,-2983.15
-1660.11,-2600.68
-917.664,383.954
84.6885,1258.16
2000.84,-140.052
-4371.27,1377.59
1519.74,-5802.15
-2071.97,135.47
-72.9998,2943.7
3840.99,19.2347
1552.3,2553.9
2069.55,2589.02
1876.89,680.158
-116.077,191.639
-1679.5,-823.721
-1651.13,-2692.93
-924.239,-1788.07
390.316,1222.25
3492.9,2524.8
1905.5,3969.42
1858.89,642.089
-318.714,-1233.18
1535.3,-1021.64
-1163.58,3277.85
3587.97,-202.73
-1216.58,1681.27
4383.24,-1069.79
-1033.35,4354.17
2811.9,187.578
-5354.25,-642.897
-555.007,-7696.76
-7252.7,-1156.85
687.567,-2624.23
-3556.93,1502.86
963.157,-2242.66
-1825.17,-510.957
-2762.98,-447.318
-419.067,-3520.5
-3952.74,-650.749
-1291.64,-2183.02
-4142.46,-1658.19
1088.71,-3785.29
-3734.49,2625.63
4035.25,-1113.36
-348.287,2835.69
5215.5,1196.08
382.468,4614.76
6517.34,135.203
-3925.07,4457.61
1530.67,-5062.22
-4199.04,-2955.89
-1948.04,-1075.82
-1795.85,-124.361
-94.7059,-1559.91
-3708.65,-343.175
-518.928,-3732
-3435.53,-927.651
-8.92242,-1205.97
-481.424,672.15
-346.099,551.011
-1641.33,-1219.43
-1620.26,-3030.83
-2281.07,-1426.04
-2579.59,-463.022
-7.82242,-2348.8
-2535.33,88.119
966.983,-1189.81
-828.025,1061.5
-680.41,96.2252
2961.3,-1925.27
-1734.93,3868.25
5071.35,57.5444
-1667.8,3159.71
2448.05,-1894.59
-3368.81,-32.9865
-27.9165,-2766.03
-1492.83,-387.701
-755.056,597.193
2007.66,-621.026
-1562.21,2103.38
1442.94,-1308.95
192.027,-202.444
2966.03,1759.53
-213.474,4503.22
5042.14,-1436.73
-6770.27,2236.07
4463.18,-7580.05
-6808.17,3004.98
2990.69,-1528.56
-1974.14,738.962
6417.17,-801.742
-347.826,8180.34
6989.48,1406.94
2375.6,1878.53
1495.99,2439.45
2547.57,601.492
4616.06,1465.61
2271.98,6223.25
3374.5,2471.86
-85.4891,-1207.09
-1226.4,-2573.3
-630.466,-714.487
-2264.63,1488.21
1305.8,-2368.04
1098.77,163.847
1883.45,4069.03
4945.54,3006.62
748.868,3221.59
1407.28,-1479.16
-2565.57,-1398.82
-1298.51,-2229.11
-862.964,-720.386
-925.071,869.326
-1970.23,-656.818
902.657,-3695.82
880.691,1661.3
2187.04,5173.52
4487.36,1977.4
2788.54,1506.09
1694.14,2322.87
2734.35,1267.62
2542.4,1802.75
117.61,2559.81
673.049,-1342.62
-2170,-1777.15
-2102.65,-1895.32
-4759.54,-1608.82
-902.636,-5061.28
-7540.22,-501.875
3714.57,-5512.17
-3398.74,4945.04
3768.21,1333.13
-3169.38,180.268
1404.81,-5578.11
-6715.26,1032.52
3607.8,-3636.01
-4158.11,3368.57
1889.8,-1794.36
-1224.88,-1043.99
687.826,110.595
2520.25,2080.07
2158.85,3704.99
2291.81,1409.87
1878.96,-202.422
33.2559,1335.95
1530.28,479.029
-1163.43,808.878
-1696.93,-2081.74
-636.597,-3412.99
-1864.9,818.428
-507.319,776.253
-817.753,-1604.2
-3002.3,-2181.74
273.149,-2798.49
-847.945,2230.69
3751.77,1908.6
-3115.33,3021.92
662.373,-5936.58
-6370.27,-2854.64
-3407.03,-3364.19
-1774.1,-2517.82
-3842.71,391.849
-2266.1,-3066.45
660.307,-3919.71
985.251,3707.45
2116.74,5653.83
5672.75,-83.2299
-1502.08,2389.9
4230.78,-1469.31
-4719.34,3234.78
3780.02,-4657.1
-7468.63,1291.5
2656.94,-5542.43
-6592.95,1503.43
3601.95,-3411.66
-5208.73,2856.5
2206.47,-3519.21
-3806.99,-354.412
-480.475,-1810.18
-798.058,-640.009
-2354.85,517.952
-2303.77,-2793.68
-3708.94,-4210.26
-3705.74,-2969.42
-1545.44,-1438.4
-411.798,519.039
-277.878,809.191
315.983,-866.58
1776.78,-350.368
1512.26,3436.57
4185.44,2954.32
513.338,2750.19
3317.97,-1737.94
-1047.98,1813.64
-246.273,499.404
-645.374,-2204.19
-3276.47,-1698.03
-844.261,-2597.07
-114.712,199.502
2845.2,2533.03
1893.39,4053.96
3297.02,655.629
-2539.67,621.098
5107.53,-3846.77
-2991.91,6123.98
5604.32,457.927
-3649.69,1540.07
3207.57,-5138.34
-5265.05,2286.89
2767.1,-1902.59
-5448.25,1037.21
3451.67,-5463.15
-3659.97,3101.81
4510.14,832.496
1746.6,3243.71
4422,2229.7
-1250.71,3170.39
720.825,-3578.63
-4456.28,-2617.55
-3019.88,-2983.19
-1137.7,-2077.54
-927.791,1077.21
1202.21,834.008
4810.27,841.437
2059.12,6158.94
2781.25,2771.73
3341.43,-1825.28
-625.737,1936.01
2069.31,1291.58
1896.79,1123.97
-2080.66,1459.41
-511.082,-3917.04
-928.794,-2550.31
-1903.21,2343.06
2248.39,58.6777
1607.38,827.506
450.946,2381.86
5239.65,251.749
2324.02,5163
3739.82,3734.59
1471.74,516.242
-818.451,-1496.78
-313.595,-1714.54
-1399.91,853.861
1639.14,-156.138
-4501.4,1200.8
1631.14,-5992.68
-5325.28,313.668
3292.3,-1304.92
-3691.69,3869.85
6637.17,-3241.75
-3217.76,5011.77
6968.35,-397.086
-3316.85,4530.25
2574.76,-3589.47
-6796.12,-1558.1
1825.94,-5925.28
-3909.81,3300.44
4887.45,896.509
-594.571,3469.38
3312.6,-1162.52
-903.691,1077.86
1143.4,146.456
830.241,545.064
-1621.14,1040.86
-1026.84,-2781.71
-3177.17,-2871.29
-3800.56,-2096.11
-3112.3,-2902.67
-2295.42,-2744.33
-4713.18,-846.385
831.864,-4035.26
-1617.71,1504.92
-203.983,1866.4
2007.15,-1662.13
-1412.69,800.982
1002.26,-156.334
-42.839,544.029
-887.925,134.233
-975.419,-1835.19
-1189.18,-1715.35
-1259.15,-48.0244
3475.54,30.4472
846.659,4946.05
3524.23,1770.76
1708.4,256.27
-696.406,783.12
2875.16,-995.37
-2615,3078.77
1305.33,-2332.96
-6785.87,-1782.21
-857.226,-7350.39
-7388.8,-489.956
2573.48,-3054.46
-5764.33,3373.56
4658.31,-4573.96
-4161.87,2496.69
5643.72,-703.436
-1854.3,5176.3
1739.63,-1272.84
-1823.44,-2956.68
-1317.59,-1470.26
-2073.95,832.785
2101.57,-1377.17
-1374.71,1904.12
2056.68,-268.252
1741.91,1004.01
940.063,2923.6
4974.43,796.395
362.157,4216.54
1014.21,233.74
1976.81,-2666.27
-969.014,2400.49
832.763,1564.95
-2032.15,-1256.7
-1597.87,-4547.15
-1880.25,-1450.19
-95.9368,1726.67
948.661,1379.56
1749.16,-229.241
1175.02,1172.07
1894.15,2119.78
2089.37,1776.86
754.492,1057.9
-94.3749,-559
-2557.78,-1302.76
735.918,-3109.66
-1888.78,1961.36
3818.48,754.903
-2262.25,3305.8
4937.18,-3370.11
-560.36,3347.57
5151.8,3221.86
760.207,4145.14
3072.77,-1536.72
-2593.62,27.2531
2177.2,-1901.96
-4740.8,2616.56
-149.718,-4553.81
-4616.03,-3512.52
-278.329,-2208.98
-1016.8,2740.71
1522.36,992.154
320.413,-557.113
978.202,-464.738
2948.08,2053.61
3836.71,4964.93
5023.69,4014.23
828.654,2582.73
91.7596,-2468.59
-1121.11,-2613.82
-541.386,705.627
-611.897,1816.82
1907.86,-1401.53
-399.156,752.792
2901.28,1090.19
3728.07,3559.42
1904.92,4603.87
2532.9,-316.979
870.94,-922.033
-778.172,1568.2
-139.638,-51.462
-1570.16,-1869.61
-612.985,-2314.94
-1219.57,741.41
2883.36,733.202
-1340.68,3270.54
4958.67,-2089.22
-1483.71,3491.89
2565.46,532.234
-128.348,98.9842
3482.59,-445.076
-6086.14,4528.26
6177.94,-7449.6
-7824.38,3124.97
3030.53,-3006.01
-3752.96,453
2880.35,-2009.5
-3288.01,3181.27
5591.3,-2064.14
-799.287,4415.31
3105.92,1595.41
-240.718,30.8523
305.886,-1783.64
-3051.88,147.125
1113.82,-2460.94
-3981.61,968.302
677.796,-3031.49
-2572.8,-483.057
-1754.62,-683.441
-436.532,-2171.3
-45.3053,-145.723
1976.99,2164.99
1185.01,3123.31
2556.04,-101.012
-649.948,508.769
985.439,-633.438
-1080.27,771.335
-2205.31,-899.665
1315.91,-3934.15
-2915.11,2296.68
1846.5,89.6971
953.508,234.981
2839.24,1476.67
2499.45,4019.49
3620.26,2582.09
-307.086,1352.79
442.031,-2758.69
-2499.07,-1016.03
-3710.65,-977.979
1322.92,-4341.44
-3157.89,2286.49
1634.04,143.36
-2828.66,-226.055
2495.23,-3977.99
-3716.84,3224.91
8072.14,-619.089
-1424.45,7925.69
7748.46,-212.944
-1286.92,2899.62
4326.34,-899.216
-1609.31,3036.62
923.581,-959.151
-618.52,-1887.06
712.372,39.4533
497.577,2891.46
1193.76,925.135
2819.78,-1002.03
-2022.39,2964.94
2225.85,-1455.86
-934.907,-35.2396
-2501.1,119.969
-2056.01,-3623.87
-4856.42,-3566.12
-4214.62,-3730.65
-1607.83,-2898.05
-791.862,1067.2
-2011.58,1687.99
4172.73,-3662.34
-1356.96,3844.23
3452.58,2308.5
970.041,1163.41
1003.37,-672.704
-1207.86,204.417
980.184,-936.95
-1299.61,1016.04
-471.013,-816.557
-6.90204,-1788.35
-1776.23,600.042
1530.57,-620.823
-1055.34,1403.89
-175.557,-726.711
51.913,-1739.76
1585.71,754.707
-457.936,4010.01
2892.06,-961.927
-4486.38,-192.907
-2182.83,-5362.49
-2184.4,-3509.15
-1253.87,1910.97
-2118.26,1667.26
3336.35,-4712.59
-4790.5,2461.39
4527.54,-1567.13
-231.24,3625.62
2907.1,1788.31
967.543,628.019
996.214,-211.481
-418.151,791.96
-345.944,-302.762
-2890.66,-1442.92
-2152.5,-3980.6
-1320.15,-2026.55
-976.156,1854.77
2227.07,798.182
6.51743,1301.84
38.8461,-611.298
2675.92,-1168.23
-744.347,4292.72
3271.55,635.565
-3622.8,184.144
-1631.45,-5674.93
-6112.29,-3254.5
779.106,-3205.03
-4769.92,3693.12
5240.94,-3053.83
-2398.35,3219.54
4221.3,273.489
-236.703,2652.34
2899.4,-134.592
-1666.47,1357.19
1031.53,-1967.3
1116.82,-43.1489
-239.198,3578
1424.19,35.3708
-2264.17,-1670.07
-443.93,-3296.55
1222.84,795.119
1654.22,5124.96
4508.58,2103.92
1334.05,1508.08
732.902,100.151
-2838.99,-530.022
2447.79,-4009.75
-8279.04,3262.26
925.923,-7350.77
-5251.02,-2994.91
-1245.67,-272.861
-2742.8,870.342
2830.32,-3483.39
-3721.08,2636.09
4218.27,-1308.34
1740.98,3162.63
3858.3,4315.56
2503.57,2742.78
1125.07,-392.22
-1287.14,-1122.92
349.776,-1432.76
-335.647,1460.1
-1669.18,990.525
702.422,-3743.17
-3947.14,-468.597
1610.8,-1767.47
-1868.65,2386.35
4881.97,-447.244
-3429.41,4260.04
2379.03,-3823.14
-3917.77,-1451.26
-2963.06,-1831.71
-4712.11,-3225.76
-2456.06,-5262.15
-5515.77,-1007.88
1231.4,-2652.11
-2105.41,2260.41
2972.32,-6.32804
942.197,1892.6
3637.49,1739.4
2930.58,3524
3846.07,2940.19
338.382,2234.28
2151.59,-2068.66
-3234.99,558.682
651.773,-2351.32
-2232.21,-15.8738
-1120.24,-826.491
-2690.68,-1830.93
1887.38,-3057.54
-3093.57,4061.34
5526.74,-746.922
-3287.49,3431.2
1687.1,-3376
-3148.48,-1533.78
-975.367,-1139.87
-3314.45,-196.555
-1104.66,-3649.44
-2683.69,-1849.11
-2551.75,-417.126
1256.76,-1846.84
-2253.27,1873.32
1258.28,-1115.89
55.6412,-257.403
3842.9,1399.99
1961.81,5862.61
4509.37,2091.76
-412.11,708.622
2516.41,-2329.16
-3090.92,2556.75
196.474,-1768.62
-2352.48,-2622.19
66.7648,-1707.45
1964.52,2595.81
3124.32,4779.16
5528.03,2434.37
2170.27,3412.74
176.137,1085.49
-299.87,-3017.76
-4020.99,-1855.92
-3823.76,-2957
-5742,-4145.17
-1910.26,-5655.41
-5447.88,629.071
3918.74,-1925.17
-1354.95,4505.82
4172.28,629.227
-593.94,1349.09
5677.27,-963.035
-1250.06,6539.62
5405.29,74.57
-2785.17,933.77
2305.18,-3621.43
-3763.72,1819.01
1213.79,-1435.91
-2156.82,-448.656
1661.83,-1516.71
-2995.12,2481.08
4103.02,-2314.28
-2036.08,2958.92
2348.07,-100.159
-2691.3,149.3
-1249.41,-3648.03
-3831.33,-2423.23
-2263.7,-2070.98
-4844.75,-1279.36
-2410.12,-5059.11
-3245.99,-2784.04
-2272.59,98.9752
564.326,-538.762
-1593.51,500.392
2358.66,-1558.31
1970.59,2757.08
4299.93,4797.02
1872.66,3780.27
3576.38,-1582.3
-1383.78,1202.9
1013.43,-103.997
185.576,172.558
-3030.23,290.373
768.715,-4397.91
-3006.75,267.654
1618.15,265.54
638.046,1934.57
2370.78,927.532
-891.671,1464.3
-246.305,-2006.86
1738.29,-1898.64
-1314.42,4279.96
1948.62,461.409
-3109.75,-1687.63
1976.17,-4792.04
-1630.08,3981.79
5255.18,3042.72
1613.64,3636.06
4005.63,-138.884
2417.17,2194.46
3555.07,4015.99
1919.3,3263.64
2951.58,-824.418
-197.492,934.647
-593.874,703.63
903.941,-1700.96
-2712.77,328.753
29.1913,-2074.94
-1083.38,-577.852
764.875,541.854
1035.78,1690.5
1395.08,1119.57
-257.558,384.748
-2388.79,-1502.83
-1419.78,-3925.79
-2586.48,-958.777
-1510.44,83.4972
-3958.68,-1454.15
614.623,-5807.2
-3178.32,1660.48
3159.46,1577.01
1393.75,2826.79
5250.61,929.098
-817.432,4680.24
5270.09,-1344.46
-1286.25,2599.82
-535.009,-109.71
-1808.86,-3496.69
-2157.62,-2777.93
-612.613,171.027
-421.652,1810.76
2552.39,-572.748
-1469.3,1682.3
2652.25,-1176.66
-3.11151,1932.91
1202.66,1457.72
2366.64,-40.2185
-1877.04,1857.82
1851.13,-2317.09
-1563.95,468.968
359.913,230.255
-3683.1,-173.155
1891.25,-5350.05
-4713.35,2152.52
2888.67,-974.354
332.096,1681.38
2876.99,1798.84
1366.59,2571.76
5954.82,674.509
-1611.41,5879.78
4866.63,-2121.2
-5172.63,576.705
-362.701,-4961.59
-2442.12,-1726.15
1027.71,1431.28
3009.84,3291.08
1656.1,3142.56
83.8367,-623.316
-408.98,-3007.61
-919.691,-174.538
2050.44,1767.27
-1015.62,3098.75
2330.01,-2823.9
-195.529,-28.1674
-1076.87,2599.99
-90.7335,-1347.69
-1047.15,-2902.21
-990.255,-357.801
531.952,1457.62
2881.42,1280.88
2632.92,2832.15
3349.86,2883.51
3145.96,2329.1
1682.91,1923.2
1667.25,374.355
-1142.65,480.867
1091.16,-1842.07
-656.931,872.769
2553.67,1123.32
965.951,2820.31
-1302.45,469.174
-680.358,-4619.67
-5053.27,-1985.01
331.088,-2662.86
-279.878,2062.14
288.886,2419.13
-414.864,-1535.73
2728.36,-2969.33
-4711.96,4986.92
5125.56,-3044.16
-4010.7,1690.86
4625.75,-2094.24
-93.5295,4540.86
6715.67,2738.44
1762.58,5197.9
5478.96,601.615
-190.728,2655.4
1728.96,-397.049
2882.24,-118.23
1035.54,4584.99
937.382,2028.34
906.555,-3050.84
-1684.63,-964.22
-371.487,632.881
-491.692,383.592
85.7491,-1316.89
-359.479,-379.458
1284.01,844.589
1034.46,2275.95
771.955,846.611
-1746.53,-1162.88
-382.486,-3369.83
-2306.98,240.944
-1023.42,61.3804
-2847.71,-1907.03
-971.481,-4289.91
-2911.21,22.8726
-77.9557,129.214
186.494,-242.695
1052.31,161.931
-585.688,1723.6
1064.4,-793.141
126.219,-286.379
526.036,1022.99
687.668,1128.11
-3219.69,-97.534
876.043,-5617.24
-5612.44,609.527
2255.1,-2146.48
-4672.06,2000.83
5389.91,-4003.04
-5140.12,4941.24
6288.59,-2441.81
-4154.26,3386.93
2496.39,-2830.56
-6929.05,-524.828
759.483,-6855.92
-5849.98,607.732
3382.18,-1196.03
-1069.31,3796.73
2684.66,186.122
3016.39,96.3589
1776.25,4280.57
3136.65,2946.72
3734.8,575.464
899.599,2545.38
110.536,1019.34
2445.38,-2181.51
-2239.82,2213.02
-410.477,-761.996
-2251.87,-3034.45
-1170.22,-2676.51
-171.133,1110.95
-686.89,2421.98
2085.52,-1850.68
267.327,396.288
1085.32,2390.32
852.785,1333.55
1901.71,-973.074
-4264.3,1148.92
45.6213,-4901.76
-2466.2,-1675.87
543.598,1337.07
3504.77,2570.66
507.041,3821.77
6094.22,-1205.17
390.214,4762.52
4094.92,2487.7
-1322.27,1140.99
2194.88,-4015.88
-5185.45,1435.53
1540.75,-3067.08
-5332.04,97.9865
992.649,-4356.99
-7279.8,489.242
3564.96,-5708.83
-3648.86,3720.71
2362.92,1039.76
-540.918,-498.658
664.435,-1702.99
-498.67,1287.82
2195.82,1201.97
-1427.46,1808.13
-2189.52,-3109.08
-2893.28,-5279.34
-3072.32,-1533.29
-1813.92,638.82
-318.376,-1139.13
-567.815,-1261.1
1321.78,302.568
893.154,3162.49
3195.56,1348.12
578.976,1502.66
457.637,-279.967
-1075.58,-893.602
-643.821,-1303.38
-1812.93,-220.911
4.3483,-1301.42
-3156.59,-66.7748
2185.55,-3071.77
-1796.05,2754.85
3903.35,964.193
2277.5,2845.15
3299.06,2741.58
1007.72,2129.77
2476.04,-937.546
-589.177,1333.07
-1792.77,215.48
569.902,-3855.04
-3741.03,115.756
1960.01,-1318.93
504.696,2435.39
3924.38,2435.53
1822.97,3363.59
4882.64,726.895
1408.76,3724.93
5051.72,1918.27
-1522.17,3531.88
2197.9,-3543.54
-3285.6,-845.98
834.524,-1023.49
-2348.48,1720.37
-644.217,-2184.36
-2231.73,-2962.14
179.627,-1173.19
73.4441,3051.13
1630.26,1541.17
-1351.51,-706.35
490.228,-3403.26
-4171.43,952.731
-1161.35,-2466.93
-3240.21,-3065.46
-1789.31,-2429.6
-1223.66,194.816
2654.22,748.241
49.6437,3553.5
3926.53,-177.339
-256.224,1979.98
3446.59,254.336
3242.03,3038.76
2183.21,4756.86
842.229,514.581
623.658,-3413.44
-4651.57,-3.76572
-944.774,-3178.77
-3820.35,-1890.07
-2270.95,-2476.91
-4895.69,-1845.54
1462.86,-4593.48
-3138.66,3288.48
2114.45,509.3
-1195.67,-454.505
-1348.44,-2194.51
-3335.86,-1781.63
-920.678,-2729.45
-1800.92,91.8293
-1239.3,95.1848
230.71,-1906.13
-2611.43,-51.2916
667.16,-1751.18
-43.328,773.16
1039.69,1810.81
2045.25,894.455
-1052.33,1136.1
1854.08,-2144.07
-1780.98,1232.28
-2092.98,-309.331
-3788.79,-4451.1
-4442.47,-5597.05
-3217.04,-2471.03
-1035.09,665.585
-1032.3,866.203
375.126,-2101.07
997.516,-464.461
-589.94,3473.83
3925.06,53.574
-1861.92,1974.89
2517.68,-2287.42
-4176.77,1184.42
2574.79,-3325.37
-7158.39,1758.77
2906.62,-6448.26
-6966.88,1332.14
5424,-2954.32
-1694.44,5772.09
6833.87,1457.17
-721.49,3877.3
4176.54,-1753.88
2069.69,1980.27
300.245,4998.87
2283.23,-1056.07
-5592.03,-2065.15
-1330.99,-6934.57
-4757.49,-689.486
-1682.4,35.9764
-1177.41,-1943.87
-1064.46,-1938.08
547.103,293.136
620.283,2710.37
728.549,804.743
-1555.42,-1670.99
-1010.74,-3117.65
-3641.5,-172.624
331.264,-2071.95
-3126.44,222.716
621.264,-2294.57
-1869.36,299.852
3110.79,-169.352
1066.29,4053.88
2706.93,2175.96
752.637,-14.0066
-605.799,-1021.47
689.531,-842.634
-161.264,1912.01
200.594,769.892
-1450.81,-1650.55
-3227.01,-3051.82
-2697.21,-3276.84
-3472.88,-1249.45
-3210.51,-1963.61
1697.76,-3486.55
-170.441,4007.19
3810.84,3723.61
1476.18,1665.44
3166.04,-1235.55
-2261.16,2703.12
2122.74,-1569.02
-2000.92,18.9796
362.432,-1151.82
-1146.31,287.1
-2031.6,-523.743
1409.66,-3180.36
2057.52,2324.51
3910.97,6457.16
4718.04,3888.53
3286.67,757.281
1060.94,1051.55
70.2298,950.343
992.585,-806.605
-4140.78,230.094
1076.46,-4945.17
-3749.46,651.017
1508.96,-205.58
-1665.86,1236.55
542.116,-1985.69
-3071.1,-795.872
4115.85,-2205.13
-2531.06,6235.12
5710.33,-562.903
-3508.57,1541.79
834.043,-4017.58
-3033.44,-895.354
1702.91,-216.721
842.689,3194.74
3820.65,1844.23
891.049,2396.98
3863.35,-104.626
2068.5,3188.52
-1262.73,3338.2
2269.13,-4579.85
-4405.62,-654.001
443.055,-1572.69
-2788.13,872.307
-1.8338,-2297.52
-2659.23,-1251.63
-2421.64,-1644.5
-1766.3,-2464.72
-2770.13,-1227.92
759.948,-1571.27
-2672.13,1971.53
2385.02,-1950.76
-1449.22,1103.5
4179.6,253.618
-3193.41,4621.17
2362.64,-4199.44
-5090.14,-1898.17
-563.241,-3037.56
-610.183,667.531
248.911,2202.05
-905.005,-245.878
709.559,-3454.67
-864.04,960.814
87.0989,2326.19
2561.64,-620.987
-395.996,1245.29
840.861,285.139
-2308.72,-155.573
-2186.9,-3617.15
-3362.39,-3401.76
-2527.96,-1548.49
-1963.16,-496.328
1387.43,-1307.07
-468.296,2274.06
2124.93,934.822
-731.326,736.642
-206.736,-1840.93
-791.539,-1206.77
-2704.98,522.135
-2501.89,-2728.96
-3449.36,-4489.86
-1697.3,-2602.98
-1686.54,1711.27
1424.46,310
-153.629,243.068
2204.9,-355.991
3601.96,3002.26
3808.06,5887.22
3133.46,3027.89
394.776,-1094.34
-322.922,-2415.38
-4287.83,325.126
461.835,-3622.58
-5194.4,-298.913
1618.9,-3651.98
-5058.5,1922.96
3893.93,-3144.86
-3495.65,3018.32
4236.52,-1257.56
-3076.18,2608.14
2077.76,-2654.88
-1535.08,-35.5953
1059.83,619.188
-397.758,1488.39
-411.388,-1061.38
-888.626,-2190.93
-466.697,-368.183
-441.072,1450.5
1031.34,-141.912
988.947,23.2999
811.367,1621.91
3238.33,1406.57
74.332,3082.3
-418.085,-990.496
-330.054,-3743.89
-5277.34,48.4394
1964.86,-3645.58
-5020.31,2059.68
2916.99,-3114.84
-4975.18,1437.32
4725.13,-3497.56
-3393.75,4659.83
7175.53,-488.223
241.412,5318.75
3197.11,1615.45
3045.14,-554.155
-2641.24,2681.45
1661.86,-2809.34
-3879.3,-789.255
690.293,-2622.74
-1527.54,1368.07
620.309,603.955
-1765.03,-596.714
245.645,-3098.46
-3200.33,537.885
3537.07,-1230.07
-1211.11,4196.18
3548.09,83.806
-3617.23,616.948
-931.005,-5046.4
-5344.3,-2629.92
-726.083,-2744.32
-3861.59,1038.53
-471.565,-2705.18
-1864.1,-2117.72
3222.36,58.1496
733.578,6626.48
4299.78,1706.98
2782.15,-291.115
379.958,2411.72
1805.51,1173.2
-2.33966,229.632
-1570.58,-1152.1
1687.08,-2448.24
-33.3932,3319.06
2805.44,2796.55
1847.78,897.856
1623.37,62.4304
-2493.66,1374.2
4653.35,-3232.69
-2747.12,4779.52
5074.69,65.6349
-3319.71,2136.78
678.209,-4376.91
-6377.45,-1868.66
740.635,-4695.78
-5662.16,2103.26
480.812,-3129.46
-3159.49,-2000.28
-1571.64,-1508.9
-233.496,-462.107
-467.304,1062.07
2418.3,-38.8754
226.612,2345.16
3383.14,754.351
-1388.36,2435.6
1863.41,-2340.6
-3784.72,-167.691
2838.38,-2818.01
-1439.81,3781.09
4895.69,1349.84
1456.64,3226.09
3859.04,1287.12
1200.75,2425.22
2592.64,837.949
1283.31,1399.89
-278.408,1162.56
-435.731,-1685.7
-135.954,-1899.13
-690.861,1328.65
-825.476,961.784
-1034.27,-2511.37
-1756.6,-2688.49
-1185.33,-232.98
2514.09,1030.64
1185.6,3850.57
4747.86,1193.47
-1433.16,2926.56
3867.55,-2669.2
-2011.97,2230.99
4994.16,345.054
-3064.96,4632.74
4655.01,-3971.7
-2978.63,1441.28
2781.88,175.21
58.1134,2375.96
4214.11,359.27
-1178.79,3557.15
5675.51,-1374.97
-1339.09,4274.51
651.802,21.883
-3245.27,-3550.95
-3215.86,-4937.95
-2831.9,-1561.96
-1709.35,626.301
15.5269,-938.582
-520.176,-757.627
379.471,173.898
-1118.7,1234.25
6501.07,-1382.91
-3374.96,7675.3
4976.65,-2414.6
-3345.53,-1082.75
-1170.22,-2216.41
-1498.67,-920.553
-16.6899,-11.2953
-3098.2,696.511
1894.84,-4244.51
-191.343,1579.02
3599.83,4308.86
3675.65,3925.56
2822.58,1405.99
-1211.64,257.806
1065.57,-2936.03
-1959.03,933.563
-1383.09,209.076
-1877.81,-3042.12
-434.562,-3128.38
-2411.43,2050.84
2992.46,-46.2694
-1201.69,2022.18
1349.37,-1341.18
-35.996,-249.378
3563.6,1487.84
1882.25,5457.82
7519.46,1982.84
108.298,5382.73
3493.79,-1029.96
-1613.24,-569.388
124.214,-1130.16
-1198.88,555.212
1005.02,-482.596
-187.283,776.975
1471.29,372.236
1967.65,1403.44
-1575.66,2491.98
1942.03,-3309.05
-3667.59,-174.541
2053.15,-1715.13
-6445.9,2533.52
502.971,-7131.65
-9060.66,-2931.29
529.208,-5818.61
-4465.03,2738.78
4662.91,-102.332
-1619.67,3585.11
5516.23,-1524.45
-1656.56,3979.45
7550.81,-2.55116
1502.02,6691.66
1973.36,2952.68
1110.21,-3606.57
-3623.5,-1673.42
-142.942,-1578.14
-1902.08,1136.1
872.249,-1010.6
-1791.63,-124.128
1091.47,-1445.56
-1917.93,1418.51
1075.1,-1085.81
-2712.09,-165.109
-2139.66,-2805.44
-805.654,-3184.23
-3214.29,1239.37
-455.447,-1340.33
-2053.3,-2192.93
-1432.81,-1778.85
-332.171,-45.0182
1450.89,1307.08
1805.47,2240.03
79.2616,1449.33
1411.58,-1900.09
475.848,455.29
2776.23,2781.46
173.72,3668.52
1958.32,-2106.66
-3112.3,-1153.7
-702.95,-2310.74
-3793.38,-279.32
1762.16,-3025.09
-5495.01,2183.7
7089.84,-4225.28
-1577.19,7271.16
7303.45,3073.34
-226.374,3169.83
1644.68,-2809.4
-4934.85,-1240.64
737.566,-4142.2
-6268.2,1541.79
-2292.83,-4696.52
-4877.03,-5551.67
-3143.7,-2773.69
511.702,751.754
2694.84,3523.52
3076.34,3425.36
1971.87,1233.89
2059.64,-342.731
-2164.49,1650.07
-652.833,-2557.77
-3093.44,-2953.4
-3077.47,-2155.96
-1834.89,-1740.53
-1196.77,-727.505
-1171.7,-124.919
-1793.14,-1065.34
-338.098,-2540.18
-1322.15,298.684
2438.44,778.955
-432.892,3121.45
-352.845,-1110.72
3.53094,-3705.51
-4051.41,698.929
-1546.15,-2048.08
-3444.88,-3333.3
-2194.32,-3187.35
-2019.89,-198.608
5205.85,448.213
-2299.76,7398.79
7816.74,-2680.17
-1531.4,3324.56
4489.82,1257.82
135.724,3041.9
4760.63,-476.033
-4844.13,3456.75
539.544,-5929.5
-4796.39,-3477.16
-2552.57,-1155
-1100.62,-458.542
-601.985,-566.038
-3336.03,-619.192
-133.227,-4220.73
-1582.22,-40.14
-739.633,1943.09
1149.33,-905.497
-797.105,-439.399
-1699.68,-272.233
-149.766,-2021.66
-3630.02,-293.664
-1093.46,-3183.35
-881.555,-1642.24
-2543.38,1678.85
3634.08,-1732.52
2497.18,3353.37
3182.4,5760.44
6522.36,1885.65
531.865,3737.37
2193.36,-533.703
-1499.7,-709.429
-2321.31,-1635.42
-1774.62,-2812.86
-333.042,-1159.15
-1113.07,2147.25
-0.266357,-298.649
209.565,-2204.32
-1061.83,414.91
2642.66,851.042
676.608,3357.32
338.542,439.712
-4096.17,-2998.8
-1496.22,-6460.97
-7446.03,-5.96353
837.824,-4097.82
-5879.16,368.518
2317.8,-4057.79
-3416.75,2258.95
6111.11,-269.7
-1090.41,6170.1
7391.46,-305.252
-3287.52,4073.74
1664,-3697.52
-3176.25,-2230.57
-251.872,-870.3
-613.607,1656.14
2071.72,183.566
176.246,1266.14
1480.79,297.913
-2480.27,746.701
84.0599,-3690.94
-3456.46,-1111.05
-1636.75,-1332.38
784.658,-1400.96
-2337.59,2183.94
-1660.41,-1809.35
-1907.2,-4824.63
-3323.48,-1397.95
252.424,-31.8102
1122.24,1658.12
2048.71,1819.1
944.041,1439.35
3525.33,-155.859
390.558,3594.19
4740.44,1283.39
1437.44,3266.83
1207.56,1204.64
-1854.59,-1503.54
-623.062,-3892.53
-4021.22,132.416
-3178.91,-1949.95
-935.466,-4958.77
-6075.21,-72.7223
1395.08,-3617.45
-5140.08,1341.25
1185.7,-3457.97
-3678.88,-258.039
2262.35,-1611.04
-4571.57,3000.22
5055.66,-4348.33
-7045.97,3368.96
3134.95,-5044.04
-2628.58,321.021
4924.86,1703.84
2408.65,6736.9
6310.4,2606.89
2232.44,2547.72
3551.02,1131.21
3299.37,2781.45
3612.22,4010.94
1827.34,2790.24
1529.06,-1037.69
-692.347,-641.812
-737.769,53.8088
-3207.86,-565.694
-2264.64,-4752.55
-4717.56,-3263.18
1685.2,-2142.75
-3330.19,5169.9
5521.94,-1940.5
-1836.69,2296.57
4291.62,-89.4094
-2394.25,3583.52
3974.63,-2715.16
-5664.83,1518.08
1146.12,-4977.62
-4876.27,-665.779
474.941,-1888.43
-823.155,972.433
-692.895,775.025
1735.64,-1864.57
-1184.26,1483.15
2181.79,451.628
1293.32,1634.91
975.641,1615.09
-888.39,-138.049
-252.601,-2847.79
-4204.16,-613.833
-442.157,-3165.21
-4268.97,-571.35
-1138.58,-2975.06
1138.66,-1356.22
167.022,4459.49
5397.58,2145.18
2265.16,3409.34
3257.74,1637.45
-87.5997,1391.04
3069.46,-1404.65
-4448.78,2668.55
1186.44,-4539.06
-4277.74,-1645.81
123.012,-1554.64
2242.03,1636.93
669.528,4858.35
2943.49,-168.465
1371.15,-617.94
1185.23,2248.51
-36.5312,2489.29
1594.82,-2027.17
-616.109,-385.598
1050.69,1246.87
-742.471,1889.13
651.366,-2107.07
-4297.29,-1314.15
2060.79,-3933.41
-2774.33,3679.87
6330.38,599.592
-453.414,5169.05
1822.96,-568.943
-1042.7,-2690.91
-1055.74,-1037.23
-687.258,1059.54
2071.46,174.247
-164.291,1843.85
-31.8425,-205.006
-1304.48,-1964.54
1256.96,-1707.07
-57.7869,3578.05
2699.54,2014.72
1440.04,423.032
3420.59,312.274
1220.72,4547.8
2811.25,1960.22
157.53,-392.951
272.457,-1628.16
-1219.92,633.295
246.184,-35.9111
-2922.48,-465.927
1031.72,-4069.42
-4478.39,1355.36
4664.71,-1933.71
583.196,4953.74
4201.91,3445.39
1534.39,1291.87
2183.16,-921.077
-1644.17,1734.8
1465.21,-1140.03
-2601.09,84.0383
-1206.2,-2521.76
706.645,-2026.23
-1117.31,3295.77
3859.7,845.048
926.305,2206.27
3934.49,936.981
-270.166,3443.69
5386.14,-705.163
-2702.25,4001.56
2224.93,-2539.98
-1782.83,-1205.99
-3035.9,-90.3349
850.794,-3133.2
-5003.03,751.688
513.323,-3836.39
-5140.04,-701.999
2514.65,-3344.59
-3563.92,3672.74
4194.81,-1176.19
-2238.97,1933.23
2163.48,-1592.33
-1882.88,847.981
1524.78,-856.762
-1614.43,1103.02
1212.26,-1238.76
-193.332,456.418
1873.72,1127.78
587.216,2279.82
330.606,-61.18
1128.54,-1741.09
-1669.25,1492.21
3038.21,-347.025
-244.031,2700.07
-803.646,265.028
-3594.14,-3985.86
-4437.2,-5812.36
-4112.04,-2972.24
-1303.39,-426.772
-297.667,915.429
-1002.88,-37.334
1034.44,-2304.07
-964.374,1275.91
-517.212,1040.23
1671.86,-1912.96
-2307.42,1085.61
-170.548,-1218.88
611.58,-1474.49
71.7949,1989.21
-2033.32,1636.53
1527.58,-4693.04
-1850.23,68.1693
-456.321,2127.43
806.898,-628.03
1043.99,-999.195
978.925,2120.72
3653.2,2716.28
26.4764,3255.82
2207.8,-2225.79
-6096.09,-531.25
-466.957,-6350.82
-7067.04,-1084.56
1173.6,-3679.25
-3498.57,2063.57
4245.02,-907.367
-275.431,3720.6
3738.64,1092.1
-831.153,1585.95
44.8184,-2006.28
-4065.11,-1856.49
-1526.09,-3919.41
-1899.19,-798.217
-1683.66,1046.75
780.099,-1567.1
-1892.64,-193.421
3540.05,-934.671
4896.49,5273.11
3543.59,8474.34
6966.38,758.016
923.351,1610.93
2199.69,1034.95
2348.13,1701.84
1672.68,2553.84
-467.769,898.701
201.853,-3080.29
-3642.46,-975.417
-3822.12,-2284.98
-1368.64,-4781.9
-3366.04,-248.061
1975.74,33.0125
450.561,2919.09
4101.32,1042.17
-984.552,2921.8
1211.59,-2027.96
-3160.78,-1509.73
2029.6,-2394.71
-2469.48,3989.62
5668.98,-520.105
-2169.63,3794.33
5600.86,-1823.69
-2314.36,3818.42
6884.05,-667.165
608.49,5801.23
6441.97,2465
1415.44,3548.5
4215.4,214.636
-1957.77,2402.98
531.153,-2630.83
-6700.29,-2186.04
-685.14,-6982.77
-4736.35,298.525
744.5,306.772
950.081,609.864
741.178,1138.32
1165.67,599.215
1042.9,623.923
4061.85,1139.38
-2135.5,5142.3
5557.32,-3424.77
-5346.77,2180.35
1080.07,-3711.61
-1872.27,-1198.25
-270.68,1025.53
-1279.65,741.473
3140.45,-2664
401.657,3497.71
4853.34,3793.12
3208.16,3754.37
2157.28,1275.43
1314.14,-431.309
-1471.29,586.601
-829.706,-1592.55
-1159.3,-1970.11
-2826.81,-324.589
-959.674,-2138.59
-1122.31,-1333.08
1548.6,495.487
-1843.72,3424.98
4082.08,-2648.37
-2415.5,2001.05
4903.48,-253.729
-1343.96,4753.9
4178.85,-958.255
-4684.72,834.251
2697.76,-5314.06
-3830.75,2279.58
4588.52,357.392
-1225.34,4010.32
2282.45,-1541.19
900.914,-892.068
1991.01,2947.03
1469.67,3991.58
2621.82,-422.14
35.1703,-244.244
-4250.83,386.807
-1454.22,-5803.6
-7041.59,-3282.39
-3054.29,-4547.31
-5115.74,-1830.78
3391.11,-2784.54
-3148.46,6101.09
5998.96,-891.156
-2740.5,2072.28
2247.92,-2498.8
-215.099,824.856
1474.2,2407.35
2568.39,1509.83
-1731.77,1306.93
2317.68,-3665.87
-1470.49,1607.01
1820.4,1864.92
21.9927,1019.38
3066.93,-1558.84
1072.41,3270.11
4651.7,3608.51
3332.61,3718.19
2158.72,1623.52
-214.464,-432.935
-1345.94,-1917.81
503.048,-1574.57
-1922.1,2392.48
3261.49,-835.372
-4303.29,1900.07
5890.78,-4734.67
-4119.93,5767.67
6378.6,-194.09
-2717.87,2939.48
2496.98,-3075.27
-3712.32,117.553
3661.26,-1896.67
-1615.41,4707.49
917.878,105.655
1589.42,-3403.82
-395.486,1954.29
1180.63,3086.52
2517.85,-0.853821
962.352,567.78
187.967,1514.88
1898.64,-84.1573
-1105.73,1125.41
2412.48,-1222.79
-4288.54,1976.67
333.392,-4600.22
-2608.67,-2087.64
-387.181,780.282
344.206,1489.62
-183.684,-226.626
-1966.25,-1833.14
-351.402,-2689.09
-901.67,1047.26
-1526.03,1396.85
-1233.46,-3211.89
-1782.51,-3479.39
-2253.46,327.36
-1155.46,185.825
-2567.89,-2158.14
-3375.09,-4142.59
-1670.28,-3049.11
-100.269,1446.27
1199.65,2974.33
2604.25,538.799
-277.97,781.198
1342.62,-714.334
-3083.64,929.424
2906.25,-3405.65
-6364.76,2561.42
3414.29,-5161.09
-6635.25,1378.25
927.393,-3946.29
-2812.87,-726.094
-1386.6,-96.1527
-1552.85,-1431.41
1105.93,-2200.51
-3099.11,2656.4
1256.67,-1915.42
-1213.86,-1185.38
-2423.11,75.149
492.679,-2267.99
-908.549,337.234
1304.57,1081.94
1777.03,1611.75
294.095,1599.6
1530.79,-953.981
-304.439,506.653
1883.79,702.533
1070.17,2233.53
702.521,1059.82
-1551.9,-1195.58
1034.13,-3251.85
-4364.59,2201.68
403.052,-2723.49
-3187.47,-2126.18
-1922.22,-1980.2
-544.004,-874.874
1238.6,1127.86
-302.88,2658.69
3418.54,-1191.5
2817.86,2212.57
-39.9709,5456.7
3815.08,-1646.56
-3050.93,-295.821
1928.76,-2437.18
-442.217,2722.72
2807.48,2183.61
-716.316,1331.92
2278.93,-2894.09
-2029.71,1594.63
4798.29,428.779
-515.67,5106.3
4288.97,-449.728
-29.7002,907.897
2660.19,765.301
2142.99,2992.54
1878.4,2644.7
-68.9814,-84.4091
-439.153,-2684.64
-700.127,-733.55
301.147,1643.75
-145.232,1223.37
2233.14,-1664.35
-1148.51,1777.15
1748.68,321.406
1821.15,744.791
1772.18,2451.96
1814.8,2068.43
3048.22,449.227
-2595.72,2236.57
2084.21,-3760.15
-3626.34,211.313
-1195.84,-1316.45
-493.837,-2161.74
2997.41,563.635
1.01837,6410.71
8893.83,344.957
-1773.3,6111.82
4126.88,-1912.63
-3201.41,-610.095
631.182,-2445.21
-2898.76,1087.35
-355.027,-1575.3
-1941.94,-1896.22
-1405.29,-1363.51
-3205.24,-397.468
-1067.78,-3300.36
-2988.34,-1581.72
-1145.78,-1117.89
1619.49,-166.004
367.742,3364.03
4201.52,1142.35
-2691.63,2548.1
1169.39,-4559.79
-5088.31,-1508.43
-726.021,-2709.11
-3704.27,-63.4881
1511.4,-2499.36
-1752.33,1812.01
4610.53,397.188
1132.83,4705.24
2015.64,1779.23
-1878.17,-1778.17
-2294.87,-4553.69
-3887.71,-1991.81
-1594.1,-1231.94
-6658.95,-789.423
-64.0839,-8299.91
-5073.26,-309.05
-169.901,1099.03
414.551,-64.6914
1512.09,-458.903
-3230.11,2053.94
4802.1,-3708.98
-4039.24,4191.99
5713.44,-1284.23
-2337.69,3528.85
3496.41,-1398.38
-3422.51,1076.4
1934.26,-3136.38
-4757.75,1105.83
-71.2588,-3441.75
-2991.36,-1758.29
684.741,-870.593
2542.27,2653.51
338.081,4672.41
1401.05,-1716.47
-4369.75,-2969.61
-656.564,-4612.08
-5516.86,1331.89
1363.86,-3077.94
-5614.06,-73.6039
2182.38,-4711.92
-3734.72,2463.67
5038.96,-103.247
807.358,4528.39
3220.44,1882.51
1078.59,223.374
2787.74,-83.063
-3186.02,3622.6
454.343,-4059.18
-1776.37,-3443.72
-3191.65,1215.9
2901.43,-946.425
-1568.55,2622.43
2632.01,-869.826
-406.383,960.578
1679.69,541.776
1504.66,1495.88
-76.8583,1747.69
1199.63,-1379.65
-3509.97,-290.747
3148.49,-3413.26
-2874.32,4254.48
2837.07,-128.978
-3312.66,-520.177
1840.48,-4383.31
-4554.31,2508.18
5460.05,-1582.78
-123.438,4910.6
5637.26,2196.07
805.88,3227.14
4296.98,-426.465
-1212.69,2806.11
1264.92,-874.333
-1488.57,-1188.05
388.805,-1231.81
255.75,1608.87
2374.25,1811.58
2607.59,1983.58
-4.12732,2100.25
2832.23,-1625.32
1622.92,1876.42
2067.89,4245.9
2044.83,1465.97
-2678.82,-1290.97
-1635.42,-5312.94
-2526.71,-1568.72
-1679.75,1502.41
-536.346,-847.21
-952.321,-2425.46
-3866.36,-836.448
177.772,-3126.49
-2602.1,618.675
1306.58,-451.553
905.178,1128.39
2561.86,1967.41
41.3773,2655.68
1824.86,-1556.94
-3890.92,-335.697
-1078.32,-3933.23
-4016.44,-1769.7
-2383.84,-2003.55
390.956,-1879.63
-2484.27,2232.03
1770.23,-1404.12
1526.22,144.406
2040.74,3735.65
1004,3078.79
1634.58,-1968.55
-2862.78,-966.746
-285.423,-2080.58
-1933.53,229.154
-2073.87,-741.577
-3054.38,-3421.86
1219.5,-3824.04
-2005.52,4692.72
2766.92,1445.42
526.499,-755.353
-259.899,-638.33
1740.75,446.989
-253.507,3105.05
4290.94,-354.179
-1126.53,2882.02
2629.32,-762.149
-1078.38,694.279
3913.12,-436.439
777.47,4799.21
751.285,2032.49
1144.09,-3527.87
-2020.8,-684.684
2785.32,798.573
-2393.87,4481.1
2684.7,-3669.85
-4532.7,-1210.33
-1020.61,-2742.02
-3349.3,-743.136
1893,-2002.47
-3991.98,2978.27
4537.98,-3178.69
-1437.34,3006.42
2263.42,1629.46
-28.7111,231.422
2168.39,-1462.45
186.722,2752.02
3028.62,2121.43
1996.52,1756.27
-1824.53,862.575
504.745,-4174.08
-4682.92,-685.682
-655.064,-2496.88
-854.521,-633.133
-3292.8,1079.06
1225.18,-3940.6
-202.731,260.825
1268.07,3777.43
446.359,1774.78
1965.38,-2896.69
-4678.39,644.088
1189.82,-3542.77
-1424.86,556.04
1556,1681.27
-267.606,1674.42
3059.77,-1756.2
-2440.48,2427.29
5246.95,-1184.14
-269.909,4801.85
4619.85,1527.01
1776.96,1890.91
116.465,1307.72
1326.38,-1511.3
-1644.89,409.521
1062.78,-686.086
-3265.46,838.76
4999.23,-3616.52
-3826.43,5695.92
6551.85,-935.329
-3489.8,3189.69
2895.72,-3384.83
-2095.84,448.832
1630.91,648.517
-1988.79,1718.98
2490,-3173.01
-3580,1361.64
2322.3,-1594.15
-1322.52,1608.94
1480.7,-9.89006
-372.682,410.542
-309.436,-440.382
3833.28,-724.593
1661.25,5874.18
6517.09,3878.82
3583.55,3804.49
490.171,1720.58
1929.82,-2770.81
-2520.17,753.51
1111.94,-616.137
-3359.39,528.199
1085.34,-4006.87
-1417.58,555.534
1852.53,2163.21
-1649.49,2064.61
4274.25,-4102.05
-6334.57,3378.4
3926.16,-4287.1
-3747.83,1463.77
-1472.85,-813.178
-5020.55,-3981.46
-2805.57,-6714.81
-3303.08,-758.901
-258.418,1866.78
1969,449.736
-1530.98,868.259
2565.11,-2365.62
-40.7839,2547
4771.75,2780.21
124.945,4375.04
3162.38,-1993.41
-5438.94,-253.548
1802.79,-5498.2
-2763.78,2110.37
1254.17,1852.42
682.912,-313.153
3415.39,-703.296
-1657.04,5056.54
4285.18,-993.729
-428.652,851.503
1421.32,688.762
2005.57,1269.49
2282.88,2386.16
893.188,2231.03
568.461,-862.616
-3131.88,-1576.03
120.951,-3632.52
-1716.52,1315.28
-719.425,1259.59
-847.924,-2366.26
366.192,-2618.38
701.907,2717.52
5364.73,4021.85
613.7,5171.21
2779.45,-2488.91
-3217.74,-1503.07
-222.22,-2042.89
-4178.8,746.047
1308.04,-3774.06
-4739.4,487.77
2401.77,-2737.78
-125.881,2530.43
2151.07,2911.82
1838.57,764.611
1078.76,-125.028
1457.24,896.112
632.88,2314.67
2018.21,290.896
-3667.23,426.636
1120.49,-5313.33
-4151.86,493.767
1356.26,-420.115
-1166.9,1167.84
3496.15,-947.75
-611.16,3640.91
7305.7,775.371
1454.45,6773.78
5086.84,2229.87
673.465,647.082
990.151,-976.722
-899.437,684.217
1149.65,-161.12
-1317.29,836.349
1279.58,-1545.51
1045.53,867.312
2242.85,3228.75
4790.89,2752.1
1914.83,3892.6
285.415,410.524
-68.5735,-3384.16
-4673.18,-900.793
1455.8,-3219.91
-4297.46,2376.43
18.6002,-2649.2
-1821.36,-2776.48
1167.34,-45.4213
-1802.53,4267.09
4857.85,-1979.84
-3354.73,2257.15
2734.69,-2294.1
-701.216,1292.05
1648.87,1573.44
28.6659,1107.69
482.553,-1371.71
-1378.85,-567.847
1052.66,-546.412
-1002.14,1919.54
-945.631,-748.196
-1498.05,-3410.13
-3710.07,-1780.02
1969.94,-1925.71
-377.125,4270.82
2163.3,1831.64
1520.72,-1049.63
-2451.55,242.698
687.062,-2306.7
-2118.87,390.021
-960.333,-677.616
-647.194,-1909.08
-54.9413,-398.378
1031.48,1823.52
823.932,2001.75
-196.154,-499.348
2247.42,-2176.49
-1413.96,3473.97
5082.89,707.044
-779.839,3662.78
1681.35,-1291.73
-1765.68,-1474.19
-2405.57,-1326.62
-2157.3,-2178.41
-2652.96,-2075.49
-1017.83,-1836.98
-1900.98,327.726
4054.94,-700.421
-1286.74,5224.96
5097.08,-402.905
-2155.19,1809.52
3876.59,-2143.79
-2974.4,3317.36
4459.87,-1493.9
-3934.36,2595.49
2928.54,-3584.99
-2568.82,1038.8
4551.45,344.793
-871.34,5267.79
6596.29,-762.67
-1294.87,3919.06
2939.9,-408.485
2401.97,261.437
-27.2393,3948.51
3198.23,187.732
-3299.5,441.543
-862.005,-4724.04
-1597.05,-2163.02
-2562.72,2184.01
2406.86,-1292.08
-4267.19,843.927
1339.15,-4526.98
-2379.37,482.346
2724.57,1368.89
1781.2,3428.3
2923.19,1605.02
887.803,919.583
801.623,-132.015
-2024.09,157.214
-714.474,-2716.62
-3018.71,-1550.95
2933.14,-1551.97
1492.15,5537.42
6073.97,4382.72
4346.71,3567.83
2065.01,2326.39
5471.47,-89.6319
3092.54,5626.24
3827.24,5194.52
-1768.87,155.973
-1269.06,-7574.48
-7125,-2778.24
-799.676,-2755
-4646.14,984.765
3713.33,-3631.8
-3153.96,3712.23
4421.68,-251.801
-2299.66,2289.98
6112.22,-2403.14
-5463.72,5865.35
5201.26,-4461
-3670.58,808.134
2420.27,-341.168
-2696.75,2312.78
2517.58,-3110.3
-2000.02,847.377
3180.91,585.366
3208.39,3739.76
4080.54,4497.06
3973.32,2617.38
2569.17,1568.11
1005.69,1325.8
2003.21,131.717
-3010.69,1429.21
98.4794,-4210.85
-1996.23,-1762.38
-496.305,1263
-389.659,1034.63
2116.34,-1680.45
-541.499,1815.49
3041.24,1248.82
2041.41,2626.58
3254.4,2070.09
207.732,2199.42
584.872,-1476.49
-1045.2,-1497.85
-669.69,-96.5789
2059.5,588.656
-1597.21,2947.15
2278.99,-2478.79
-2872.5,-69.0311
4012.67,-1315.1
-125.875,5531.78
6252.67,1919.73
1155.62,3473.08
3513.28,348.21
-2878.91,1442.7
2262.42,-4080.76
-5689.82,1135.09
2192.99,-3702.08
-1831.02,1410.97
2205.29,1391.42
763.9,1747.05
2319.88,-6.9293
-2964.06,1438.21
1983.12,-3908.41
-917.749,957.475
-472.529,2735.28
1218.91,-1443.78
-849.345,-1157.42
994.016,267.758
857.505,2579.71
1875.68,1227.68
244.572,196.242
-130.751,-793.843
1505.14,-353.853
-1517.89,2829.04
3178.58,-1415.68
-1251.76,1459.27
3755.58,36.367
-1861.49,3718.78
1961.25,-2191.13
-4468.68,-1354.55
-1002.09,-4169.31
-4968.49,-726.863
1278.67,-2889.81
-683.943,2113.69
957.61,2148.73
1974.19,-571.539
-906.31,610.712
3200.66,-448.476
-2058.97,3759.26
335.01,-2079.23
-3102.67,-3635.53
-709.374,-2547.82
-1766.97,2265.8
3042.37,288.226
-208.581,1969.04
3212.5,-191.77
2894.14,2678.87
2040.45,4673.9
3892.32,784.47
649.11,994.164
189.76,369.984
-855.628,-711.915
552.606,-1591.14
-4654.41,1158.53
-117.814,-4900.85
-3684.5,-1984.07
-704.061,-466.393
375.698,817.269
-283.596,1005.11
309.555,-1127.06
-1779.15,-724.934
1156.16,-1369.89
-3286.92,2056.85
-317.29,-3116.23
-6625.28,-3123.03
392.401,-6440.35
-5403.31,2764.34
2175.78,-920.95
-2364.59,-81.048
3175.64,-2195.95
-1430.84,4271.77
7099.48,881.038
-1643.29,5689.15
3363.83,-2399.12
-3794.18,-1316.55
-770.836,-2934.41
-3050.78,-251.047
-264.71,-1440.2
-3959.64,-515.335
-943.471,-4242.78
-803.482,-1284.84
1607.26,3056.64
3173.31,3844.71
4530.36,1929.01
1475,2878.94
2787.21,645.5
923.931,1205.03
-1090.34,807.512
-1467.5,-2720.93
1378.83,-3035.98
-1647.24,4349.87
3695.67,1189.95
178.787,885.944
1557.44,-655.829
503.199,1306.22
1989.33,1600.56
-890.855,1588.59
2594.93,-2564.27
-5698.12,1638.43
670.184,-5250.95
-4991.24,-1476.97
-2099.3,-1959.93
-655.861,-1856.53
-3718.36,667.182
2325.97,-3288.44
-1113.72,2211.1
1973.69,2035.61
2339.79,758.332
634.802,1433.07
-188.325,320.658
1782.19,-1574.76
-1984.66,2008.99
-1100.56,-1079.25
37.8973,-3715.04
-1430.82,795.081
2067,1831.34
2029.15,2265.87
2701.44,1383.04
294.728,1739.66
3873.27,-575.865
-293.98,3702.73
4678.81,756.005
-1408.45,2887.18
-123.087,-2374.19
-1623.09,-3336.34
-2262.02,-228.47
419.903,71.6033
-3921.43,559.817
504.268,-5541.23
-5321.53,-585.069
3773.91,-1835.32
-2610.59,5464.15
5382.13,-1121.6
-1571.24,1895.47
3230.02,-607.261
-3734.2,2403.7
1935.17,-4298.5
-7046.96,-403.398
1471.84,-5543.02
-2476.58,1726.07
2943.74,2340.52
1746.03,2549.32
2141.23,506.735
-354.752,570.572
896.128,-841.399
179.579,637.717
-2485.83,1065.88
-786.441,-4113.28
-3794.95,-2700.29
-3425.07,-1600.22
-220.901,-2414.17
-2268,895.29
-321.948,-761.998
-861.83,-1531.96
769.636,-530.964
-635.071,2523.04
3573.95,-25.1377
642.089,2530.23
2094.92,1332.97
28.5952,543.217
1880.52,-1087.25
-3469.96,1900.88
2733.12,-3502.54
-3255.31,1456.9
1453.37,-828.991
-1222.86,352.576
1653.53,-743.339
-2038.86,1798.31
916.739,-1917.28
-1591.21,-777.299
-2888.85,-466.218
-2515.32,-3514.37
-5989.41,-3687.25
-325.909,-5303.05
-3910.36,2477.72
1697,-17.29
-2050.78,-336.192
3054.31,-2698.27
-3417.38,4252.08
7548.53,-1411.24
-2621.34,6071.5
5267.21,-1357.49
-3028.27,1044.53
2490.43,-2519.46
-3188.46,2048.24
2064.91,-1662.43
-3411.86,479.506
1325.81,-2984.03
1600.12,1131.8
3777.32,5537.07
5968.44,4873.08
3758.21,3523.41
1901.04,990.65
-617.413,-641.289
-757.279,-1853.43
-4066.01,-742.161
-2632.62,-4086.42
-1574.88,-3469.23
-1829.81,1458.05
543.193,925.619
-110.266,-716.776
-1189.08,-1152.55
457.85,-1019.84
534.251,1709.8
2394.77,2002.01
1404.84,1882.42
-785.612,169.008
685.071,-2892.37
-88.0735,586.038
-1035.98,2788.17
2084.37,-1793.75
-3445.42,-143.679
332.092,-2982.61
-353.261,266.297
3115.3,2648.28
-1375.53,4226.92
4622.42,-3996.26
-8205.34,1647.28
1786.68,-7224.24
-8388.49,-294.72
-3516.63,-4732.39
-6787.07,-5624.98
-2019.08,-5447.41
-5773.98,1902.99
3144.45,-2554.12
-2902.56,2014.57
1916.93,-1208.55
-70.4399,493.757
2454.79,1328.6
1790.92,3133.18
2138.29,1593.95
967.491,107.298
-1400.53,-187.021
668.491,-2028.39
-2054.91,859.308
221.281,-786.588
-82.9479,-686.738
-981.295,594.503
1617.33,-598.113
1319.18,1670.88
-782.807,2602.12
1831.16,-2481.18
29.8578,-196.548
-825.126,2554.79
-170.293,-819.634
-2482.62,-2988.31
-4389.61,-3069.64
647.655,-3486.66
-1848.47,3503.51
4700.02,1316.05
558.072,3168.1
2949.56,-3.30315
-2930.42,900.926
2629.55,-3843.82
-6292.72,2181.08
3163.88,-4667.85
-5643.32,1482.19
3224.57,-2940.46
-4073.39,2468.35
1148.84,-2474.41
-2933.79,-1304.94
3373.12,-1557.94
-247.855,5837.88
5481.01,1953.06
-747.083,1990.96
-148.998,-2655.42
-4338.49,-2584.05
-2334.77,-3745.04
-2810.22,-1254.57
-2906.49,-530.962
570.183,-2984.48
-2083.14,940.219
3131.06,255.701
-294.399,3400.51
1838.48,-249.206
-1399.14,-888.67
1300.64,-1647.91
-380.71,2550.09
2419.22,1426.13
598.345,968.143
177.321,-408.17
1625.97,-645.932
27.0771,2676.79
2960.05,1046.13
-572.671,1550.11
1155.23,-1582.83
-2318.96,-137.93
1410.06,-1593.93
-2983.64,1804.58
1398.69,-2392.77
-1868.23,-183.767
-496.611,-221.249
-566.315,-637.598
-3536.05,-793.228
-640.802,-4462.85
-3318.76,-682.536
940.273,-259.226
-368.38,1837.01
4291.71,76.9153
-1776.1,4144.08
6340.94,-1872.05
-2386.18,4526.94
3912.72,-775.35
-2369.09,750.739
584.866,-2331.98
126.11,-165.233
-899.051,2486.39
3690.71,-786.519
-697.894,2615.23
3071.36,255.166
1777.08,1791.07
4230.18,2684.44
-694.785,4403.07
-1808.68,-3293.82
-2737.04,-7302.42
-4398.23,-1289.34
-1594.41,820.748
-1407.3,-1164.78
-1653.92,-3020.85
-3209.3,-1555.33
3117.35,-1549.85
-1966.06,5644.97
4196.01,-570.31
-1504.24,103.462
3286.2,-1226.49
-560.152,4378.79
4075.03,1021.66
-424.803,1404.31
26.7111,-1358.49
-1288.04,-1523.49
799.639,-520.559
3124.98,2701.95
-21.0562,5137.5
3880.42,-2113.15
-14.677,219.916
1247.26,2328.27
837.467,1722.19
-1850.17,-1064.39
-1090.69,-4413.11
-3528.27,-979.425
-1237.31,-736.44
-1651.76,-1038.52
-949.854,-1756.89
-3959.35,-653.522
3346.73,-3778.98
-3015.84,4851.1
4948.38,171.81
-1002.94,1982.51
4509.46,-1056.25
-2652.45,4170.15
4652.22,-2036.53
-3458.65,2015.62
-46.9336,-2528.07
-2890.51,-2515.37
-616.388,-1743.91
-54.913,1408.26
1763,1802.33
-143.869,1187.36
982.842,-1813.4
-776.561,51.7887
951.603,802.301
-1104.65,1261.79
-748.316,-2277.93
-2928.8,-2633.02
-2855.8,-2180.25
-2302.01,-1763.99
-1321.45,-1362.54
2649.49,-172.942
448.645,5059.87
5547.79,1467.89
255.478,2905.89
1760.14,-615.151
692.801,-413.141
-1748.14,1570.38
1879.51,-1851.76
-1820.44,820.33
-1099.44,-638.58
-2611.94,-2605.45
269.61,-3250.21
-2072.27,2584.86
2093.51,579.516
1040.52,366.732
-1870.58,924.447
962.684,-2868.16
-3580.72,25.3901
-163.564,-2159.37
-2670.71,-659.606
581.162,-1639.82
-2752.56,1146.17
1676.89,-2084.51
-5065.31,758.331
1963.84,-4873.06
-5697.85,1249.81
3449.7,-2871.2
-1065.16,3155.87
3946.66,1882.72
1947.12,2580.03
1073.69,1248.12
1616.08,-830.157
-674.269,1004.03
1611.35,78.3334
-2743.29,1131.67
1158.43,-3767.3
-1991.08,70.0365
-594.091,980.51
432.344,-917.522
-1372.19,-510.429
616.882,-1008.69
-662.908,1232.71
1364.01,232.743
-2941.36,554.677
398.404,-4280.76
-5356.21,-612.855
2874.48,-3190.09
-3741.83,4085.33
5078.86,-1502.63
-4006.15,2665.25
7437.75,-3447
-1452.25,7396.98
9608.37,2601.7
707.486,6320.61
5416.09,-556.256
335.1,1349.14
2469.36,1456.74
1672.77,2319.74
305.698,1171.84
1042.17,-1697.77
1019.49,255.7
1675.91,3272.58
767.352,2391.96
1575.15,-1899.93
-513.584,-269.07
-950.248,1184.35
1465.97,-960.868
-1716.17,714.75
-1844.97,-1438.6
-859.084,-3522.53
-517.323,-94.1748
-561.069,2723.43
2941.71,-427.593
-106.69,1381.94
2286.39,587.774
930.778,1923.22
3128.56,1080.33
1272.69,2662.47
2327.92,1117.72
273.87,764.946
1718.84,-508.83
-230.084,1636.82
-2202.28,262.852
-2250.53,-4840.9
-904.794,-3874.03
-2206.07,3131.79
908.798,944.707
1955.16,-1799.53
-2769.94,1629.82
3116.04,-1797.84
-1650.48,2474.75
2964.54,-119.906
-4353.26,1449.89
2204.42,-5719.96
-7318.23,805.174
2167.41,-4388.3
-2369.01,1564.29
1483.18,1295.27
1373.35,569.781
1898.58,829.751
3970.86,2398.77
1250.31,5068.64
1782.72,-70.3753
-798.774,-2532.06
-662.434,-1165.3
-1874.92,1408.57
1150.7,-1378.84
-2263.57,-44.4774
-1284.17,-1830.54
-191.354,-1989.61
-2271.51,1284.18
2651.25,-1037.6
-2019.91,2215.66
3347.44,-1422.29
-2815.21,2220.81
3750.84,-2112.73
-6296.74,2555.33
-141.603,-6475.79
-8169.07,-3781.59
-2205.56,-5410.72
-3810.23,-182.67
2582.34,28.3725
374.592,3688.52
4033.95,1010.73
3510.83,2245.01
1479.98,4327.38
2896.18,386.219
-2465.18,-250.407
82.9981,-3758.99
-910.576,-5.98944
2285.7,2572.87
-1408.04,3295.77
4129.52,-4083.5
-5962.25,1974.2
2747.59,-3926.64
-3301.85,1264.19
3.77161,-543.872
-3463.69,-1587.72
-1259.62,-4505.81
-4609.17,-820.66
1360.9,-2058.51
-3728.15,2257.41
-900.203,-3055.81
-358.067,-3894.86
587.911,2296.66
1025.74,4893.89
4812.2,-311.638
522.239,1959.61
2690.95,1494.78
2370.1,2062.23
312.614,2112.87
-1018.19,-1432.68
-1349.54,-3683.58
-3498.6,-894.831
367.77,-1360.91
-2305.12,1081.92
1164.54,-1766.64
-5657.06,113.327
2553,-6064.02
-4301.89,2691.05
1421.97,319.684
-1307.54,-905.206
-2812.7,-2284.49
-3478.82,-3419.39
-328.974,-2980.87
-2859.08,2497.65
491.762,-902.976
-108.759,-1985.92
-1957.29,564.158
2488.52,-644.394
-3193.29,2692.28
3697.46,-3435.99
-2944.23,2057.56
2732.71,-319.59
-706.714,1628
2193.94,-364.302
-5241.09,1193.57
727.007,-6843.64
-7274.96,-1131.36
562.029,-3458.11
-2944.34,1269.45
1776.33,-525.782
-2020.78,994.52
4424.56,-2000.88
-1155.8,5000.34
2989.08,997.418
-1569.3,-830.467
-1270.03,-3192.21
-3151.78,-1366
-1775.43,-1480.46
-3138.23,-1507.14
-2442.06,-3231.21
387.473,-2262.56
404.923,3553.19
3403.63,3213.08
4860.23,1681.93
-625.194,3882.23
6142.78,-1855.89
-1064.81,4619.21
3141.32,1034.19
-3476.18,-309.873
-2342.97,-5932.58
-6364.81,-3784.5
-1317.76,-3455.08
-2205.15,1346.98
807.298,396.46
1134.76,-227.076
-309.379,1216.12
1829.53,-8.85495
-1194.54,1306.13
-570,-1546.36
-3022.71,-2387.45
-569.071,-2922.66
-3408.13,1127.37
2345.82,-1751.66
-4304.12,1749.57
3160.11,-3988.26
-699.555,2257.49
5297.52,3504.46
2613.88,5530.08
5331.67,987.007
1891.25,2263.32
2580.57,2164.72
1440.86,1660.63
-1189.46,33.6923
-3131.53,-3412.79
-2420.2,-4821.72
-4913.55,-646.001
-984.754,-2311.44
-2102.82,-1186.53
-796.236,-810.362
-1324.1,-135.453
2332.01,-1004.35
-2829.05,3193.02
498.037,-2679.56
-4843.55,-2982.27
-1568.98,-4397.57
-3439.27,139.599
237.804,-514.717
-3606.1,-137.719
2079.9,-4492.67
-2909.96,2522.35
5145.09,844.814
1735.94,4754.27
4339.73,2309.82
1871.59,1679.26
1309.36,682.35
-24.8994,293.674
-752.438,-675.438
-1584.49,-1467.92
-2160.56,-1779.9
805.118,-1729.66
-2449.27,2613.71
2636.74,-1425.51
-2519.43,813.002
2205.16,-1877.5
-1194.33,2029.27
5746.29,657.9
-3621.4,5928.11
4845.94,-4947.51
-5018.05,240.354
-253.757,-1931.33
-1839.53,-1019.73
-485.536,-765.352
-1751.03,129.305
1585.09,-1654.95
1605.61,2004.31
1862.38,4197.45
4947.48,1171.01
59.5696,2954.51
1579.41,-623.708
-2600.36,-868.51
-1845.95,-3117.63
-3759.98,-2205.88
-3169.47,-2549.48
-795.182,-2627.06
-1609.01,1060.01
1374.93,440.964
-949.869,801.304
410.253,-1658.16
-3139.28,-498.234
2782.22,-2674.05
-5081.81,3911.38
805.587,-4117
-5769.53,-3495.6
-509.309,-4244.73
-2343.17,2164.84
2321.18,1141.72
-52.0486,1084.17
3312.96,-905.053
2321.21,3644.33
2766.16,4670.97
3395.05,799.057
1230.93,350.611
991.944,1152
288.981,1187.93
924.579,-588.147
-1927.17,13.4536
-1090.46,-2143.26
-2306.66,-1868.33
-382.233,-1296.21
-650.015,1121.28
482.773,449.695
-335.952,-453.366
-1077.57,-977.806
616.578,-1117.97
-1489.22,1670.42
383.557,-842.604
-1374.8,-1303
2307.94,-1065.04
202.552,4449.99
3256.74,1863.56
404.505,296.256
96.6585,-1128.27
1225.58,-157.895
1736.35,2930.83
986.786,2887.62
1738.32,-1208.43
-2834.88,-582.26
-2472.11,-2867.37
-1688.17,-3282.87
-4696.52,-28.5576
-2405.77,-3536.95
-2400.01,-3892.51
-1936.51,-280.049
-1541.41,968.151
1618.89,-1854.35
-1629.48,1072.01
907.589,-275.584
2104.02,215.31
923.588,3342.98
1715.12,1459.73
-765.42,-821.144
-995.186,-2560.48
-878.597,-813.247
-85.4111,1221.72
1446.79,791.491
1796.16,946.635
1708.66,1942.62
3995.12,1837.68
1294.2,3948.21
2877.11,528.643
-822.256,173.323
-918.781,-1596.32
677.37,-1575.96
-4114.4,2240.6
1321.7,-4018.6
-8389.9,-1157.83
2279.49,-7760.15
-5933.1,3279.5
4352.57,-137.417
-420.476,2589.24
2918.87,20.7022
-1486.22,1456.96
3346.96,-1759.1
-3423.17,2953.25
943.342,-2711.93
-487.829,-1957.64
908.227,1981.97
1150.19,3392.2
2762.04,13.3559
929.664,605.234
82.1281,1462.23
1384.21,-298.788
67.329,483.746
1129.57,532.78
-1277.11,1094.17
-558.515,-2246.63
-50.6478,-2078.74
-2313.46,1922.7
1420.96,-1015.73
-3460.53,-225.615
1063.72,-3783.59
-1498.7,1282.54
2536.03,1898.8
455.886,2375.25
3924.49,-828.262
-2002.07,3057.08
3152.27,-1507.7
-2505,1112.45
-3019.22,-1960.68
-980.355,-5651.57
-2385.74,-6.90143
780.633,2269.02
1567.93,1214.21
1318.25,113.493
282.152,737.228
1978.63,473.256
30.549,2103.5
2120.37,-123.987
-2061.13,800.1
-1052.45,-2695.34
-3628.3,-2697.85
-331.787,-2660.41
-1985.38,1824.17
-1795.17,-127.942
388.493,-4438.37
-5146.74,106.033
1247.58,-2762.85
-2209.38,1170.63
1099.89,-188.036
-655.008,249.299
922.583,-635.127
-355.111,972.849
-2222.65,136.483
-168.928,-4129.22
-461.351,-744.51
1195.24,3475.13
1828.33,2705.7
4556.65,-475.259
244.853,3799.13
2784.13,1370.72
2942.47,359.577
235.81,2942.99
-284.727,268.661
-2072.48,-3407.8
-3718.35,-3577.68
-1427.17,-2218.89
-1927.07,1182.52
-2089.49,-585.707
-389.576,-4271.72
-1791.43,-392.231
-619.282,1671.12
1444.27,-396.543
-845.414,284.219
1142.68,-669.795
764.571,1287.48
-284.207,1866.86
804.363,-1506.97
-2823.68,-955.233
810.534,-2474.73
63.309,1830.82
2058.56,2799.49
5205.81,1478.62
2715.26,4857.74
4035.41,3052.21
4908.23,1359.86
2209.76,4237.9
923.141,2270.57
506.435,-2678.96
-4903.9,-1885.41
-67.0127,-4351.23
-3729.2,1157.09
1603.26,-786.217
-1836.02,823.09
2403.09,-1587.22
-984.496,2356.79
1247.82,496.861
-41.9687,-605.828
1407.81,-478.201
-1651.85,2494.02
1494.14,-1579.06
-3511.95,-701.117
-2148.98,-3458.21
-1802.27,-2778.65
121.317,652.117
3393.21,3057.97
2729.47,4453.76
4917.09,1428.77
142.647,2709.89
1858.77,-772.262
1537.4,-55.7359
-2775.63,2903.57
807.831,-3590.85
-5245.91,-2325.04
-200.893,-3943.76
-6591.6,1289.8
2686.98,-5191.06
-6385.92,1627.21
2193.55,-3526.62
-3076.75,843.831
1921.56,-592.233
-711.438,1671.83
-84.4075,-230.409
-800.648,-1870.88
1510.52,-955.024
-2715.07,3794.4
1156.68,-2534.67
156.108,-2426.15
-2000.99,2568.34
3405.59,-90.347
859.911,2192.67
4329.07,1777.41
1596.94,4144.74
3292.02,1064.38
2013.44,731.832
-728.05,1938.75
-579.135,-1580.9
-4006.27,-3057.36
-412.086,-4313.43
-5619.63,1796.08
4017.42,-3367.99
-3227.98,3294.39
3418.21,-670.124
-1767.24,1280.54
3430.51,-1451.29
-2356.05,3301.28
2069.57,-1436.44
-1509.73,-631.858
-600.004,-673.213
1160.47,-273.362
-1725.09,2196.29
2203.48,-1884.12
-2124.06,636.528
1088.67,-936.967
-1295.14,696.723
4821,-594.717
-1257.73,5971.56
5902.39,-348.669
1247.8,2353.79
222.54,2525.45
900.558,-1789.96
-6757.69,-1644.35
-409.072,-7842.62
-6364.09,18.4944
1458.79,-1109.48
-2709.22,1584.56
4890.79,-2349.32
-3395.91,4920.97
6887.32,-1633.86
-1875.24,4486.9
3115.88,-300.382
-1944.6,-266.807
-2246.29,-2427.6
-3759.9,-3307.05
-3318.35,-3333.18
-2140.75,-1844.33
-2953.58,-76.8025
2816.89,-2308.19
-654.606,3763.39
3322.64,1877.39
651.472,1050.52
1687.79,-675.212
-1135.96,1274.38
3364.21,-634.621
-3405.13,3247.61
2130.72,-3741.93
-4759.14,-818.961
581.214,-2920.79
-3504.47,1101.95
1190.27,-1890.33
-1299.3,256.187
2908.7,246.876
1813.79,3894.3
3911.98,2851.18
1125.57,1939.7
958.486,-930.904
-3355.69,-736.675
-225.001,-3827.35
-2421.95,-64.1813
888.636,427.086
1231.2,1295.57
2932.66,1558.01
3168.74,3136.06
1705.13,3313.43
1077.97,-340.319
-203.251,-1744.7
-2111.93,-97.5111
3089.84,-1123.63
-3627.34,4149.85
4146.72,-3436.37
-5982.44,1084.13
3173.75,-4636.41
-1584.41,2786.16
1896.97,2790.55
1312.28,57.6994
-344.039,-863.235
271.238,-528.222
1073.15,1246.11
3140.09,2270.3
-917.203,3341.21
3682.2,-3064.75
-3276.17,1495.95
3215.21,-1175.49
474.429,2856.65
3916.97,2331.94
1236.5,2900.34
5201.92,-10.7341
746.401,4541.43
2256.92,1666.46
360.859,-1199.89
505.021,-1109.82
-536.809,1838.71
2223.67,580.971
-1421.35,1257.21
-334.052,-2432.04
-4304.18,-2124.68
-178.245,-3806.63
-1417.57,1393.39
3229.87,2018.16
573.886,3260.97
3164.24,-731.601
-336.318,1179.85
3299.19,607.193
-3879.36,3341.4
3594.69,-5585.95
-5327.03,997.352
3041.25,-1594.96
-3963.17,2798.22
2370.77,-3598.56
-5043.29,-63.4379
2101.22,-3341.46
1093.17,2655.78
2671.56,5257.53
1679.3,1568.01
1877.18,-2589.21
-2063.13,911.619
1251.95,-136.357
-1545.56,694.045
-3156.57,-2089.27
-3533.29,-5502.73
-4015.9,-3550.13
-1660.47,-614.392
2231.44,1088.76
4455.56,3954.96
2447.11,5649.04
5181.92,257.448
-236.515,1788.78
750.63,-230.477
-1765.87,-826.738
-1542.02,-2350.43
366.334,-1556.57
-680.019,2678.31
1670.28,845.092
491.317,-272.587
1958.7,-10.3146
1036.59,3107.6
4581.88,1946.7
-1915.93,3453.89
2031.55,-4159.14
-6769.51,-1208.46
-2904.32,-5524.85
-4414.02,-3713.82
-2586.91,-1177.13
-1026.36,-247.687
-533.351,-422.717
1853.53,-496.617
-1588.27,2922.49
3927.19,-1322.02
-3725.2,2321.14
3264.23,-3491.31
-4006.08,1744.17
2521.23,-1814.06
-1130.75,1485.41
1802.63,495.311
568.936,1070.06
2460.23,560.706
3524.04,2621.33
151.987,4696.41
3493.79,-1813.53
-1154.84,90.4501
1086.43,384.786
1864.86,1500.34
-89.5881,2387.7
451.387,-1380.15
-3214.27,-1975.89
-327.484,-3280.56
-3225.19,1033.8
-536.3,-1254.73
-6445.17,-2286.22
4346.41,-7835.12
-5731.33,7409.88
6730.25,673.079
8.6088,1895.41
4716.31,-39.9573
-1528.02,4705.49
4598.69,-1420.01
-5316.78,1409.61
637.458,-5780.69
-4767.87,-1307.67
1131.02,-965.146
421.92,2658.13
1702.11,1848.94
1376.68,-58.8121
1319.83,225.846
954.53,2040.47
-498.584,1285.19
-354.58,-2640.15
-3767.13,-2131.81
-3989.26,-3004.44
-2912.22,-3979.34
-2807.07,-1647.2
-2183.58,-308.366
1060.81,-1534.36
-77.4642,1618.36
5078.03,1786.81
735.867,5698.64
2285.12,-83.1471
-127.112,-2445.97
-1845.31,-226.197
1574.49,-114.965
1214.2,2418.67
2184.21,2141.1
-1519.65,788.162
0.758789,-4146.87
-1534.12,-1170.95
1043.28,1951.03
1121.93,2747.05
2070.31,-62.3077
2178.7,319.506
330.241,3266.31
2897.36,565.855
-2628.27,766.979
386.081,-4093.17
-6522.47,-865.415
1718.42,-5092.88
-6517.86,2417.45
4118.14,-3721.43
-3900.2,2720.6
5023.82,-1224.19
-750.515,4104.1
4514.5,835.258
-1661.02,2227
2089.17,-2757.52
-1307.6,427.783
1300.78,1083.01
1683.5,1494.85
42.869,1448.6
299.215,-1258.58
953.382,-1059.22
-1265.86,2499.51
1538.79,-469.086
69.7589,-403.87
1573.57,678.212
1066.69,2719.83
2189.34,1160.1
-3002.29,364.242
-1448.65,-5349.76
-3871,-3034.37
-733.733,-403.669
-2110.94,1715.08
2675.03,-2392.86
-4499.98,1635.81
3719.16,-3592.64
229.484,3218.31
3251.54,4416.47
3904.47,1830.24
1154.92,1407.42
1574.63,125.467
1384.72,936.877
1092.3,2005.15
-1517.69,724.99
2061.48,-3969.62
-1482.18,1817.86
1711.35,2148.24
-172.727,662.707
1645.33,-2206.11
-1175.66,1470.68
2753.12,824.295
540,2445.81
1770.75,285.33
-4311.57,-86.8505
-2034.91,-6396.88
-4293.94,-3549.51
-94.3826,17.0451
1027.62,3277.11
1966.49,1715.35
264.772,-336.309
1756.51,-1201.2
705.906,2789.18
2410.21,2548.06
2021.45,892.113
577.227,493.71
553.217,65.3279
597.883,343.457
-1436.68,763.265
-433.818,-2321.14
1131.87,-1531.51
1166.72,3859.43
1410.83,3525.58
4794.28,-1390.57
-2973.4,3102.14
4980.86,-2199.56
-4134.84,3496.6
3869.34,-3044.31
-4488,1408.72
1982.44,-2958.03
-4249.44,827.86
2858.36,-2787.58
-1962.41,2768.78
668.529,338.966
-747.869,-1920.85
326.12,-1471.7
1320.62,2316.19
4040.71,3670.14
1455.74,3743.67
1768.39,-1131.02
942.445,-1208.05
-3035.66,2334.98
1428.62,-2838.89
-3881.62,-788.316
247.469,-2626.03
447.016,828.527
1855.74,3399.39
2837.72,2145.51
-20.339,824.473
-353.466,-2016.4
-3822.41,-1612.36
-331.124,-3516.78
-4733.96,560.72
-903.556,-3197.18
-2612.9,-2349.89
-2489.85,-787.315
1263.79,-1277.35
-1567.49,2321.63
936.61,-702.585
-826.171,-1143.15
3132.77,-359.817
891.471,5552.64
2301.44,2194.03
-1125.61,-2174.05
-209.35,-3827.04
-2779.4,1475.53
3074.89,110.275
-1454.58,2696.88
5412.02,-1634.17
-4752.15,4585.93
5443.82,-4326.02
-4002.06,2459.04
1393.2,-878.126
-3538.76,-875.558
-1619.88,-4189.76
-1914.78,-1912.6
-622.151,1266.46
-2194.24,932.179
-635.473,-4365.97
-1573.6,-2262
-1025.78,1929.57
969.102,903.234
3121.84,-412.773
-1417.56,3466.82
2705.37,-1125.94
-282.008,216.366
-245.778,847.504
-628.919,-551.231
2465.89,-1674.29
-383.275,3891.17
3637.89,1635.23
442.753,1356.8
30.7861,-766.794
-2032.54,-1428.53
2757.68,-2074.73
-2046.47,5022.54
3723.96,-229.845
-1703.68,66.5462
-832.714,-2049.36
-4109.81,-1621.62
-723.316,-3929.02
-4069.53,4.58964
-586.218,-1882.37
-1006.94,-1168.05
-755.327,329.059
1264.47,131.154
-671.789,1405.6
2419.49,-835.572
-848.14,1899.26
2955.74,-14.6314
-2189.19,2148.52
3370.89,-2674.12
-5483.69,2120.03
2816.3,-4678.99
-4450.67,1138.39
2623.16,-1305.79
-1709.58,2220.48
3423.55,-709.437
-1568.8,2433.9
4429.92,-1014.76
-1856.43,3618.23
1284.32,-1136.56
46.8769,-1951.17
-1263.23,1083.28
-198.344,225.03
-494.435,-1426.22
-1605.25,-1090.13
-651.263,-960.599
397.293,57.6811
583.479,1522.97
1423.94,939.881
2909.5,699.84
1380.72,3338.78
5626.78,1824.95
2490.49,4896.05
3307.64,2378.09
125.536,38.1244
882.699,-2018.33
-2198.04,998.63
-380.085,-1007.65
-42.4196,-1693.83
-1933.13,744.643
1110.79,-948.347
-875.221,647.153
662.58,-173.042
-1393.08,181.451
360.343,-1741.37
-2014.6,74.3936
3114.5,-952.773
-2692.48,4066.91
4609.55,-2268.25
-4660.63,1991.47
2226.52,-3900.27
-3193.69,572.283
6190.13,-212.515
945.42,8066.76
7472.19,2637.5
1351.58,2761.01
4381.62,-46.7821
-1796.85,3413.75
104.873,-2092.08
-2038.3,-3558.28
-2933.7,-1129.91
1314.21,-690.665
-1304.34,2763.35
1511.21,-862.836
-659.247,-763.683
2356.92,51.2409
383.656,4087.35
4052.55,1018.15
-3540.14,1570.5
722.227,-5720.05
-3476.39,-1202.07
654.867,790.377
157.4,2032.95
2169.28,-320.961
-319.83,1008.43
1604.31,93.9103
2173.24,1346.47
1139.08,3180.18
3731.67,713.943
1701.26,2263.56
2983.46,2119.41
1742.25,2233.14
-1133.88,560.534
-1058.3,-3772.2
-5154.36,-2555.18
-0.921265,-3718.17
-3126.04,1972.33
2394.75,-479.694
-2843.78,1127.8
2404.6,-3265.09
-3467.43,1799.3
6854.7,-1125.8
-5226.11,7442.74
6665.4,-5201.79
-7429.81,1094.55
2851.41,-4811.69
-5001.95,2080.58
619.252,-1976.15
-2870.88,-1678.56
-1206.47,-2214.34
3599.44,-134.025
3105.85,7376.17
6396.66,5406.74
3397.66,2279.69
2828.56,-70.6122
-78.4834,1858.55
1077.96,240.027
-526.014,-345.357
-573.577,-982.979
-672.375,-576.977
80.8664,-24.1303
384.612,677.552
668.455,641.8
-313.032,310.27
312.887,-1022.86
930.776,96.614
-1881.03,2277.18
-1964.05,-2662.42
-2758.1,-5414.19
-5011.2,-1867.64
-1172.52,-1954.41
-2578.79,-234.355
1320.69,-1700.29
-854.072,1851.11
4958.91,875.458
1715.75,5251.33
3552.18,2235.63
195.572,-9.95504
2110.56,-1716.45
-2468.16,2792.15
2507,-1404.2
-1966.9,475.754
-1048.04,-1284.9
-4991.84,-2336.72
-1339.22,-6017.91
-6059.92,-399.206
1263.05,-2579.42
-4282.88,1582.81
959.284,-3284.71
-461.696,-632.273
1514.62,2700.24
1217.42,2971.56
-80.5989,-734.56
-181.114,-3084.89
-1582.07,218.213
274.509,865.016
3569.2,308.726
338.1,4227.46
3739.64,743.426
1316.22,1178.15
2567.31,1462.22
1031.58,2643.03
2593.98,380.543
-249.319,1082.62
1522.62,-489.246
-503.725,1008.51
934.881,-55.1935
-3830.28,123.324
2605.03,-5199.16
-3535.11,2920.91
4637.51,694.673
203.508,3535.2
2593.07,125.138
-607.035,122.246
2786.05,-742.443
-69.7554,3742.53
-830.706,958.831
714.715,-4828.46
-5075.98,-499.962
533.143,-2326.38
-3199.73,752.286
2149.14,-2035.94
-2457.83,1916.13
4257.64,-1043.21
-2135.27,3840.52
3429.75,-1403.99
-2889.33,704.038
435.121,-2469.63
-2185.9,-462.029
-143.711,-637.314
-3121,-11.0357
-1915.29,-3865.89
-4040.6,-3243.01
-638.787,-2157.25
3017.93,2164.75
-74.4751,6523.14
3978.24,-1568.98
1750.35,-921.104
-313.982,4146.26
3608.59,962.127
-1322.05,945.3
1360.4,-2558.73
-1165.53,714.532
3930.73,1183.34
990.277,4908.12
4779.91,893.127
-736.889,1917.39
2188.43,-1517.18
-778.115,1019.61
3641.47,731.283
-3853.59,3975
2177.06,-5681.8
-6591.46,-1697.78
-1168.91,-3700.14
-3877.01,-635.717
-3767.06,-2034.87
-4112.23,-5158.88
-2922.05,-4380.1
-1162,535.877
-815.54,2609.82
1401.31,-1520.44
-3239.05,-894.328
-267.396,-3065.53
-3112.12,56.5231
1398.4,-1283.4
-3089.53,1575.39
4286.27,-2743.06
-4162.24,4001.97
7539.29,-2378.76
-3259.22,6185.73
4554.56,-1312.02
-2549.16,-83.7294
833.413,-2060.69
-1353.8,963.003
871.435,280.786
-5979.53,-33.3681
-306.356,-8708.2
-6512,-1478.96
-862.832,-640.446
-1742.12,-138.027
-536.054,-1892.25
1466.48,-748.035
1993.42,3983.29
2776.17,3992.08
427.289,291.493
-49.0626,-3252.23
-1405.26,-600.76
-699.313,1196.27
2173.97,-282.006
-1703.95,1757.37
1700.56,-1852.41
-2122.19,368.891
3413.17,-904.649
706.894,4340.87
4092.98,2493.8
-1037.32,1586.61
2375.82,-3583.55
-2349.94,1407.7
70.722,452.974
-557.828,-1405.83
-3118.23,-1459.52
774.88,-3083.88
-3476.72,2080.23
2147.56,-1578.53
-2858.5,584.829
3061.26,-2201.4
-3650.07,3324.81
5457.45,-2382.34
-3323.47,3939.61
5764.27,-1579.16
-4138,3785.17
3199.06,-3640.33
-3623.42,168.994
2092.64,-1239.55
-1734.72,2477.32
2003.69,-879.422
-774.296,191.741
3881.58,54.058
2095.39,5357.48
4567.98,3604.24
3728.67,1575.19
1556.4,2029.04
851.404,947.007
799.866,-665.582
-4147.39,1.90772
1212.61,-5111.35
-4998.98,1004.56
3126.39,-1708.37
-2017.71,3007.16
2636.41,-709.459
-1220.23,536.88
4106.28,-689.86
601.122,5200.09
5839.76,2289.1
-1213.65,3173.47
724.734,-3527.45
-1601.14,-2485
-705.737,1111.82
2969.04,1613.88
-1045.19,3110.36
2868.94,-2648.23
-1482.39,675.709
4731.57,923.031
-846.265,5969.92
7579,-1217.82
433.318,4656.56
4778.14,2652.81
-854.807,2246.05
22.1722,-3516.76
-5584.25,-2705.71
-1375.53,-4603.4
-2911.87,115.21
159.894,440.702
-697.224,-17.4843
887.469,-1382.46
-300.043,1145.39
2987.23,1195.13
2395.42,3242.06
171.483,2526.58
961.754,-2700.27
-2217.04,-1418.23
785.668,-446.221
1211.76,2458.7
1177.4,2394.25
911.821,-555.586
-1347.77,-1145.52
3154.04,-1245.08
-1484.22,5405.51
4581.22,-188.07
-1309.15,940.52
2227.2,-1310.04
-4334.51,1883.82
824.134,-4570.62
-7562.26,-1515.18
467.659,-6160.61
-5833.09,1216.92
3770.89,-1829.1
-1563.36,3681.37
4163.37,190.794
-495.519,2128.67
1290.03,-522.878
879.296,-319.655
-1567.52,1734.84
-1120.72,-1800.91
-1831.77,-3576.65
-38.0203,-1059.51
-1100.58,3330.48
3415.07,-146.692
-806.419,1407.69
2153.87,-665.745
185.171,1570.76
3177.63,1254.88
415.154,3025.91
1630.06,-274.195
-1274.54,-774.223
-1348.73,-1563.04
-2212.29,-1379.09
-3909.05,-1876.38
-3384.14,-4503.12
-2716.47,-3466.67
-2312.62,207.424
1534.36,158.288
26.8583,1874.11
1706.63,132.979
-2482.34,442.199
1889.03,-3460.89
-2754.17,1791.63
1862.35,-162.035
-1617.6,643.015
3094.05,-1871.08
-2197.69,3451.66
2395.56,-785.989
-542.808,-231.319
2451.55,215.029
-481.557,3666.58
3969.2,-391.491
-940.19,1861.17
1252.81,-596.618
-4980.05,-382.695
-384.864,-6429.44
-5382.22,-1003.9
-186.738,-1267.67
-1681.5,357.084
-1373.51,-1155.79
863.497,-2405.43
-383.995,2153.71
3663.21,2189.2
2185.08,3238.05
4680.74,1457.58
-1309.64,3508.53
3822.61,-2728.19
-3270.36,1532.87
-1762.4,-1713.56
-687.911,-4300.85
-1256.39,346.317
89.6419,2519.4
1241.81,-65.8048
-1579.95,-831.473
-812.294,-2200.4
-1522.5,-585.829
112.487,-18.7296
452.331,697.55
30.0204,707.376
-637.361,-619.533
-2406.77,-1748.82
-978.426,-2960.17
-1948.89,-3.70608
-3784.55,-1.6112
914.794,-5391.39
-6212.61,532.742
6966.56,-3020.39
-3460.25,8705.08
6614.66,-737.05
-1261.62,392.365
2359.85,-627.567
-3072.94,2716.06
2232.54,-3347.34
-3350.5,-48.3554
2277.37,-1195.93
614.487,3075.14
2905.88,2480.78
2138.28,1307.32
-1235.19,696.638
-38.5083,-2919.6
-1600.56,-1052.82
2590.16,702.131
-294.213,4675.61
1138.93,-669.773
-2861.84,-3241.81
-586.843,-3551.33
-2653.01,1956.26
1268.83,-51.6575
-214.841,-289.054
1176.81,-163.859
2272.63,2032.35
3238.73,3691.63
2079.78,2960.33
3427.92,-283.386
545.067,1983.46
1388.88,1382.39
-220.266,79.1753
-336.299,-1643.32
-2366.19,-766.05
-1777.24,-1840.5
670.257,-1932.61
-802.607,2558.88
275.063,994.403
1666.88,-2071.15
-5027.46,1030.7
2239.44,-4805.09
-6398.26,1343.48
144.612,-4056.84
-5687.61,-1914.51
1716.87,-4024.29
-5850.9,3591.36
4248.24,-3766.85
-5581.54,1680.23
1431.89,-3771.82
-653.994,-164.232
1755.89,2976.91
797.365,2837.79
2497.77,-1487.87
-1612.27,567.718
961.075,-606.218
-1370.57,624.398
-968.893,-1293.7
-2258.71,-2231.19
-1101.81,-2127.02
-236.766,434.502
1438.61,1833.12
3923.46,1871.11
315.856,3905.45
233.728,-1006.3
2087.6,-3531.91
-3393.12,3603.77
161.03,-948.527
-2166.54,-3675.37
-708.649,-2364.65
-1481.44,2370.21
2917.43,510.132
-1289.07,1667.16
2773.78,-1983.82
2376.88,2181.94
3993.8,5768.64
3967.23,4089.25
2315.11,360.014
683.432,-594.763
-2120.51,579.052
23.1792,-2338.36
-2122.52,-870.522
-2245.48,-811.677
47.8269,-2443.51
-53.9908,631.544
-31.1469,2406.12
3237.34,-391.16
-1857.5,2066.95
688.649,-1939.34
-2606,-1404.22
-1369.09,-1861.13
-3157.52,-894.403
-2008.21,-2804.27
-3253.81,-2392.17
-1479.78,-2092.86
-1582.38,-35.6694
-2471.57,-316.982
272.538,-3534.67
-1179.08,329.757
2695.27,2015.18
2940.86,3679.52
1994.85,2569.29
1727.57,-501.642
-1993.42,-156.253
589.045,-2227.02
-1455.79,705.212
-673.781,207.676
-1677.33,-1780.29
830.179,-2681.38
-986.04,2675.1
3837.79,1651.24
481.89,2831.64
1561.89,-563.5
-2612.66,-748.79
1516.81,-3043.81
-3976.35,2421.82
919.483,-2325.63
-2264.71,-1534.91
283.944,-919.108
-2000.12,1695.16
2022.82,-1705.1
-2229.28,877.384
1242.39,-1251.61
230.038,716.025
1458.06,1738.05
2322.71,1563.18
-1437.83,1643.99
786.461,-3360.22
-1501.14,-864.385
-74.0072,1215.23
210.885,778.291
-1374.82,-931.757
1100.4,-2722.39
388.047,2278.51
3872.69,3624.12
-556.122,3413.71
4906.01,-3820.48
-5446.7,3028.89
4210.26,-3296.54
-2803.07,2359.49
-382.568,-352.74
-346.223,-3060.2
-158.802,-349.81
537.945,2822.25
2307.12,1377.8
1373.18,608.545
544.376,725.663
3364.47,411.495
2185.07,4175.4
4541.77,3273.89
1177.06,2592.43
913.384,-1217.13
-3166.72,-1459.69
853.123,-3273.91
-2401.92,2226.48
872.126,87.3016
-278.745,-1103.45
-276.157,-522.945
2590.16,780.906
-3412.33,4074.16
3089.4,-5106.96
-6378.29,-444.662
-915.796,-3845.53
-5650.02,-1609.24
-1294.62,-4338.9
-6865.12,-1026.9
513.379,-5465.99
-4677.78,920.85
1935.57,-986.617
93.7474,1557.78
390.812,1315.53
1397.2,-859.755
-763.898,591.872
1990.13,-37.4919
-854.174,2150.27
961.264,-910.607
-3267.43,-1024.67
1754.18,-3655.06
-894.992,3100.68
2214.61,2750.56
1447.95,224.365
490.941,-571.77
1461.91,561.094
-467.807,2674.48
3250.4,-854.42
-1938.06,1765.91
2793.1,-1515.52
-2810.38,1884.85
2340.43,-2119.37
-2268.34,1073.6
-479.553,-941.189
244.52,-1897.54
1591.07,1218.73
288.969,4244.52
2810.04,-357.945
283.902,-267.481
-101.878,860.746
2067.02,278.168
-2693.66,1958.65
-1946.56,-3962.27
-5415.09,-5299.16
-3647.3,-4257.37
-3247.72,-485.64
264.275,-508.714
-2365.07,588.797
4611.51,-2590.86
-909.039,5633.18
3521.02,1999.14
-2313.76,-670.784
-1525.65,-5224.38
-4722.83,-2106.69
-1600.91,-1716.6
172.314,-456.711
-2433.42,1759.34
1061.43,-2823.98
618.23,-508.61
1450.97,3775.28
4734.76,3019.78
2946.41,3293.06
2573.36,1659.96
1818.94,650.894
1049.22,1107.31
-398.976,961.281
685.897,-1538.22
-2952.73,-228.732
1123.69,-2573.28
-3314.18,1390.33
1306.63,-1923.53
-3036.14,65.1681
1395.33,-2249
-3360.7,1492.86
2713.36,-2233.42
-3590.54,1904.66
99.4882,-2604.59
-2818.78,-2202.54
-1167.96,-1563.46
-4214.98,150.125
1128.19,-4389.21
-3558.12,838.595
1434.61,-479.657
2595.86,1119
932.291,4321.29
3847.21,743.331
674.654,1234.61
3552.65,606.268
210.033,3864.66
5154.17,303.127
-3359.62,3307.41
616.348,-4601.42
-2444.24,-2967.96
-2121.15,897.331
-1446.93,-145.167
1170.02,-2993.4
-3647.3,1395.26
1103.47,-1980.23
865.541,-77.14
553.697,3271.15
2321.43,1198.98
-1181.26,58.5123
-1466.89,-2828.29
-2966.44,-2484.31
-2756.21,-1700.49
512.323,-1623.08
-817.777,2171.9
1751.64,696.642
478.658,333.408
4791.73,283.25
-2074.42,6389.23
6540.24,-2330.86
-4195.51,2443.01
2866.23,-3039.45
-5923.62,978.765
368.178,-5134.87
-7629.74,-1367.62
826.227,-5687.59
-6145.8,1584.27
2336,-2767.7
-3631.56,1120.66
-857.525,-2234.03
-1446.25,-2692.64
-144.918,-20.916
399.843,2440.81
1529.92,796.502
-2374.22,-313.58
-2570.99,-4217.25
-2306.33,-3781.07
-1824.37,535.179
-97.7487,1130.23
-251.272,-693.849
132.991,-1526.1
1808.57,856.154
-225.52,4131.19
3465.64,-694.198
-1388.81,657.961
352.982,-1064.11
-2362.78,-385.965
566.272,-2260.93
-3210.52,807.106
651.791,-2177.05
-2885.87,-282.701
206.038,-1884.16
-1555.82,266.292
-424.197,-309.117
-240.13,-962.708
-2260.21,-205.45
1971.82,-2171.11
-4334.57,2574.14
2210.54,-3618.12
-5048.89,-79.4531
2573.27,-3318.34
-4212.02,3108.47
5071.99,-2110.65
-5739.91,3495.63
5319.15,-5327.42
-1938.35,3353.9
6020.65,3298.8
461.642,5301.65
3365.46,-1904.97
-2265.82,-739.056
-1345.21,-1256.18
-394.015,-1356.82
-2303.78,456.684
-1313.52,-1947.24
-42.0071,-2535.67
-1931.14,1590.89
1950.13,-14.928
-763.353,1049.24
-561.143,-939.616
-2550.88,-2043.55
1819.61,-2738.92
-3891.67,4167.2
1492.02,-2364.88
-3385.29,-2519.51
534.366,-2489.91
-3142.77,2837.96
1512.22,-1691.15
-2905.6,-1066.6
1881.1,-2336.11
1196.84,3509.26
5704.52,4569.08
2518.16,4996.49
1512.38,-394.698
-818.774,-2808.83
-2183.16,-962.044
1192,-320.802
-2297.8,2435.68
1570.41,-2660.81
-2552.19,-586.239
3499.62,-765.323
-1721.57,5302.12
6472.27,-910.828
-3103.01,3585.26
2289.6,-2874.05
-4197.54,-843.039
1268.41,-2958.93
-6427.5,1990.39
740.984,-5919.52
-3031.73,-1721.26
-971.483,1516.42
-1411.01,247.392
-399.796,-3555.85
-2418.09,-1197.43
1552.84,112.766
1868.89,3376.16
3689.36,2962.57
1453.51,2165.94
-2634.87,-729.42
-2301.68,-5970.13
-4748.01,-3202.63
-3084.62,-1168.13
-79.5798,-1436.22
-2193.98,743.04
435.378,-1606.07
-1771.46,-395.001
346,-889.412
-2914.12,628.549
2517.09,-3069.37
-5020.91,2399.31
2839.76,-3650.66
-5351.03,939.759
-1601.02,-3804.97
-4113.2,-3848.07
-710.339,-2348.69
-271.309,2510.9
2026.91,2174.65
2779.31,596.753
370.92,1896
2433.24,268.629
-887.669,1539.48
2067.3,-1235.16
-1659.2,1198.65
1907.03,-865.681
-3315.61,1229.92
1487.37,-3599.85
-4778.08,301.208
-2710.67,-3192.02
-3697.56,-4695.03
-2377.83,-2543.01
-782.117,985.526
1412.03,1455.31
-511.65,1044.53
1342.06,-1996.26
-2717.77,592.639
-1335.56,-1810.66
-1462.24,-2771.78
-2647.24,-598.108
-670.306,-1100.3
2136.86,-439.008
1228.2,4118.9
4024.03,2691.28
1627.57,1858.93
2362.11,-2.0348
214.319,1560.91
3744.16,662.949
-2835.31,3661.88
2112.79,-4194.5
-5479.82,-1289.48
-60.4258,-3545.11
-4450.85,557.256
1480.77,-2653.54
-6306.97,907.62
4553.51,-5945.9
-4594.21,4684.97
4721.79,148.172
-2462.37,1690.81
304.676,-3304.21
-2218.78,-1669.84
-16.9325,75.7952
-861.087,1516.22
-1168.3,-1251.56
462.653,-3262.3
-1630.15,1582.91
3122.03,1209.94
1017.14,2879.87
2938.86,668.213
-1623.22,1291.44
5689.58,-2509.9
-3375.52,6379.62
3515.62,-1467.02
-3778.7,-1813.12
-1552.87,-3902.23
-2623.48,-902.198
-1476.64,5.43153
459.455,-1279.66
-2298.52,402.143
-564.661,-1950.6
606.267,-1393.7
835.12,2734.07
1058.3,2813.72
-1079.82,-1075.19
715.513,-4328.41
-3704.22,1614.03
3617.76,-623.145
-4511.82,3107.19
3356.32,-5259.65
-3285.28,973.534
4229.3,1007.12
128.594,4931.16
6930.28,-33.8991
1129.52,4922.77
7813.9,2571.83
591.286,6359.36
4771.85,-805.269
-5146.33,142.903
-1494.43,-6321.33
-6415.79,-3135.76
-1334.33,-3063.28
-4592.9,593.23
61.6212,-3450.61
-1744.76,-987.489
455.952,945.741
1873.77,1695.31
2231.99,1922.83
-375.436,1643
-877.059,-2295.24
1016.48,-2995.04
-1258.24,3457.05
3259.96,1610.34
-316.059,1183.98
1040,-1799.03
2666.52,278.716
1527.59,5696.03
5424.79,2575.9
1945.1,2281.66
1760.06,621.524
-1267.49,274.428
536.801,-2298.28
-3487.3,140.439
-4370.07,-2790.12
-2958.52,-6762.79
-5053,-2205.44
674.816,-612.712
-2580.13,2797.45
2191.4,-2743.33
-3958.98,-146.074
2610.37,-2657.38
-3705.79,3343.24
4722.12,-2059.49
-3510.9,2893.5
4371.44,-2329.03
-4896.64,2775.81
3580.68,-4073.08
-4499.81,1620.5
3069.22,-1895.96
538.923,2427.69
4550.15,3142.45
2940.57,4352.2
2093.21,1572.49
-767.835,-1201.68
-2912.08,-2766.28
-3212.52,-3256
-2977.28,-2227.96
-3738.12,-1387.72
-2772.42,-3388.75
-4091.06,-3072.21
-1056.84,-2746.23
-2678.66,1122.58
1824.97,-940.991
-1471.69,1223.18
2832.54,-865.315
299.889,2679.57
888.275,1613.28
1072.03,-1265.26
267.883,-124.174
-1537.95,1616.43
2970.7,-1811.39
-1201.97,2355.27
2112.78,476.405
1068.33,656.243
1519.72,1232.2
1140.76,1664.13
1346.4,607.174
-762.461,293.823
-315.064,-1622.45
-241.401,-881.793
-2746.91,1094.61
-921.715,-2986.04
-6154.3,-2963.38
-680.305,-5966.06
-3084.31,1240.64
1229.32,1703.75
-1196.7,417.552
3860.32,-3150.78
-2933.61,4668.52
5056.27,-323.735
-3749.29,2171.2
269.131,-4612.16
-3464.8,-2387.81
-1650.35,-494.514
-1754.97,-202.703
320.46,-2057.34
-930.243,413.454
-1006.76,737.54
3197.48,-1693.39
-657.007,3607.99
2749.7,1243.69
-946.288,287.81
-1325.87,-2502.02
-1472.85,-2420.21
-788.41,179.446
-957.087,1211.16
-1987.87,-1578.85
-50.7048,-4161.32
-1244.78,1112.59
3543.15,2619.36
-718.161,3973.72
6185.49,-2969.13
-2389.86,4456.94
6035.4,396.478
-1678.31,3925.78
2517.17,-2154.58
-3926.67,-743.063
1041.35,-3289.08
-1170.09,1791.17
2664.29,1905.65
4134.54,2222.09
404.879,4210.65
6947.95,-911.497
2412.53,5682.6
3967.18,5138.34
2034.88,432.419
-459.145,-2084.82
-2774.15,-1239.43
-769.21,-1966.15
-3276.16,-227.362
-1059.98,-2759.25
-3446.66,-1727.73
-418.565,-2283.5
-2285.69,750.692
-2243.53,-1017.84
-56.1495,-4085.33
-4053.36,417.971
3233.38,-1484.34
-1174.76,3837.7
3101.41,332.002
-1187.42,466.525
186.338,-1839.95
-951.256,-408.082
1016.24,521.814
1747.38,1911.51
1730.52,2184.9
1817.62,823.576
2022.12,598.129
3219.44,2290.02
-719.323,4150.68
1399.47,-2853.71
-4777.13,-2581.06
-557.12,-4023.1
-5759.08,1093.87
2163.99,-3985.06
-5852.66,1219.32
3346.23,-3977.03
-1073.49,2966.8
6130.52,3053.47
2242.71,5939.67
4241.2,928.763
1645.75,281.45
2039.05,1686.49
877.238,2813.53
-1862.63,-266.624
-2293.27,-5522.63
-2292.93,-3489.4
-2100.76,1879.65
1726.63,608.177
353.046,524.09
-1239.17,-55.7848
-260.233,-2275.55
-744.769,-536.207
-714.211,1147.59
-194.157,-444.197
-1376.79,-1539.13
1207.52,-1553.05
-4796.34,2884.16
2719.96,-4880.86
-5835.97,199.241
2391.78,-3136.9
-1761.7,2657.89
6078.43,1178.95
690.579,5963.28
3026.2,560.256
-262.052,-1631.2
-1935.58,-983.08
-79.9412,-1181.01
-287.39,701.563
1763.11,890.401
3859.58,2000.68
2822.56,4886.45
1026.44,2499.63
2499.33,-3053.18
-1871.08,813.297
729.156,596.436
-367.952,157.769
705.282,-1044.94
-4301.58,574.171
506.368,-4949.63
-3411.17,-494.606
-662.17,88.9046
-157.197,-590.798
-2964.42,-504.043
-1076.01,-3684.97
-933.96,-1411.38
589.798,2256.82
2468.78,2448.73
2684.15,1525.17
1833.49,1625.61
-108.472,1278.03
1760.71,-1545.84
-717,1082.34
703.203,704.427
907.925,-36.3578
1821.01,686.595
1360.94,2751.37
1910.79,1567.15
630.919,132.851
-375.563,-600.19
-1200.28,-724.874
2890.39,-1032.97
-3357.04,4550.64
1819.51,-3230.59
-6326.21,-2595.3
-3907.44,-5962.76
-4852,-3772.15
-1249.35,-1347.4
-4838.13,1510.92
1755.35,-5380.14
-2559.57,326.159
892.478,1895.47
1937.82,1024.85
2887.84,1070.72
-272.725,3196.44
3083.34,-1003.07
650.071,1119.44
-872.697,2086.69
772.712,-2163.87
-2381.21,-1266.46
2447.12,-1142.09
636.649,4581.04
2363.94,2529.79
-1465.05,-1118.71
-1655.49,-4637.44
-1244.43,-1622.04
-1549.98,2640.71
2205.28,-367.59
-4953.22,175.077
1809.57,-6450.48
-4662.04,1570.96
-1520.49,-32.5824
-401.479,-3943.2
-5101.74,-1064.19
-242.974,-3364.81
-574.323,268.735
1142.52,2607.96
-351.307,1466.91
2120.78,-2872.96
-2053.71,1252.38
3918.73,307.46
-1000.44,4175.58
3308.81,-1151.71
-1573.88,321.401
4408.66,-718.984
-493.247,5777.81
6701.82,858.511
-2054.82,3642.74
2014.99,-3161.61
-2331.18,-1177.78
376.559,-103.32
-1877.4,1521.31
-910.622,-2481.35
10.4559,-3042.02
-1819.85,2190.28
1576.41,671.405
-161.329,-5.4989
322.595,-817.23
241.646,415.237
3444.58,1347.58
308.345,4561.57
4008.08,-309.387
-2566.15,990.37
190.283,-3076.82
434.477,-1001.98
68.1043,3640.44
3504.89,1491.04
744.205,1442.82
2561.92,-87.9833
2328.81,2307.91
3544.94,3784.6
2230.46,3131.76
-339.347,-302.048
160.689,-3526.48
-2385.11,197.864
363.238,188.259
-2784.3,104.779
1221,-4050.15
-4147,1074.73
2403.56,-1591.69
-4203.9,1864.51
3520.56,-3980.15
-3876.01,2515.85
4368.41,-1000.19
-1725.34,3354.72
5260.98,-809.934
-2376.79,3855.55
3097.91,-1945.36
-3631.95,141.613
3383.8,-2898.06
-2301.46,4203
3013.78,184.578
-1077.44,-77.7152
194.486,-1572.35
709.363,239.592
560.787,2623.02
1248.66,800.445
1298.18,-726.753
-544.859,1021.64
-1203.19,23.3628
-1885.15,-2826.59
-3135.91,-3049.13
-4128.87,-2053.63
766.556,-3017.59
-910.627,2736.51
3642.27,2085.83
1593.94,2571.09
3074.4,614.171
1636.24,1953.35
3653.08,2107.86
-1482.84,3348.44
3813.56,-3677.2
-4664.11,1554.12
2551.53,-2546.6
-1253.41,1640.35
-173.79,978.817
-892.246,-1918.95
-62.7386,-2368.4
384.608,1662.69
-975.259,2969.09
1022.67,-2797.62
-1641.43,-1807.22
-561.758,385.397
-1749.49,889.54
-289.098,-2841.43
-4234.49,-1730.76
1270.31,-3210.85
-2878.56,3021.9
5402.2,-385.356
-458.841,4449.18
3468.85,395.305
644.547,488.799
1864.91,777.857
2601.7,2336.85
-55.6511,3123.05
319.425,-2097.65
-524.03,-2823.68
-431.699,1178.77
301.185,2275.41
2387.74,-528.672
-1208.22,1030.05
1445.75,-950.718
3132.41,1039.89
-243.991,5494.52
3041.51,-780.43
-2431.86,-1356.77
-77.404,-2613.12
-4232.1,798.954
1255.65,-3271.75
-6015.33,331.928
1434.68,-5097.37
-6090.34,856.97
3902.21,-3230.11
-2311.09,4094.82
4869.51,598.531
-2555.89,2616.37
3474.98,-3685.17
-2584.36,1844.82
1219.42,351.075
-483.989,-232.865
-1366.05,-1055.95
-1308.51,-1841.93
-1559.48,-1035.1
-212.23,-493.18
-1792.37,559.22
1993.16,-1929.64
-1202.77,2010.86
2599.23,551.689
-306.11,1633.56
-564.703,-795.666
-1380.03,-2553.32
-2975.58,-1465.24
-3230.66,-1943.37
-1299.11,-3406.23
-4398.22,-430.197
-2398.76,-2999.14
1014.6,-3290.87
-826.024,4093.59
4593.52,2611.83
643.59,2554.49
2683.4,-1232.86
-502.211,1171.7
2185.14,804.285
463.414,1966.05
-343.755,50.8397
1643.31,-2357.59
-469.817,2093.93
3022.76,2022.49
-251.56,2273.79
2845.71,-1984.95
-2388.47,1515.16
4140.96,-996.833
-1610.48,4105.79
4687.95,-644.096
-4554.99,2216.19
2753.74,-5334.25
-4682.92,944.128
3002.97,-976.938
-609.544,3010.36
2269.56,531.907
633.651,233.264
2905.22,604.334
-491.417,3918.39
4519.9,-734.473
1644.87,2479.19
2702.08,3526.03
4134.62,1808.04
1185.64,2599.65
-702.459,175.639
944.663,-3489.62
-3155.52,780.602
2271.6,-785.963
-1262.17,2192.58
-203.28,-774.963
-2884.92,-2706.39
1492.21,-3415.17
-3210.77,4341.26
5105.26,-572.838
-2313.96,2602.9
1549.35,-2248.93
-5412.06,-886.477
906.148,-5351.75
-5475.7,1363.81
401.534,-2250.98
-1823.91,-1252.84
-84.3374,-391.557
1171.65,1081.19
45.3158,2113.23
2677.08,-719.995
-406.28,1613.15
2361.8,463.17
-2313.04,1637.8
54.1558,-3528.27
-3876.11,-2044.64
-652.177,-2104.54
-206.618,817.145
2148.76,1926.73
942.623,2371.12
861.264,-318.526
211.11,-1122.37
609.779,612.223
-1567.38,1963.57
-1398.61,-2742.72
-4293.62,-4359.14
-3007.9,-3783.25
-2910.09,-432.591
166.179,-479.842
-594.373,488.329
-49.1842,-325.86
619.868,-576.399
3476.74,1315.15
-364.383,5582.56
5914.04,-1083.71
-2782.18,2579.1
4444.85,-2243.12
-719.117,3417.24
3432.05,1778.68
-2857.37,1391.34
2607.32,-5469.34
-7215.07,1518.95
2934.67,-4397.41
-4357.62,1850.56
1782.92,-1442.56
-2165.91,294.884
1917.11,-1439.92
-2764.26,2111.27
2116.33,-2161.71
-6291.94,351.821
-1665.58,-6693.37
-4474.63,-3585.75
-1114.09,25.215
2206.69,1914.19
890.663,3202.53
5142.33,-141.982
1797.73,4177.48
5030.5,3375.15
321.69,3233.67
1801.36,-2430.98
-3280.01,-960.188
827.206,-2152.9
-1832.65,1778.79
-757.73,-327.37
-3325.69,-3092.39
-2698.22,-4710.75
-728.91,-1184.54
-2508.33,3384.29
1865.03,-2107.7
-814.604,-1018.65
-422.208,955.97
1821.43,523.521
-1152.32,1584.1
1351.7,-1918.56
-3498.02,9.15311
2421.02,-2864.18
-1463.22,3023.5
4881.9,1296.93
-2938.39,3770.16
5218.61,-4777.45
-3480.56,3034.26
3580.34,430.682
-159.596,1896.06
2021.79,-293.491
-1779.46,860.581
54.9875,-2078.89
-2289.59,-1087.96
-188.591,-1231.77
-3806.91,480.624
1622.54,-4059.31
-2996.58,1268.01
1365.06,29.8741
-602.589,507.707
2519.35,-681.697
1.79108,2987.02
1724.69,1052.2
-1006.54,-526.555
-2051.85,-2521.37
-1915.72,-2655.38
-2115.83,-530.32
515.241,-429.7
1030.11,1185.86
1368.16,2040.12
1105.88,966.034
1822.16,-279.151
1144.23,1691.2
106.34,2083.94
478.716,-1342.92
-3084.73,-1616.82
-2281.55,-3195.2
-2599.06,-2048.87
-1325.46,-760.199
-952.355,-24.5258
1393.1,-585.099
-508.68,1896.04
2663.13,156.459
-1231.84,1804.84
-610.833,-1699.39
-775.327,-2858.39
-2473.46,294.828
155.209,-648.335
-2509.7,-330.138
-2407.58,-3017.88
-5119.8,-3585.59
1663.79,-4474.44
-4046.64,5267.93
5395.61,-621.614
-143.533,2142
1954.96,869.946
2678.43,786.088
1935.85,3134.68
2802.15,2380.13
970.013,1099.3
535.931,-797.016
-2968.43,-475.851
62.6216,-3403.6
-2328.97,127.927
295.531,133.337
-53.2159,195.337
-294.613,-196.394
2068.6,-536.708
-197.914,3067.39
4275.68,718.709
-810.104,2980.01
4787.39,-1289.11
-1743.29,3600.66
3867,-578.945
-3589.7,1600.87
2769.59,-4109
-2520.27,1796.01
4731.45,983.373
50.5692,4847.68
5202.83,-180.506
-245.041,2490.86
4811.62,422.503
-448.52,4309.56
1979.66,-497.019
-63.2806,-1562.57
-1304.36,341.177
115.058,-258.741
-2081.76,-340.929
-927.557,-2740.88
-2618.55,-1341.75
-71.9348,-1087.62
1786.29,1137.56
-715.338,3648.81
2125.26,-1755.91
-1208.15,-833.536
-66.1136,85.6438
1479.5,757.048
386.62,2066.88
-2200.38,-114.564
-22.1931,-5167.67
-1665.63,-400.158
-831.226,2750.75
1812.05,-600.517
778.991,-227.071
1178.15,1817.92
1236.22,2091.61
287.368,122.106
-1499.18,-1688.63
-3175.45,-2469.25
-2997.2,-3145.65
-1305.18,-2153.58
-3739.25,879.362
641.257,-3109.36
-4329.69,-509.484
1027.14,-2972.75
-1166.51,1543.31
2950.26,1589.02
-2087.47,2586.16
2748.33,-4134.43
-5777.99,705.791
3410.59,-3725.08
-2919.44,3507.67
223.809,-27.8634
20.1907,-3319.39
2160.29,-44.5512
219.838,6379.32
5553.17,1083.1
2638.22,1663.99
52.7698,2993.39
3706.16,-1130.84
-1440.25,2118.72
1530.28,-548.579
-3960.69,-222.247
-3625.51,-5155.89
-2743.25,-5505.88
-3094.36,651.981
3126.46,1186.43
-2493.81,3602.09
2373.57,-4255.27
-4973.39,-827.132
3782.5,-2562.72
-4861.92,5589.26
4478.05,-3605.6
-5078.03,82.5957
752.902,-3340.31
-4124.63,371.222
-78.9175,-2440.04
-3805.9,-980.114
1981.22,-2920.04
112.473,3441.01
2058.67,3465.71
4382.78,-120.565
1422.44,2876.51
1724.25,2573.15
2722.38,-100.945
-1090.32,1298.43
-2051.59,-1332.38
-1343.82,-4384.97
-3570.67,-1078.26
-611.862,-814.581
1045,54.443
-3903.99,2101.12
2107.93,-5308.21
-1874.7,304.311
647.714,2795.85
2426.17,807.265
-1718.78,638.689
-961.623,-3134.83
-1126.36,-2313.37
-2936.59,1231.34
498.444,-1791.39
-604.228,-789.408
1872.38,991.277
3775.36,3634.25
3274.18,4789.29
4881.18,1658.32
722.153,2385.37
3625.77,-128.289
-1463.23,2702.86
3022.87,-1490.35
-4522.57,1223.29
133.912,-4693.71
-6381.25,-1790.62
-513.645,-4456.34
-3781.88,354.638
3151.5,-756.357
-1915.42,3809.69
2901.63,-1456.83
-1057.21,75.6761
1585.91,161.282
-2866.37,2007.11
339.774,-4007.36
-3598.33,-2051.85
-294.708,-1205.4
-1625.53,1335.18
364.021,-1008.56
517.242,-930.007
-1299.21,1642.52
2126.68,-691.92
1300.17,1322.89
2260.2,2801.34
1302.05,2157.56
1319.65,-673.028
790.982,-241.66
-1752.93,1758.21
458.186,-2075.41
-5700.11,-1558.74
171.817,-6052.28
-6742.71,893.259
1163.66,-3370.82
-4812.95,44.9829
1806.57,-3303.96
-3170.32,1960.12
5877.82,-724.524
-2038.95,6079.46
2079.04,-1436.56
-1382.35,-3377.47
-3987.5,-809.368
-543.723,-2395.08
-465.518,-300.063
1212.2,1747.42
1764.66,2177.52
3591.01,1089.35
1503.34,3108.76
4895.05,1592.17
-297.186,3963.19
1194.89,-1508.26
1105.07,-2330.2
-1582.55,2911.32
2078.35,407.769
126.928,-10.0366
-1281.96,-194.085
1693.74,-1735.79
-1140.64,2377.95
1710.6,415.948
2389.63,120.973
612.845,3071.48
2995.17,1166.82
1069.87,1308.74
-1986.46,470.31
-1586.29,-4110.57
-3348.12,-3192.91
25.5149,-886.616
263.872,3042.27
5165.15,1667.43
1754.46,4450.13
5225.57,1529.12
2742.37,3225.09
3245.74,2906.08
-1743.53,1584.42
-170.225,-5143.17
-6132.04,-2470.83
-427.029,-3704.13
-6879.08,1086.43
-1123.35,-6025.27
-5756.79,-3579.29
87.907,-2377.7
-4040.28,3141.43
3009.57,-3011.87
-4990.83,541.14
-442.3,-3901.91
-1741.48,-1696.35
-1341.17,1258.49
517.677,-176.25
233.912,-584.913
-3028.83,362.911
-79.304,-3668.94
-298.633,-843.509
-108.249,3186.38
1243.42,926.162
1056.64,-1329.89
324.851,554.924
3231.97,2008.71
-1745.53,4077.51
1541.75,-4019.49
-3675.04,-2376.24
-3647.4,-1413.97
-4128.27,-3204.65
-1654.01,-4846.5
-5992.19,136.365
2545.14,-3581.06
-1526.94,2921.01
1424.33,1771.59
2301.02,-764.681
-1033.29,1452.94
1974.85,-422.417
-1339.27,1211.51
2520.45,-1202.32
-2705.18,2103.8
2829.22,-2261.27
-2821.31,1517.86
3004.09,-1380.83
-1531.8,2455.73
3785.15,-337.972
-187.926,2801.6
5713.17,658.015
1470.23,5373.55
3274.8,2139.71
-2038.57,-635.901
-1098.35,-4965.81
-4234.67,-1489.81
475.656,-1140.2
-2181.13,1816.91
947.491,-1772
-71.7666,-682.333
76.1803,1673.09
3700.5,1048.95
2446.54,3732.78
1666.67,2869.75
2448.55,-989.819
-3294.08,463.006
2473.26,-3427.55
-2528.52,2572.85
3180.42,254.551
-2225.75,1734.55
4637.31,-2955.15
-2315.31,4443
7072.09,466.2
976.117,5528.54
5050.06,1781.37
1776.45,1841.71
3561.52,1216.09
-2935.63,3220.2
1078.36,-4968.38
-2933.23,-2252.5
-1576.58,660.726
1235.17,-10.0948
-1545.97,950.407
957.232,-2022.68
-2321.24,111.999
1946.2,-1127.21
-1530.53,2404.01
4270.85,-619.666
-1353.61,3472.48
1921.78,-811.671
831.367,-827.182
-588.565,1994.53
-470.539,133.25
1202.43,-2624.52
-1470.76,1321.66
3673.47,837.441
3562.71,4014.85
3116,4737.84
4410.1,1023.36
796.055,1729.01
1170.21,447.158
-965.321,-53.9632
-3575.38,-1918.73
-2454.3,-5263.59
-4554.88,-2218.67
403.746,-1399.85
-2751.15,2392.34
2282.65,-2229.88
-3492.78,431.173
3323.9,-2441.06
-641.953,3941.18
4922.41,2130.49
-203.59,3114.6
3204.79,-1876.25
-2644.99,1179.81
2411.64,-1548.21
-3243.3,1880.12
1696.67,-2743.94
-2666.54,93.6033
3052.65,-814.649
982.255,4099.79
4374.31,2776.39
1413.8,2360.47
716.099,-412.865
2356.79,-1210.04
-1113.71,3654.21
2403.17,64.6109
-2883.05,-424.507
-2368.02,-4165.21
-3539.44,-3454.13
-1017.35,-1196.54
-3000.28,1661.78
1925.71,-2905.64
-2826.41,632.722
3373.29,-823.396
1392.61,4025.33
4455.98,3375.41
338.954,2557.78
2953.43,-2421
-1619.73,1416.59
1523.4,410.624
1542.36,759.661
-216.431,1873.71
2176.13,-790.052
2574.74,1257.84
2807.59,4722.09
4417.99,3299.98
-136.076,1841.89
4098.8,-3014.54
-2762.37,3645.69
3524.01,-339.067
-6153.86,930.966
2059.76,-8059.25
-5175.22,991.412
1848.93,974.88
-1468.54,1393.81
3695.09,-2723.56
-3851.25,3430.42
3998.98,-2172.73
-1430.62,1858.38
2509.98,550.685
-1058.18,1616.66
748.728,-1804.39
-731.122,-747.023
211.396,766.301
502.553,1083.21
-1453.05,-42.5947
2541.09,-3007.81
-1607.32,3317.33
5837.79,1302.93
-962.755,4907.07
2361.04,-2005.69
-3627.18,-1890.32
-1822,-3215.88
-3765.41,-1202.99
-831.571,-2297.27
-1800.79,-353.57
1119.32,-258.506
-942.918,1802.22
1481.72,-852.103
-1061.29,154.699
656.182,-546.605
-130.401,688.369
1921.61,515.945
546.129,2078.76
1696.05,540.236
299.991,389.766
1077.88,28.0564
-454.582,1129.76
2259.5,-457.202
-3722.62,1857.01
1912.86,-4510.98
-4336.6,221.076
3916.55,-1354.54
-3087.84,4909.6
4832.92,-2325.41
-5357.45,1410.63
3534.29,-4794.95
-7715.03,2711.02
-5.72119,-5791.47
-7646,-3754.15
-2605.74,-5367.49
-4381.48,-781.424
2001.22,-902.054
-440.154,3348.14
1401.45,631.759
462.747,-1326.57
-1334.57,-55.3046
1045.49,-498.762
-2636.24,1331.56
-1420.29,-3163.98
-3178.78,-3783.28
-1503.4,-1688.91
-1370.05,1358.48
550.803,-206.87
-1680.23,-723.505
152.19,-2182.79
1954.45,817.48
-147.5,4995.23
3786.67,-472.151
-1946.11,240.607
-656.891,-2129.63
-2637.41,-1497.52
-1061.15,-1765.75
-1847.48,-304.49
539.989,-887.983
523.393,956.804
1256.22,1764.09
3290.96,1092.18
97.4598,3015.19
2865,-504.192
-969.797,968.371
4295.16,-498.461
474.573,5053.22
2837.74,1786.59
-1080.11,-956.863
1092.51,-3202.27
-2285.42,2160.22
2699.41,266.525
-889.12,1536.29
1535,-1246.01
-98.1367,515.609
2180.73,1299.87
-763.253,2610.85
1393.42,-2063.83
-2593.95,-911.527
-988.471,-1642.6
-1567.73,-766.932
-2134.51,-756.327
-3534.1,-2518
-1581.06,-4554.18
-2393.42,-250.905
1551.78,1153.09
2138.4,2504.33
1447.12,2152.49
-1269.97,-289.137
2707.7,-3786.39
-3446.53,3681.67
2528.54,-635.203
-2094.48,-385.71
625.348,-2213.25
-2210.34,947.277
1103.67,-779.26
-2788.24,348.851
225.659,-3084.25
-2086.09,-430.356
-328.762,103.308
-874.53,-156.504
-293.68,-1376.36
-1369.54,-440.173
-1714.85,-674.227
1031.82,-2040.69
-4437.62,1741.43
728.318,-4051.34
-5534.78,-1392.18
2089.43,-3739.79
-1525.12,3810.73
5638.28,2151.01
1206.15,4281.03
2861.73,184.273
28.3803,-169.437
-522.271,-53.1114
-982.863,-613.435
-2346.07,-1497.95
-1249.71,-2891.72
-2741.28,-665.224
-578.822,-1104.37
-1529.69,-404.801
671.414,-1079.51
-591.063,1196.88
1352.4,404.205
-1235.57,661.735
62.876,-2049.45
-3994.95,-923.674
-2826.04,-3775.29
-958.807,-3516.28
-3007.85,1953.22
2900.34,-534.766
-4409.35,1795.61
1527.16,-5397.61
-3422.35,-306.377
3624.15,763.218
403.73,5346.28
5038.52,510.76
-389.216,1811.15
3025.74,-601.101
-1609.26,2344.68
567.444,-1375.09
-699.513,-1726.27
-1321.49,247.417
-699.081,-187.91
-1444.25,-1367.1
-484.386,-1989.15
-1407.47,436.905
1380.62,64.2018
336.66,1473.21
161.174,568.995
-746.199,-1227.76
-4113.23,-1869.48
-1183.81,-4785.33
-2786.4,-394.017
1257.31,824.21
-3381.8,1956.93
2420.03,-5325.71
-4495.67,797.656
6251.26,-605.647
-395.563,7789.78
7958.18,1142.01
1159.63,3567.49
3514.27,1213.15
-2224.39,1430.98
-324.203,-4133.16
-3135.57,-2372.64
-892.351,-498.535
811.032,980.183
1508.22,1731.85
2271.65,1391.41
835.17,1666.83
-822.986,-45.8637
516.68,-2774.5
-167.166,564.626
-2239.77,2498.11
-96.6605,-3590.16
-3638.09,-3106.67
-1204.13,-1801.09
-715.215,1106.46
1715.53,879.112
-173.226,1335.17
1416.13,-907.099
1342.32,662.903
2122.65,2998.39
2069.42,2668.71
3754.09,344.242
2999.1,2879.77
2141.89,4324.65
2327.57,641.036
-672.15,-931.026
439.323,-1529.04
-1458.84,1367.72
1254.52,-377.734
-230.108,310.782
-899.954,86.7886
-1523.46,-1653.56
-1193.09,-2431.93
1468.78,-184.672
-136.59,4439.15
2607.15,438.494
-4438.4,-922.657
1765.05,-6580.24
-5863.11,2566.94
3153.05,-1339.17
-3394.82,1405.65
2546.95,-3125.85
-1279.74,1799.28
4148.02,1719.36
1323.21,4174.22
4242.19,772.694
114.886,1935.04
333.037,-293.285
-373.605,-1492.9
-3897.45,-480.325
-1734.8,-4138.77
-2967.17,-2521.27
-961.949,-327.349
1830.49,1092.08
1286.94,2996.2
284.047,1001.88
-2205.88,-2572.75
437.553,-4246.05
-4710.56,2632.49
1048.04,-2190.99
-2943.55,-1616.09
-270.075,-2036.98
-1310.49,925.491
1972.03,313.975
-116.514,1820.92
3338.33,-137.283
2040.21,2975.18
3874.76,3514.6
3555,2958.96
409.566,1877.02
-863.664,-2150.39
-1981.16,-3295.03
-783.502,-922.258
-1209.03,1994.08
1647.47,-629.04
-4627.34,46.4173
382.835,-5822.7
-3081.23,-192.885
595.455,1496.36
377.269,1009.67
4285.65,-690.132
-2386.89,4921
5493.36,-1957.55
-5176.92,2397.32
-58.6914,-4978.24
-4290.12,-3199.07
-725.774,-1320.29
-1751.86,1829.97
1547.48,-1009.19
-1308.71,163.849
1667.53,-691.852
1608.46,2165.05
1636.56,3241.8
3885.12,585.636
-552.721,2335.57
-241.727,-1066.85
-889.557,-2804.21
-2245.82,-469.913
101.427,-434.533
-2443.67,384.325
2971.62,-2864.44
-1370.97,3476.96
4583.64,1466.02
-654.471,3007.87
3676.56,-1848.36
-3180.26,1911.74
2715.78,-2253.07
-4720.86,1445.82
-872.271,-4253.67
-4247.92,-3329.73
1367.17,-1938.05
-972.587,4917.41
3367.05,1068.17
965.51,-90.8136
-1445.27,375.291
2700.34,-1771.15
61.2782,3275.04
4431.73,2366.55
490.174,3161.45
1172.8,-1237.84
-3200.96,-1694.87
-1192.15,-3392.61
-2164.16,-429.224
-1363.16,195.932
-573.593,-1604.52
-1535.83,-1229.73
1698.25,-594.034
-1428.31,3466.55
3231.94,-1000.32
608.121,1007.61
2686.37,2178.28
-849.445,2914.78
1085.77,-3037.15
-3048.24,-1732.6
-1199.29,-1384.47
-1135.29,-228.769
1997.35,-200.535
1840.07,3071.49
3027.98,3206.12
3460.88,1634.31
938.219,1958.39
4936.04,172.554
-2049.67,4984.41
2699.84,-2436.72
-2435.83,-1509.09
730.431,-951.899
-1437.37,2316.1
2128.47,-814.921
-1622.45,511.595
2495.7,-1247.44
685.497,2900.76
4123.17,2680.42
66.8229,3127.41
3366.71,-2070.42
-3403.84,1363.04
2405.24,-2409.05
-1066,1696.6
-605.909,1084.24
-968.758,-2574.84
-873.387,-2675.73
-1365.09,1074.18
2797.63,894.21
545.845,2901.43
3897.64,345.166
-415.825,2637.66
2628.76,-489.157
-1190.53,980.758
-3081.79,-1153.86
-4570.56,-5655.88
-1807.42,-5862.18
-4968.28,2333.53
3796.53,-936.796
-3074.38,2631.92
3459.14,-2935.7
-1654.94,1875.16
4072.97,1037.87
619.056,3903.44
1864.31,334.546
-114.889,-1224.48
-33.2872,-492.447
-1478.58,1078.39
-1159.12,-1584.04
-1978.26,-2963.27
-1117.39,-1493.16
2056.54,1295.3
1568.32,4498.52
5296.81,1512.95
525.022,3174.64
3519.82,-198.284
227.036,1823.67
996.021,825.104
-776.883,-388.226
-2111.12,-1995.02
-863.588,-2789.07
-98.1873,508.514
-1069.3,2597.64
1208.95,-1813.75
-2014.16,-1131.4
2510.61,-943.239
-1237.56,4482.48
4590.39,-224.763
-1092.26,1894.68
-240.867,-1014.83
-1703.68,-2418.18
-1872.08,-1633.76
-430.548,-421.56
1654.34,989.689
-1679.4,2730.51
4404.11,-2933.46
-726.318,3213.95
4135.17,2474.41
2036.08,2842.68
5096.99,977.925
434.871,4531.87
5247.97,359.897
-2967.68,2803.07
1494.88,-4093.2
-5772.38,-1317.01
-1169.03,-4136.29
-2050.83,-926.952
-1470.78,1065.86
1574.21,-1108.41
-452.848,1009.67
2772.77,717.792
1763.05,3011.94
2207.4,2174.33
-696.64,288.94
1945.43,-2962.07
-5476.22,2013.59
1643.59,-4502.74
-5258.59,-432.268
-439.384,-2907.97
-1461.27,-659.491
4461.48,975.517
2392.93,7065.33
6791.3,3320.4
2676.97,2956.87
2456.53,1038.18
127.043,699.567
-1194.74,-762.146
-2135.68,-2520.9
-3211.57,-2598.75
-3423.35,-2415.45
-285.579,-2538.19
-3101.71,1578.59
1730.63,-1690.4
-518.243,610.558
2525.23,1178.07
698.225,3039.98
-118.139,98.7156
-3269.37,-3311.08
-3094.29,-5058.59
-6596.28,-1792.78
116.108,-4505.53
-4217.39,1222.41
3381.92,-1234.26
-3676.38,3145.39
3320.15,-3482.04
-2711.52,1059.47
1300.05,-86.1367
270.183,667.733
1787.18,643.47
909.595,1950.45
1262.42,894.879
-182.285,-78.4374
-3067.64,-1235.17
-1206.77,-4394.1
-2480.8,-979.476
914.563,813.493
843.192,2251.62
181.232,563.938
62.9106,-1921.34
1256.84,-530.011
-133.62,3662.65
-118.718,614.252
-1784.03,-3874.95
-4362.88,-3564.25
-1079.45,-2635.44
-1766.64,1614.71
3541.31,340.943
-1389.46,3278.43
5526.2,-1713.75
2200.8,4468.66
2939.06,5462
2996.76,245.616
-963.752,-1124.77
-2516.34,-1655.85
-1094.75,-2622.68
-2035.42,-247.297
-3283.06,-458.907
1063.84,-4464.47
-5332.26,1318.77
2034.01,-2861.66
-1779.94,1074.12
1986.41,585.014
663.289,1722.59
2343.27,646.374
-1648.19,1588.62
1039.64,-2732.68
-3232.52,-496.932
-237.032,-1834.29
-1050.78,-136.173
1401.26,390.372
196.01,2104.66
1730.55,151.481
3333.21,504.903
3041.22,4798.67
6819.92,4520.82
655.203,5279.34
2593.68,-2873.81
-3554.57,-1907.99
-1698,-2229.94
-1652.25,-851.056
-2216.83,-325.75
-2928.82,-2500.07
-1902.64,-4143.19
144.906,-561.478
-1066.2,4186.01
6232.64,-417.533
-1892.36,4475.39
6535.22,-1432.09
-3095.14,4462.24
2394.72,-2281.18
-3514.17,-1504.63
-721.785,-2708.11
-2769.16,44.3089
3273.6,-1094.54
1548.21,4464.9
2655.97,3813.29
3391.77,-261.304
143.874,1088.52
2252.19,775.235
727.959,2181.63
1539.23,551.382
-1329.53,3.19619
-1680.11,-2436.98
-2288.55,-2683.15
-2541.65,-1144.8
-2402.18,-1182.73
-3881.97,-2600.22
268.579,-4556.53
-3987.39,2363.09
3681.13,-768.066
-1753.13,2547.65
4860.16,-1184.72
-2689.55,4059.73
4986.73,-1939.26
-2829.38,2631.89
1309.29,-1623.79
-1520.28,-1070.69
1311.73,-477.873
1637.72,2901.25
3174.02,3166.18
2743.26,1971.41
2201.38,1066.24
1683.26,1398.11
252.508,1505.68
403.369,-858.76
-1541.81,-1042.86
-988.773,-1410.32
-1945.52,-591.907
-2401.74,-1523.25
-1375.11,-3040.16
-1149.1,-759.841
1717.6,1383.53
2261.15,3320.24
4344.28,2276.31
-1507.04,2995.24
3392.98,-3890.82
-4938.32,1287.35
3487.49,-2715.24
-3450.92,3112.36
76.655,-1818.16
-2785.13,-3387.12
-1721.31,-2400.15
-1253.93,630.642
173.449,598.489
1449.76,-340.085
-941.843,1397.84
2668.26,-727.556
-521.652,2267.69
174.043,252.326
-3297.26,-2171.13
-2887.19,-5162.65
-6970.04,-2666.01
-1770.19,-5055.01
-6557.78,-719.661
1291.03,-4283.02
-4650.27,1805.6
2047.47,-2039.79
-1534.23,698.727
169.981,8.85068
-114.609,-528.907
387.647,-178.978
-686.701,1031.64
505.883,-690.188
-2270.78,-486.038
932.193,-2488.35
-1426.97,1491.86
3461.3,751.759
1933.62,3470.76
3073.38,2476.69
2751.43,1228.77
2949.45,1748.55
2753.43,3285.05
484.802,2492.9
-2013.41,-2416.44
-1055.96,-5508.37
-5814.68,251.961
263.175,-2733.38
-5161.8,-517.73
57.1088,-4583.76
-5927.2,-157.823
2995.94,-3676.6
-3095.72,3778.94
5053.67,-120.076
-1579.96,3157.42
2526.93,-1589.83
-1001.34,206.081
1304.33,353.411
-1101.03,1569.01
-71.1337,-1760.14
345.519,-1810.25
221.322,2143.96
2719.46,2386.96
495.81,1879.65
3427.83,-1304.24
-90.4871,2905.99
4136.46,1681.4
-601.596,3017.29
2471.15,-2061.11
-2190.53,230.761
-3041.87,-1047.03
-1406.55,-4751.03
-4206.6,-1544.88
-1033.34,-1397.18
-1539.95,-249.077
841.323,-803.982
1631.49,1393.94
1036.81,3276.77
1650.6,414.084
-2656.63,-986.722
-995.426,-4201.72
-2367.13,-893.328
352.991,772.22
-1277.9,1282.65
1368.57,-2426.35
-227.019,439.934
1459.45,2254.28
274.415,1763.99
3355.62,-1549.7
-575.288,2873.93
4335.78,1244.74
174.084,3316.75
2944.02,-480.588
-5145.28,602.748
-1313.43,-6686.33
-8519.47,-3452.35
34.4736,-5627.93
-2248.92,2700.36
2046.05,2700.47
-375.793,244.868
1887.79,-3047.86
-919.565,2183.64
1100.57,2009.68
43.678,-541.997
-455.09,-1952.75
-2417.08,-323.102
1833.06,-1425.69
994.025,2766.91
1100.96,3126.73
3874.58,-807.769
437.495,2370.32
3735.89,1899.93
3372.21,3192.82
1397.12,3284.35
2285.66,-773.762
788.472,-4.73938
105.098,1991.58
-1817.8,230.664
-1225.17,-4595.11
-5836.54,-2570.32
-706.182,-3898.22
-1311.84,1028.84
-536.493,2052.29
796.301,-1684.54
-1063.2,-1097.27
514.848,170.694
-2772.07,1670.52
581.921,-3940.65
-5380.07,-1439.63
2245.81,-3634.34
-3357.94,4013.57
3540.51,-616.99
-3266.41,667.049
3092.57,-3671.9
-2664.71,3220.7
5685.59,485.864
1130.18,4782.62
3578.84,1810.02
-2027.24,351.21
-1318.69,-4556.48
-4160.64,-2760.7
-1546.15,-1619.47
-2415.98,192.625
-1773.62,-1928.44
-878.939,-2959.84
-2964.83,300.943
-1482.14,-1316.4
-2198.19,-2699.2
-3150.11,-2155.44
1413.71,-1921.03
-817.057,3866.39
399.415,1079.09
-2096.8,-3361.03
-1969.52,-4314.7
-4241.63,40.1212
236.059,-1755.77
-3255.35,-135.733
1338.96,-2788.16
-2824.92,1596.53
5772.31,-801.54
-1013.31,6349.66
6363.9,284.701
-1194.63,2571.81
-206.291,-1548.95
-306.323,-3023.39
-1274.78,865.901
92.8759,1264.57
505.266,-690.174
379.231,-571.63
-781.633,1179.57
1878.92,-363.441
-2568.21,1310.34
2838.8,-2982.6
-3630.4,2251
6652.77,-1598.55
-2568.11,6785.27
5964.03,-1058.39
-4452.04,1274.12
3231.63,-4753.22
-3200.75,2662.89
4008.08,712.099
616.385,2935.9
3946.9,690.313
1547.43,2783.15
4597.75,2041.31
2170.66,4005.35
1768,1549.28
-941.09,-1357.21
-1121.26,-2934.22
-2737.11,-565.971
-2558.11,-1129.57
-723.339,-3269.32
-3906.79,-371.066
991.547,-2266.72
-333.014,1452.26
381.429,1943.61
171.541,-800.712
-1074.72,-1779.34
-670.366,-849.247
835.12,769.088
672.263,2077.16
-765.708,311.891
781.907,-3077.23
-1948.96,488.5
-2276.96,286.382
1058.89,-3728.72
-3657.08,725.424
1517.06,-1286.79
-2200.88,1086.86
3531.25,-1539.5
-4377.7,3525.52
1931.88,-4194.86
-6527.97,-1527.89
-228.776,-5056.69
-6870.42,310.152
1175.33,-4599.17
-6810.39,473.421
3029.16,-4819.45
-3604.38,3057.11
4520.59,242.381
254.059,3204.22
4676.17,716.585
1063.14,3510.52
3521.08,1359.06
-590.755,1573.35
-437.593,-1964.17
-1692.67,-2410.64
-1625.88,-666.382
1114.02,45.5509
-1302.14,2117.97
3236.89,-1568.51
-848.021,2270.55
3346.73,794.028
-510.703,2452.45
2423.85,-1115.32
-3569.91,730.339
-497.221,-3804.33
-3451.92,-1970.25
-542.952,-1243.11
-3133.58,841.75
-1097.58,-3207.77
-2069.63,-2814.12
-783.976,27.5298
1373.37,1677.01
2193.28,2077.55
508.19,1632.86
2540.65,-1054.79
-561.725,1893.71
2287.94,584.714
-2411.4,1249.6
-159.191,-3825.67
-1132.43,-1861.38
2146.77,2196.37
1256.85,5034.68
4434.61,172.681
-1504.31,1236.74
2388.94,-1929.9
-2089.49,1868.49
4337.44,-619.213
-2221.33,4040.35
3818.64,-1918.68
-5239.42,917.004
3455.41,-5115.7
-5200.31,3194.05
1388.21,-1827.38
-2912.85,-1701.43
362.572,-2320.77
653.071,1971.99
1058.59,3427.36
2076.14,-144.39
-215.7,-463.274
978.272,-56.1741
148.568,1840.41
2576.02,533.502
-1345.96,1783.75
291.164,-2202.77
-1261.04,-1619.52
1332.3,390.388
2620.48,3585.66
1991.21,3677.31
2743.6,-313.491
-3726.51,109.186
2125.45,-4738.69
-7835.75,2103.98
-732.539,-6154.04
-5890.94,-4110.87
-1381.79,-2520.47
-2494.91,1643.2
229.461,-957.338
-2219.99,-1580.43
265.795,-2257.15
3171.44,1860.29
-235.679,6853.38
6303.19,-1363.61
-637.737,1939.43
1459.76,917.405
220.648,163.185
453.697,-512.327
-3703.54,296.627
1473.1,-4622.46
-3032.25,1210.75
3432.87,621.854
115.906,3555.4
1863.6,-9.7067
-1405.87,-976.176
-2722.32,-2074.85
-584.931,-3086.46
-4031.72,766.767
-2776.59,-2714.06
-3491.31,-5181.12
-2219.76,-2753.46
-2264.66,1628.44
177.902,-438.104
-1162.01,-1550.7
-1952.91,-1375.57
2606.68,-1232.92
-977.115,4859.17
3798.88,423.938
-1136.99,447.807
-305.807,-1853.22
-1436.41,-1104.48
1346.34,-200.697
-2004.1,2847.23
1290.93,-2344.56
-2173.17,-1345.69
1223.74,-702.327
106.725,2943.5
4466.66,1279.35
-1664.67,3384.81
1008.86,-3188.77
-2208.23,-2319.96
-1590.2,-101.42
-2934.97,-157.418
-1677.02,-4199.41
-2484.41,-2703.83
190.539,456.885
1738.36,2968.62
2857.78,2313
3424.93,1435.49
2018.61,2827.2
2439.39,1842.5
2573.3,931.485
-106.115,1953.59
1289.45,-796.637
-1850.11,-262.308
1969.17,-1695.26
-2478.19,2756.49
1156.84,-1505.69
-2876.8,-1444.02
1643.62,-2530.03
-1315.78,3431.3
4300,1136.39
-1032.45,2618.17
3327.49,-2104.74
-4012.18,1739.41
1684.62,-3243.8
-3657.3,109.381
-3197.79,-1987.28
-2640.96,-5025.48
-3417.41,-2340.58
-2485.27,-170.655
-538.378,-1354.78
947.688,-739.527
430.794,2645.18
5868.91,1803.1
883.369,5820.07
6292.74,322.955
-2106.13,3046.57
2490.38,-2737
-900.352,178.593
1606.38,1652.2
1010.88,2198.93
445.526,0.818962
-284.78,-1537.06
-206.183,-486.932
761.768,1236.34
2488.83,1738.19
739.468,2454.42
1932.74,-351.356
-1558.97,222.404
-854.901,-1792.87
-4818.44,-1815.43
-1559.3,-5234.61
-3567.85,-1068.73
1242.1,110.741
-1062.68,2632.95
3943.04,-1229.33
-807.112,2787.82
6081.4,691.435
654.206,5847.38
7328.4,1168.34
-2380.7,4514.36
2712.2,-3825.17
-4376.73,-1204.91
757.138,-2287.81
-3068.86,1812.77
1987.62,-1821.67
-1521.82,686.931
1091.41,-154.295
477.433,801.817
-192.243,917.935
78.8818,-992.903
-910.207,-914.706
542.641,-323.371
-1979.21,1537.05
956.495,-2315.93
-2966.67,-540.499
-935.771,-1911.58
-1051.91,-1073.97
3010.68,447.938
1228.51,5364.86
3428.43,1894.8
1389.39,-287.856
670.74,229.5
1262.26,1364.94
-378.08,1651.7
-264.357,-1755.38
-3119.06,-2282.61
-2744.15,-2923.66
-2810.88,-2030.72
-594.515,-1318.29
-31.9467,987.799
365.985,1323.34
2468.48,-284.503
1013.03,2209.87
1065.43,2004.08
-1191.26,-588.219
-87.6191,-3681.3
-5538.46,-50.3265
3826.77,-3992.88
-5250.45,4746.27
3327.23,-2827.16
-2787.05,-568.899
2029.33,-914.696
-2330.31,3158.19
6063.4,-1830.26
-1720.63,5125.26
5589.97,226.416
308.504,2732.23
2191.33,719.587
-1010.45,380.82
-1587.15,-2098.36
-2759.76,-2917.32
-898.859,-2091.36
-1986.14,1312.52
-1219.48,-728.867
471.03,-3146.82
-2604.05,1036.41
997.658,-408.624
-351.571,221.412
1067.13,14.6631
-2179.65,1179.15
-0.121887,-2978.04
-3916.95,-1625.06
1331.75,-2603.58
-1851.33,3098.69
765.188,265.977
1083.12,-2033.26
2478.77,1282.24
2080.27,5751.79
5462.6,2352.61
2703.35,2322.11
2084.46,1935.34
1868.81,939.372
-216.983,844.949
-2500.36,-1221.87
-86.6667,-4466.98
-4177.51,539.878
2250.45,-1314.63
-2483.57,2274.93
1222.48,-1908.15
-3082.68,-903.551
428.075,-2435.1
-2442.07,1120.58
-184.653,-939.274
-2463.11,-1651.34
-2636.63,-2766.41
-3598.45,-2507.13
-1676.16,-2660.71
-2084.69,-269.435
-1067.64,-421.741
-1068.61,-1401.61
2335.69,-1120.34
1098.77,4636.98
2537.98,3165.38
2251.13,-710.142
-174.745,76.9517
433.956,583.614
-441.332,545.958
-534.682,-1178.5
-4891.06,-1603.39
67.8585,-5854.6
-4239.39,948.109
1974.7,5.69893
1021.69,1705.93
2363.13,1730.7
691.378,1815.83
3357.91,-395.03
-3372.98,2793.14
23.3906,-4057.59
-3809.42,-3317.29
-3085.45,-1664.65
-1751.4,-1387
529.512,-1006.75
-3572.73,1844.93
2609.66,-3796.37
-151.049,1452.48
4294.18,3970.1
1324.4,4913.05
5162.21,-1388.76
-974.411,2318.21
3054.16,507.761
-492.968,1968.83
1645.07,-881.065
-4333.97,95.281
1913.25,-5086.87
-6155.95,1841.55
4555.94,-3223.01
-4136.44,3950.79
2182.98,-2085.68
-1724.54,-1251.06
1035.94,-289.486
-1717.5,2547.58
491.606,-1914.88
-6197.67,-2314.77
-3306.26,-7110.3
-3756.41,-3223.74
-3644.9,1304.96
3161.28,-1877
-1025.56,2850.48
4925.44,949.47
2282.47,4227.03
3485.47,2897.12
-201.831,968.083
-589.095,-2999.25
-2188.64,-2085.2
-1040.61,-292.584
-798.046,467.556
-521.654,-874.627
-2012.25,-1379.19
-1164.67,-2127.36
-156.441,-490.86
-436.176,1807.11
1454.42,40.2676
2229.27,329.791
618.795,3221.73
2741.09,956.42
-852.316,703.424
-253.174,-2011.06
-2024.98,-1307.9
196.724,-934.932
-1190.4,1390.18
4090.12,-478.284
-2375.04,4210.06
6074.91,-2179.41
-1780.67,4066.12
6434.78,458.131
64.3462,4987.36
2853.44,344.784
-2857.85,-1052.45
-9.81738,-4326.56
-4679.64,445.833
1377.91,-2204.56
-4462.76,970.462
-1746.34,-4063.22
-2362.95,-3983.89
-1108.88,353.746
1567.75,2402.99
2695.01,2078.1
3169.75,1739.05
680.196,2655.96
2069.55,-389.668
-1251.07,222.789
-2917.05,-1402.3
-2502.35,-4593.55
-1558.87,-2608.2
365.507,2138.99
2580.9,3297.58
3387.94,1871.91
2686.95,1832.81
4850.7,2391.4
2406.51,5387.97
2564.27,1653.62
1064.49,-1514.16
-2286.82,-227.525
-2019.8,-1774.35
-3200.11,-2970.55
-3552.71,-3168.32
-3748.02,-2540.93
48.1031,-2435.02
-1862.4,2222.35
2921.91,62.838
-3208.17,1696.31
2125.25,-4278.07
-7544.99,583.344
1733.37,-6188.26
-6843.7,862.048
45.598,-3359.43
-6000.34,-1562.73
1395.85,-5159.93
-2905.77,2832.59
2840.21,1408.93
1140.47,1193.91
-112.905,395.957
2901.52,-1153.79
-219.493,3621.98
983.579,1234.39
-856.881,-2201.56
-2658.25,-2652.41
-3835.08,-1922.18
-958.783,-3044.33
-3291.9,73.6814
-2440.95,-1753.06
-265.018,-3785.21
-1275.42,987.212
2666.82,2144.96
-212.553,2851.06
2672.43,-2040.65
-2739.15,676.572
2815.33,-1554.04
-476.333,3070.4
2164.17,1284.22
-1572.22,-19.4492
1171.95,-3363.59
543.313,1426.51
3217.7,4407.77
3282.11,3557.16
1816.2,667.198
2103.49,-716.782
302.588,2355.36
1549.62,1445.4
-1173.93,-112.996
-237.201,-3055.19
-4708.19,-661.73
-358.664,-3668.92
-2928.37,-398.09
-1542.81,-578.419
-1506.62,-2010.01
1602.88,-1672.43
377.889,4125.44
2630.45,2639.97
3672.82,-69.4261
-1385.83,2603.87
2123.9,-1480.85
1031.25,294.198
-1806.51,2970.94
152.272,-2615.49
-2269.07,-3091.03
-1574.38,-844.33
3184.1,852.562
2262.94,5427.22
4808.72,3020.43
1399.19,1713.96
1628.99,-662.155
-1545.05,543.583
-2808.73,-1540.45
-3593.98,-4828.05
-5826.52,-4200.42
-2396.53,-3919.48
-4934.82,119.854
1221.4,-3101.95
-3545.67,1058.35
4181.45,-1616.42
-653.014,4576.08
2958.17,1279.07
692.705,-312.888
118.238,-185.613
-2619.31,385.901
3410.82,-3341.96
-4927.91,3903.41
1862.44,-3157.19
-2951.72,-1808.52
923.549,-1007.35
-1682.78,2850.52
2174.11,-1061.72
359.256,101.163
1850.28,1751.3
3080.85,2771.97
1287.08,2911.56
3626.32,-483.192
-3993,2070.6
-1060.03,-4925.62
-3568.79,-4195.45
-4788.11,-629.886
326.508,-2753.76
-3998.74,545.518
1134.45,-2804.8
90.7756,718.94
2848.07,3148.82
946.588,3545.49
1506.22,-1405.68
-4857.4,-1668.82
21.1223,-5498.33
-4495.33,960.124
-626.174,-826.17
-2217.29,-2185.84
1432.93,-2408.49
95.5664,3973.31
2749.47,2965.34
2573.76,211.562
-910.098,766.923
1839.82,-1261.18
-3020.82,1588.17
1326.7,-2776.28
-4607.28,-212.175
-1782.26,-3771.75
-1067.88,-2784.39
-885.139,1975.86
4183.22,1787.12
-872.902,3973.64
2347.68,-2495.98
-1098.19,-890.878
2015.84,1077.51
-200.153,3751
1942.19,-959.221
-1660.48,-1143.24
-1450.35,-1437.35
-1147.14,-1117
-388.41,-332.63
-930.078,457.673
2075.56,-881.584
1405.61,2444.36
5336.81,3337.42
3821.86,5528.49
2491.76,2737.61
1310.45,-1620.65
-1824.79,-953.372
-834.234,-997.083
-4933.21,-576.232
-288.521,-6060.72
-6003.09,-668.574
1237.32,-2428.53
-1586.43,1944.61
2278.73,455.045
-2304.38,1138.24
3038.32,-3413.8
-2707.64,2731.99
2912.18,10.9682
-1068.19,1223.12
2601.44,-1206.53
98.6352,2339.75
734.063,1634.77
2609.42,-1083.19
-1522.43,1954.94
3873.86,-667.849
890.561,3455.12
7269.24,2620.73
1768.66,7097.87
3687.43,783.718
-390.114,-1777.63
-3286.31,-1425.55
-360.772,-2988.53
-7241.77,281.638
-1376.8,-7309.04
-8077.57,-3324.96
650.624,-4347.87
-3350.73,3495.15
7633,176.38
-2855.62,7042.34
7725.76,-3114.67
-1032.29,3522.87
3622.74,2369.97
-1991.11,1615.81
2055.38,-4837.78
-3275.89,763.205
1131.31,392.073
2335.74,819.738
-827.605,2975.08
3032.82,-1572.75
-3133.42,1044.93
5070.85,-2440.67
-1038.59,5792.35
3084.48,1685.44
1511.79,-1305.75
-735.648,474.836
-74.4836,357.538
-247.971,-600.783
-1233.57,-801.703
-2583.05,-1315.5
1203.28,-2933.19
-4300.94,2537.33
5788.14,-2687.92
-488.36,5273.43
3617.74,2733.03
5051.52,209.944
1375.03,4640.95
426.733,2257.81
784.54,-3804.77
-2498.56,-1469.89
544.319,239.109
2561.46,2256.95
522.884,3567.18
3183.82,-1050.72
-1479.05,830.187
3997.83,-679.315
606.737,4743.76
3126.27,2135.18
32.3488,-164.139
726.666,-1932.79
-2777.4,955.157
-625.207,-1932.17
-307.301,-2090.7
-2837.72,1219.64
2122.47,-1769
332.135,1565.22
467.623,2446.8
1702.97,-665.281
-933.558,-99.0275
541.596,-563.568
1652.84,861.669
-2153.6,2884.05
-1112.34,-3707.03
-4485.83,-4966.78
-2688.1,-3103.54
108.996,789.586
587.843,3215.27
718.388,272.844
-1360.76,-2215.75
602.03,-2275.05
-1514.52,2804.34
3026.49,460.395
-216.199,1429.33
1684.8,-475.148
-2249.35,818.019
1148.38,-2532.88
-4708.17,349.95
-482.151,-4074.78
-5554.65,-1724.27
2713.93,-3790.71
-4295.34,4900.83
5317.51,-1632.23
-2259.9,2231.45
1947.05,-1107.37
728.233,386.605
-360.775,2230.61
1546.53,-659.722
-3130.26,-235.836
761.685,-3680.47
-3350.69,804.312
-202.305,-984.139
-1541.76,-1363.54
-183.705,-1296.63
823.977,993
3959.49,2685.81
1225.99,4858.36
88.9087,-479.944
346.168,-4692.47
-6021.83,426.619
120.673,-3777.38
-5366.71,-978.786
-838.172,-3902.79
-5437.66,-910.254
1820.47,-3800.58
-3849.17,2850.65
2896.85,-1263.71
-1675.99,928.437
1447.63,-860.379
785.502,1027.41
1046.28,2142.54
2386.69,721.358
-1878.8,1241.36
1824.52,-3118.88
-3520.22,913.275
1548.8,-1656.59
171.14,1029.78
414.053,2047.13
3989.52,-137.693
1938.41,3688.61
1823.51,3356.1
1272.69,-765.124
-2833,-1645.98
-2066.43,-3375.08
-1897.79,-1685.67
-85.1514,496.088
1414.66,1574.57
-1241.97,1543.64
179.421,-3167.41
227.684,-1526.55
-308.534,3389.94
4262.25,1490.31
1645.45,2786.51
2798.83,1310.91
119.48,1327.79
1657.86,-868.765
-3227.97,829.97
2255.27,-3475.77
-3487.53,1855.47
2920.21,-1117.57
-1695.62,1980.37
1426.87,-969.299
-1132.54,-144.839
2349.22,-477.046
-1888.71,3306.13
2999.09,-1757.33
-4512.62,548.512
-1374.19,-4519.35
-5606.83,-3206.46
-1171.89,-3716.28
-4736.28,876.885
-2339.63,-3080.27
-3316.58,-4718.12
-2595.74,-2108.65
2008.75,864.025
-1197.99,4838.33
4797.46,-1969.71
-303.546,1761.82
2710.72,1972.95
1623.18,2249.23
38.4102,578.804
503.064,-2067.48
-1735.33,-66.542
-243.521,-379.343
1214.9,-323.416
1202.88,2119.14
391.841,2223.4
3642.7,-1219.03
-123.3,2865.51
4481.73,1571.05
-4392.25,3375.23
1583.36,-7308.38
-7121.06,-2081.21
-275.433,-2832.94
-1030.34,1165.8
-60.7871,1433.11
32.2527,-1207.1
-399.563,-1481.08
2174.31,646.989
-2323.52,4477.06
4507.52,-3365.4
-2288.95,1489.85
3658.31,577.274
-1300.13,3562.95
2177.16,-1941.29
-2255.82,-758.316
-540.681,-1224.04
1047.63,-134.224
1603.67,2743.33
3435.81,2763.93
1261.56,2408.98
895.223,-645.335
-794.98,-1161.78
738.307,-479.204
-737.542,2110.3
684.573,-373.172
-2242.37,-1293.4
-1464.05,-2910
-1044.65,-1096.68
-3437.37,1154.11
180.044,-3730.84
-1261.62,-1330.43
2041.08,1961.4
491.127,4302.33
5141.3,-692.908
-1394.12,2887.47
4732.37,-674.075
-1579.88,3634.86
3163.25,-993.873
-3076.88,575.338
1144.65,-3134.34
-2452.67,610.333
3763.95,-83.1993
1302.95,4656.94
2411.98,2478.98
2108.61,-946.073
-1628.78,479.418
1521.84,-1170.66
-1119.53,1482.17
-1745.15,-331.278
-1125.95,-4066.52
-3843.74,-1750.6
-1508.32,-1589.81
-1643.65,-715.945
-1271.38,-898.024
-1528.38,-1273.39
1105.04,-1348.26
-979.21,2645.27
2492.12,280.388
311.204,867.608
2084.67,410.81
-84.6181,2115.54
2908.59,-184.968
-2591.09,1871.04
1667.87,-3165.71
-4671.4,-21.1283
1588.56,-3300.36
-2610.45,1748.35
1259.36,-159.923
-2034.25,-178.97
2304.65,-2572.75
-1097.1,3143.49
1395.67,1375.34
-2883.88,-1257.91
-4269.44,-5652.35
-4817.1,-5451.52
-3521.57,-1823.18
-438.632,138.67
6.79295,1061.61
2236.97,12.1897
-6.91294,2102.83
2698.67,317.586
-536.621,1709.83
444.08,-837.005
-1067.94,-1201.48
-2485.08,-834.156
-660.812,-2437.95
-457.905,-375.747
722.588,1770.01
1104.82,1533.37
4762.92,122.696
598.214,5282.52
6288.58,1520.65
-1766.91,3654.14
735.546,-3494.18
-2639.43,-3015.64
-1603.88,-460.116
-2262.72,508.46
-1503.55,-2842.73
-2377.36,-3007.13
-4298.03,-951.841
-89.5186,-3235.04
-4145.81,265.188
2009.33,-2529.01
-2709.21,2125.87
7250.43,-771.304
-2770.33,7839.09
6592.04,-2056.97
-5845.87,976.923
1254.78,-5804.33
-3575.98,23.9868
1610.38,875.606
1270.14,2206.64
834.484,1163.79
-921.952,-939.403
2303.34,-2388.87
-774.477,3975.3
1643.05,1709.47
-1448.79,-1642.95
-719.221,-3817.85
-3888.76,160.15
1744.15,-1627.37
-5525.9,1798.19
-876.038,-6038.77
-4600.23,-3843.7
-606.386,-766.69
-2634.68,2627.98
4375.33,-2634.77
-4266.24,3097.94
4058.22,-2839.25
620.77,2307.27
2782.32,4157.56
-421.472,1893.71
1264.4,-4460.26
-5325.15,-627.992
1728.88,-2979.2
-1962.79,2573.22
1829.44,516.391
2017.54,48.0455
2120.56,2511.5
4799.87,3398.84
-847.088,4540.44
1270.19,-4056.77
-4896.13,-3236.35
534.367,-2988.05
-3503.15,3447.56
2885.57,-1607.69
-4248.74,198.546
1235.83,-4209.37
-3486.13,954.707
2914.55,-481.374
614.355,3012.66
4146.42,1841.19
3158,3127.03
5612.22,3235.32
3730.08,5300.13
1695.51,2672.92
-148.131,-2588.96
-2515.1,-3072.18
-1019.54,-1203.41
-567.964,1426.19
769.138,475.906
-791.22,-367.703
-174.477,-1591.32
1610.02,59.5228
-2380.49,3761.16
3161.83,-2988.75
-3967.09,252.59
-493.818,-2490
-4554.31,-1472.54
-1950.93,-4145.91
-5648.78,-1978.48
1606.59,-3978.69
-5165.75,3539.94
4922.04,-2826.06
-1757.3,2945.32
4508.85,934.464
-200.059,3403.61
3396.59,-663.332
47.1664,1352.62
942.764,1002.21
-1903.42,-38.0517
-1751.29,-3730.54
-1462.23,-2812.34
-1144.75,1365.05
387.441,1230.29
445.016,-771.889
975.889,-588.953
1552.52,2202.41
3411.58,3107.7
1040.7,2923.93
1212.42,-1258.25
-1796.1,-1317.92
-2373.16,-1411.76
-3046.48,-2332.26
-1932.42,-3223.01
-1419.12,-788.337
-2170.25,992.023
2229.96,-2185.19
687.688,1964.93
2673.37,3488.16
3256.9,2197.98
1028.25,1410.88
3604.28,-362.979
795.798,3742.74
3115.13,2004.87
-1184.38,768.562
167.767,-3491.11
-5682.15,-1038.56
573.028,-4575.77
-4845.79,1115.94
3525.99,-2031.67
-3056.2,3403.32
4864.31,-1715.88
-2634.12,3121.96
1928.89,-1519.66
-4598.22,-803.498
262.332,-4936.24
-5983.8,409.383
1325.57,-3431.66
-4186.13,810.747
-1904.89,-2463.73
1618.71,-3768.57
-525.544,4414.39
3304.98,3508.33
4251.61,636.715
1639.38,2757.44
3538.14,2186.43
3053.63,2581.59
-879.183,2404.43
-1160.02,-3597.11
-967.385,-4341.35
-3167.44,1777.21
1705.26,2.0383
-682.105,468.434
1132.66,-815.321
-1624.45,984.07
4446.52,-1180.32
-1757.62,5084.21
3208.39,-660.642
-3688.66,-824.283
-2061.02,-4555.43
-3805.49,-2692.48
-395.236,-1096.73
-1160.06,1852.89
1566.03,-380.217
-622.232,261.803
715.646,-384.963
2392.31,803.357
-1799.62,3770.17
4672.49,-2809.42
-1620,2517.09
3447.58,1027.04
-994.563,2308.34
1539.31,-2074.33
-2591.41,-414.395
954.252,-1507.42
-2728.02,1440.12
-326.609,-2234.7
-2876.45,-2281.86
-775.973,-2020.89
-266.515,924.641
2366.4,1769.07
152.311,2525.28
-766.458,-1329.84
-2259.15,-3779.84
-1879.43,-2209.44
-1443.43,827.873
-120.601,132.444
-1177.02,-1103.12
888.715,-1830.94
-701.579,2166.89
4641.98,1209.54
1547.44,4507.62
5418.18,1686.15
-339.446,3309.87
3978.43,-1560.18
-2698.46,2090.5
1179.87,-1905.01
-4657.59,-856.482
1408.66,-4621.71
-1218.96,2311.02
1641.61,3171.07
-127.123,147.276
408.178,-3252.52
-4148.47,45.9528
2428.6,-2488.53
-1897.89,2973.41
45.6567,94.608
-1146.81,-3034.8
-2453.91,-2006.3
-1472.11,-671.759
-1213.3,-275.189
-956.156,-1165.78
-340.325,-1215.3
2.22363,568.959
1270.14,1293.35
4409.3,1496.77
2006.77,5173.76
1200.83,1898.54
822.068,-3237.73
-1514.27,-945.717
-1607.52,1004.99
-700.938,-1361.84
540.484,-2125.2
-521.349,1943.52
2000.66,1616.09
664.623,991.015
1369.65,-469.788
250.089,956.998
1975.96,1026.55
-358.285,1895.65
-65.9429,-1334.47
-3694.91,-2244.59
-2377.34,-4131.86
-1617.84,-1597.72
-2937.41,1518.29
2673.95,-2418.02
-3964.21,1817.2
5249.01,-2732.67
-868.729,5227.55
6282.98,2326.21
2347.37,3864.78
2753.74,1620.48
273.92,241.565
665.955,-1070.7
-1896.43,565.067
-2757.78,-1666.98
-538.076,-4670.61
-5120.29,280.728
1341.53,-2518.66
-3536.9,1088.24
2566.54,-2247.12
-107.958,2245.82
2498.66,2451.47
-459.482,1414.11
-100.215,-2910.33
-4608,-1951.7
-3171.02,-3865.75
-1978.08,-3051.11
-2597.08,635.302
4543.19,-472.826
-1981.38,5562.41
4282.71,-1606.99
-672.013,280.518
4510.77,1055.66
451.243,6151.95
3795.37,318.872
-1690.81,-819.183
693.997,-2565.79
-1848.1,1490.63
298.211,86.5045
-1358.69,-1202.26
94.2339,-2064.26
-1471.03,1086.64
881.071,92.6827
-69.5704,98.5352
362.169,-130.986
-26.7616,401.621
1418.85,194.96
-1297.18,1559.69
1088.67,-1824.84
-3061.24,-320.307
-85.2409,-2480.24
-712.588,-115.57
1149.63,1511.4
-606.072,1776.94
1100.38,-2161.62
359.858,-363.423
2559.35,2806.62
3581.82,4322.58
1066.25,2679.21
1047.92,-2452.39
-27.4935,-1301.14
-3704.24,2219.47
734.62,-3770.99
-3825.21,-1736.03
-131.818,-1718.78
30.9222,1280.81
3358.98,1979.82
1768.93,3667.45
1384.11,950.068
-448.896,-1595.1
-3754.43,-1783.28
-1479.89,-3905.16
-3488.25,-858.004
-2357.89,-1244.67
-2730.74,-2818.78
1026.78,-2845.9
-2008.68,3892.9
6489.75,565.511
1320.12,5289.55
5276.25,2129.19
2932.2,2483.86
1927.62,2476.95
571.696,542.643
670.332,-1523.97
700.399,367.701
-790.158,2531.6
1242.4,-1246.91
-3411.56,-1031.3
-324.666,-3600.47
-3955.44,34.9143
1384.67,-1945.42
1168.3,1684.46
-252.448,3748.94
2026.1,-1673.24
-4491.76,-1190.44
1172.41,-4613.05
-4851.87,2160.27
984.397,-2022.49
-5067.66,-1323.2
4743.67,-4977.99
-3241.92,7356.73
4892.59,1268.73
2568.73,-390.521
2561.15,2666.74
1750.07,4364.93
4807.63,397.04
-3562.27,2380.46
472.637,-5058.68
-2668.16,-2292.31
-1826.5,1086.13
2089.09,-249.226
-1429.74,1711.92
-971.438,-1619.11
-1231.64,-3299.48
-1203.44,-419.077
1249.67,1572.73
2095.58,2320.7
1498.13,1651.45
440.955,8.58186
-1686.69,-1035.06
96.5253,-2433.45
-2774.75,830.228
1091.67,-1388.45
-1254.01,454.571
3549.9,-156.27
-789.017,4466.93
1569.6,-463.884
521.534,-2286.88
-739.787,1097.29
1678.53,1403.24
-93.1531,1326.63
-175.906,-1388.27
-4502.97,-1858.41
-1522.88,-5165.16
-2728.4,-921.956
-2154.78,1092.61
2683.34,-2060.39
-2832.76,2360.62
3555.9,-1530.43
-1033.88,2406.54
3808.69,536.05
-3959.36,2796.58
3875.01,-5625.17
-6527.09,1875.88
5878.91,-3059.08
-3687.77,5794.67
3977.95,-1356.89
-130.239,-424.539
3312.49,1468.73
788.506,5228.28
4680.86,320.956
2390.29,1549.87
1434.33,3421.47
5307.79,1022.95
211.3,4219.06
3154.84,-99.0403
-3128.36,110.377
-1244.22,-4234.84
-1465.02,-2327.14
-1769.73,1890.47
334.272,-109.081
-1426.68,-1562.4
-915.986,-2028.76
-113.014,76.521
1565.38,1901.53
-2057.93,2160.18
2103.07,-4518.9
-4637.79,247.361
452.301,-1913.47
-1921.11,-9.8704
-1860.9,-864.86
-2796.75,-2878.77
911.79,-3307.94
-1636.92,3772.76
2701.55,1379.55
1324.4,118.864
1181.04,669.049
3050.51,1781.64
2818.88,3925.79
1258.66,2630.23
-1852.83,-1944.14
-1588.06,-5379.87
-6263.65,-976.476
-169.296,-3612.73
-3603.53,94.7161
833.535,-1448.89
-883.274,803.01
3649.84,441.884
209.75,4355.99
2559.09,388.228
-2621.34,-817.079
-1156.26,-4083.55
-2790.57,-1299.74
1005.49,51.6129
1106.49,2652.19
2061.32,1806.6
2480.15,527.546
4371.13,2009.94
1871.85,5961.2
2908.45,1311.55
782.774,-1655.22
-1426.42,-241.025
1066.37,-297.038
2813.04,1790.84
-844.718,4393.34
3188.04,-2457.64
-3936.51,-240.806
548.408,-2962.26
-5591.06,422.91
890.545,-4855.88
-4916.6,83.3662
2591.68,-1940.85
-1680.37,3175.99
1352.39,-68.8039
-1633.21,-1411.57
-1093.62,-2315.8
-1483.28,-412.142
279.635,157.669
71.0882,756.157
-588.788,-23.9754
1291.3,-1530.96
-2247.89,1633.33
4975.18,-1275.74
-1059.13,5179.66
4454.76,506.383
-216.223,1095.99
-1074.9,-597.642
-691.662,-2691.69
-3211.8,-731.105
-1052.19,-1970.61
79.255,-1013.13
1068.42,2021.36
-89.5073,2647.08
3232.61,-1798.92
-2866.65,1686.46
1928.49,-1927.33
-1067.41,751.717
2298.7,647.672
-879.019,2454.47
1282.16,-1584.19
-725.105,-807.686
2370.64,667.729
2064.53,4258.18
158.818,2622.6
1667.03,-3710.38
-1571.47,-552.153
3235.04,1666.78
-86.14,5156.22
5310.68,-1102.32
-572.943,2258.48
233.241,671.265
575.568,-1887.13
-3011.6,-92.992
-2153.03,-2445.7
-2639.28,-3344.84
-2354.2,-1685.28
-897.079,-239.428
-235.624,290.544
-1415.22,-175.589
3272.23,-2171.45
-2484.33,4500.15
2989.06,-794.285
-1172.45,-480.826
-2373.17,-866.138
-2074.14,-3068.75
-2995.3,-2486.63
-2050.85,-1497.12
-1068.43,-680.164
-1519.78,-209.184
2299.66,-1428.68
2695.54,3425.39
3493.25,5695.13
4839.24,2183.65
2325.74,1528.92
1577.25,1472.03
-1221.73,838.217
2394.12,-2978.12
-4203.98,2132.52
1918.49,-2650.57
-5089.32,16.195
2568.15,-4350.9
-2976.54,2997.28
2536.44,548.295
-4037.32,318.354
1485.98,-6060.79
-3054.99,1100.38
1764.79,1950.83
1007.87,1426.45
-1335.39,-418.807
-3243.61,-3436.89
-1485.17,-4499.5
-4311.32,734.853
1071.21,-1570.51
-156.533,491.032
2016.59,1512.74
2525.85,2555.31
1569.18,2370.01
524.544,-59.836
531.987,-1540.88
-2194.29,646.287
789.228,-1465.61
-1715.51,211.497
-852.314,-950.097
-3782.43,-1712.07
1144.52,-4490.49
-2098.64,2801.08
4203.81,1924.49
-626.909,3144.4
585.837,-2411.4
1078.7,-2443.63
-69.8765,3809
4117.27,2801.06
-1512.19,2117.97
4361.78,-4441.69
-4133.37,3531.58
4593.56,-794.389
-2525.56,2624.23
2985.13,-2282.69
294.484,1358.75
3109.3,3049.28
-559.019,3215.71
2738.98,-3385.9
-3921.99,254.855
1448.38,-1962.11
-1745.17,1425.63
835.984,-318.415
-129.551,-344.454
-2930.75,23.2732
709.548,-3772.82
135.473,626.967
325.175,4046.88
2986.8,217.16
-107.222,199.991
1163.16,-176.33
-959.17,1388.07
1323.49,-986.956
-3282.5,239.497
1892.41,-3500.36
-1558.74,2011.5
2569.46,1613.18
623.938,1680.93
3154.92,-379.18
-2866.33,2660.44
5902.41,-3115.46
-4087.73,5188.78
5348.21,-1848.38
-2914.15,1950.78
2086.42,-1823.33
-3707.16,595.221
527.355,-3267.18
-4080.5,-393.195
-1602.1,-2574.56
-1092.2,-2256.97
-2238.91,723.722
2150.79,-818.779
-791.508,2135.81
786.329,-41.3752
-736.207,-1092.36
189.481,-1024.23
-3128.67,1129.73
252.383,-3311.35
-2643.94,-1226.1
-38.8621,-493.68
1212.27,1078.8
1143.46,2321.78
2982.92,861.982
1983.47,2084.7
2125.98,2290.86
2019.37,1234.43
1505.38,796.929
-1650.5,959.344
-1751.99,-3082.81
-2678.45,-3809.49
-1993.93,-1098.26
361.484,823.568
-1313.43,1517.44
465.005,-2552.53
-2271.6,-1169.38
1097.32,-663.959
-2751.72,2463.7
814.257,-2993.86
-3986.49,-1786.05
2976.43,-2590.11
-5412.54,5425.38
4484.71,-4401.79
-4934.24,188.829
1377.09,-2306.03
-2377.54,1294.32
3474.23,-763.056
471.039,3488.14
2604.4,1910.4
1085.81,381.01
587.937,-212.169
842.753,521.455
-938.169,1421.01
-1143.12,-1773.71
-1332.33,-3243.81
-4645.97,-559.718
387.003,-3401.61
-2159.28,604.456
-117.884,396.736
-210.438,-849.301
5039.9,-533.485
-1136.75,7880.52
5456.81,-134.588
-1737.94,-298.171
199.766,-2095.59
-3741.15,214.424
-353.825,-3188.48
-5167.64,-1295.85
2371.04,-4112.16
-2657.18,4056.26
4482.83,900.868
3611.91,2379.95
2990.88,4675.85
2501.8,2399.22
397.894,-845.974
372.378,-1764.06
-4114.46,1104.98
-1719.84,-4045.54
-4410.29,-4148.36
-898.216,-2556.88
-2616.6,2421.82
1192.93,-983.861
-1041.88,-952.18
370.194,-480.068
-337.429,1387.01
4577.54,301.013
-2104.89,4998.85
2870.66,-2648.18
-3252.87,-1333.58
-1046.37,-1954.42
-2541.01,-516.877
-1447.67,-1778.54
-1280.88,-1804.34
-987.91,-248.463
2448.86,442.496
717.216,3726.42
3759.62,1067.37
-424.728,1668.64
868.347,-1366.1
2319.18,-442.047
-1536.09,4588.72
503.902,-1327.15
-3111.85,-4157.18
-1837.98,-3384.77
-4278.06,1032.77
726.458,-2650.27
-5344.48,-582.504
466.155,-4891.42
-4485.34,517.809
4037.08,-1225
-1406.62,4860.32
4069.23,-113.913
-3235.46,685.724
2345.31,-4139.92
-4839.36,2023.65
1577.07,-2407.68
-2655.71,-269.536
-534.356,-1318.88
-231.081,-693.185
829.312,962.292
2091.9,2005.78
2510.4,2263.8
1085.13,1820.92
-1644.62,-579.967
-428.68,-4152.39
-6182.75,-617.561
-2748.61,-4765.77
-5908.87,-4076.04
-2019.08,-4041.06
-4440.37,536.255
3374.47,-2147.99
-3445.14,3766.78
2452.93,-2243.18
-1397.6,-644.578
521.555,356.283
-491.99,1322.3
1846.98,-868.275
-1526.94,1149.27
-367.798,-1156.4
-870.005,-1843.68
-1036.74,-247.632
-696.578,294.592
303.367,-751.009
-524.659,35.7821
2353.45,126.285
-805.292,3242.29
4137.67,-784.788
-3963.04,2354.51
2453.01,-4387.07
-4557.15,473.082
1099.21,-1873.16
-3631.79,608.747
2458.19,-3069.91
-3597.39,2362.05
4771.51,-1555
-303.227,4118.93
5686.84,1837.16
1118.11,4072.27
2656.01,356.919
2580.39,-133.97
1446.19,3461.95
729.295,2534.56
1333.59,-2154.57
451.29,-728.856
-2556.74,2694.97
2719.98,-2583.33
-3023.5,750.602
55.4735,-1525.38
599.831,-871.339
4236.6,2506.81
-132.251,7033.3
4073.03,-1900.57
-2922.08,-1522.21
-1194.42,-2199.96
-528.447,-450.867
-2674.73,1257.93
-1251.55,-3331.74
123.86,-3341.88
-2058.39,3157.85
4908.7,841.47
3916.35,3915.73
4208.72,5326.03
2511.7,2635.38
3549.98,-1283.58
-1231.81,2362.41
1531.89,-96.6439
-1188.67,-305.851
3085.81,-1404.11
15.439,4533
5376.26,2066.11
-1435.35,3136.07
2152.41,-3579.31
-2724.9,-489.801
468.064,-190.487
-218.089,1012.86
-1152.38,-85.3336
-132.679,-2662.42
-1437.35,-377.065
-461.95,580.968
-1090.63,-349.907
-43.709,-2166.19
-2178.97,14.2376
4002.69,-743.275
366.454,5521.02
6140.29,2036.28
-1059.05,3258.14
3968.21,-2897.78
-2506.94,2022.23
5131.58,-128.002
-1687.13,5044.33
1867.57,-1642.96
-3212.75,-2717.06
-1525.43,-3052.07
-941.268,192.81
678.721,1696.18
-1265.56,775.668
117.293,-3403.23
-682.737,-902.083
431.597,2406.11
-886.358,1591.97
-165.374,-3549.76
-937.188,-2121.19
-3451.39,1937.54
219.496,-2672.35
-2675.4,-2055.83
-2880.78,-1351.95
-1990.68,-2302.17
463.185,-1708.38
988.17,2809.65
2709.85,3412.63
2543.9,1382.97
-728.212,354.64
820.614,-2246
-4183.32,457.472
1183.32,-3555.27
-3072.84,684.994
2425.34,-592.092
318.818,2589.4
1897.84,1388.68
1171.76,244.337
-395.322,348.694
2698.29,-614.462
520.977,3434.86
1684.02,1750.81
-2252.25,-1020.66
459.874,-4903.84
-6599.61,987.302
3576.4,-4193.53
-5486.61,3284.61
4531.21,-3006.75
-5350.78,2459.74
4900.86,-3990.04
-3585.46,3825.84
4302.13,-432.743
-1709,1996.76
1216.77,-1615.44
580.637,-426.36
1960.87,2549.68
2891.66,3507.98
-46.7092,1840.54
1521.96,-3268
-935.83,68.7968
202.758,2023.92
1633.23,372.647
3229.52,457.743
2460.77,4399.54
5483.57,3665.02
2818.57,3804.89
828.003,822.077
-221.165,-2472.91
-4185.82,-1427.78
240.78,-3532.3
-1821.57,1296.07
1069.55,1091.39
381.608,221.137
2858.2,-368.865
1379.74,3874.17
5434.61,2911.32
1627.33,4117.48
2004.43,-41.4217
-2391.01,-1317.97
1243.89,-3280.29
-2972,2646.21
66.178,-705.203
10.7208,-2723.33
-2326.92,456.218
2730.82,-420.916
-2262.93,3181.13
3515.69,-2312.46
-3566.87,1395.33
4165.47,-2310.88
-4066.93,4018.46
3752.59,-2843.98
-6151.37,662.949
1285.26,-5591.76
-5699.29,286.808
1943.96,-2308.3
-1771.11,1991.59
3570.59,168.667
290.523,3003.63
4460.5,778.136
1077.39,3412.02
2910.42,1275.58
-1233.6,775.869
2101.81,-2754.65
-243.581,1963.73
1522.99,2687.61
1537.45,411.424
-500.458,-443.515
-330.007,-1093.7
511.992,-89.5419
-1480.92,1733.86
3475.32,-1725.22
-843.959,2974.31
3017.3,996.054
-53.0342,1315.3
2030.36,-771.17
-4636.81,1305.65
739.165,-5584.08
-3728.37,-966.148
-1426.63,222.798
1911.73,-1116.61
-1515.51,2284.52
2810.6,-681.02
444.872,1602.1
2691.3,1647.31
725.723,2355.84
1687.25,-286.716
-1280.66,-10.9107
2451.94,-1345.68
-2883.85,3214.86
3212.6,-2288.42
-4412.49,869.97
4345.91,-3567.9
-4244.21,4674.36
8273.45,-1587.81
-2297.62,6637.43
6287.41,-602.47
-2163.52,2018.77
2349.03,-1949.73
-1129.32,1036.8
2100.3,613.002
-2709.02,1803.68
1578.13,-4169.88
-2714.19,-67.249
3326.3,542.117
2548.02,4796.34
2270.72,3598.97
2774.28,-1133.33
1202.47,405.72
932.969,3019.21
94.6642,1154.89
1232.19,-2720.4
-630.156,398.438
-521.354,1884.5
1801.09,-969.278
-3734.14,419.168
1160.53,-4156.58
-4800.8,596.429
2518.54,-2436.12
-2821.74,2483.49
2032.37,-1202.96
-2085.98,102.764
81.4473,-1648.34
131.421,-174.019
555.714,1851.1
1528.2,1145.66
-993.465,361.825
1895.91,-2379.32
-1458.51,2066.82
4693.76,729.51
1166.62,4602.67
6382.82,1680.59
2540.38,4686.19
6309.86,2740.64
-1429.88,4452.56
1891.27,-4140.84
-2799.11,-2209.79
-2499.94,21.92
-664.922,-1473.3
-1485.95,-1223.49
-1169.53,-781.538
-2103.11,-632.568
80.4483,-2277.95
-2477.01,409.9
420.11,-1178.33
-2197.95,-89.4787
-3341.03,-2061.4
-1946.3,-4938.01
-4866.45,-1344.29
-1013.85,-2152.76
-3291.85,-570.24
1140.07,-2531.74
158.566,1893.94
3968.48,3090.2
79.3519,3916.89
4032.9,-2394.29
-2988.47,1515.42
3486.42,-1413.74
-2756.14,3079.26
1924.45,-2059.56
-6292.97,-877.28
-1423.29,-6869.66
-4348.39,-2015.68
-1027.88,492.501
-496.492,383.449
-604.063,-1241.55
-3759.66,-1496.62
1814.77,-4114.46
-2640.9,3533.88
1625.05,744.631
-104.079,-1309.09
-3570.28,-1055.8
-2011.21,-3895.43
-2703.63,-2296.84
-1483.25,-218.661
-1088.89,22.6222
4321.13,-1197.54
1128.64,6015.83
3420.87,3492.65
3909.4,-747.892
-240.494,2127.78
4666.37,906.913
3021.94,4645.95
4348.35,4033.76
-1609.34,1810.02
-20.5469,-6013.57
-4763.03,-2473.02
-1540.43,-938.273
-1365.65,-24.0268
-136.284,-1066.21
1310.2,-235.67
108.48,2903.43
2342.2,722.873
-3085.09,325.228
-248.815,-4974.28
-6215.02,-1379.57
1296.56,-3854.36
-3746.6,2548.24
4836.74,-1022.75
-3982.23,3893.55
5442.96,-3918.69
-1754.25,3310.85
5808.91,2136.63
1289.09,5015.55
4984.53,464.997
1064.5,2164.33
4571.04,1587.15
951.291,4484.11
1145.48,279.413
-2970.04,-2934.05
-814.962,-4642.77
-4934.54,1157.49
740.381,-2268.37
-1012.98,-505.788
-1715.38,763.041
2276.05,-1818.6
852.364,2307.49
-569.919,3239.1
2532.37,-2766.85
-2062.13,59.0276
-1958.28,-120.471
-592.799,-2950.61
-2267.43,-1081.54
-3247.41,-488.258
819.857,-3603.1
-3339.67,1141.57
4645.72,-812.899
-360.278,5217.16
5223.01,1051.38
1159.22,2268.42
2731.15,1071.28
-592.572,1684.39
534.566,-1664.75
-2775.19,-1175.31
-4011.32,-2481.38
1112.78,-4720.67
-4501.39,3396.55
5142.39,-1165.79
-1399.58,3547.43
5176.53,-145.408
-125.671,3698.05
5190.93,646.2
-3067.73,3544.71
3198.52,-4399.23
-6440.24,292.274
1344.32,-4491.5
-3109.68,913.384
2497.53,318.68
138.165,2508.55
2963.9,269.596
2447.93,1812.28
1403.23,3493.03
3322.41,636.661
213.257,1314.77
-169.29,-117.868
-799.246,-1586.34
-3857.88,-1283
-1173.04,-4032.29
-2275.35,-886.456
-75.2114,706.742
499.049,746.606
1494.14,105.971
-2277.3,1296.39
2396.54,-3078.22
-4387.28,1615.17
3833.53,-2755.86
-2141.48,3351.78
972.911,143.993
-3006.01,-2191.3
-2149.36,-4579.13
-3200.91,-1397.94
-564.807,-150.098
-1273.51,396.845
1266.31,-1596.12
1814.04,1320.07
2698.23,4412.16
3803.37,3005.85
584.779,1290.97
1009.72,-1893.59
-3852.75,-118.292
-204.961,-3527.17
-7359.72,-868.433
-671.011,-6969.9
-7112.34,-1125.22
1609.5,-3116.38
-1326.9,2849.64
1044.38,1527.95
-1334.48,-1394.23
294.361,-3441.88
-1687.13,1469.74
2064.72,1247.58
368.681,1469.64
-1170.03,-597.461
-1793.42,-3221.44
309.399,-2172.74
-754.729,3415.71
3399.61,1473.23
1191.18,1501.04
3542.15,602.521
1964.04,3680.95
3104.4,2684.8
-232.262,947.678
1971.99,-2736.83
-5114.98,1443.61
1618.02,-4252.8
-5849.64,108.933
507.556,-3920.72
-7859.31,-226.13
2794.74,-7063.25
-4803.98,3189.87
5547.14,832.481
-565.002,4471.59
2877.63,-986.839
-226.945,-497.845
435.75,780.072
200.51,1161.15
-2658.59,-521.419
-962.597,-4984.31
-1819.64,-1339.77
-564.516,2262.85
487.308,622.2
2031.77,-1471.83
-1963.02,2097.01
1759.8,-1010.98
2135.83,337.291
223.826,4137.52
-711.462,295.263
-350.782,-5128.94
-4181.08,-1316.2
-539.381,-902.609
-1767.09,241.356
-2446.91,-1710.6
-1751.06,-3957.05
-323.399,-1126.98
1264.61,3409.89
3775.09,3269.75
1908.99,2264.25
1295.61,-214.99
-1817.04,-440.833
1710.64,-2252.02
-4298.42,2458.62
2534.22,-3492.28
-276.361,713.158
2561.34,3366.11
846.8,3140.06
3435.64,-1716.11
-3551.3,1496.71
4486.98,-2869.79
-1460.38,4453.73
4269.53,1460.21
-4133.51,1431.73
-273.815,-7040.96
-9477,-2836.87
-140.261,-6553.58
-5131.36,1609.96
1388.19,-549.962
-2239.28,0.77066
-26.8626,-2557.76
-1814.27,-370.305
338.123,-16.9733
-1414.43,707.964
1584.81,-1856.47
-487.534,1337.43
762.169,1350.58
947.054,-156.655
-1128.85,-36.3768
2513.36,-1291.97
-1073.24,3415.68
4440.86,285.124
272.023,2847.55
2241.34,563.964
1029.31,413.315
1349.73,1072.67
2791.57,1726.36
1543.02,3105.45
-1175.16,715.94
-690.925,-4685.27
-4169.71,-2207.47
-191.095,-1384.13
-4020.54,1500.53
1647.03,-4146.57
-3007.67,271.401
3899.76,150.227
-1201.29,5069.62
5655.64,-1122.53
-2757.78,2687.63
3938.42,-2193.4
-2634.36,2511.38
2534.47,-1093.73
-3199.35,750.471
2108.57,-3181.08
-4638.22,1691.86
4405.29,-2987.86
-3565.26,3991.72
2968.18,-1481.33
-3005.89,-175.586
-481.979,-2670.88
-933.489,-844.025
-341.86,1262.6
-135.565,391.919
-3910.39,-1615.04
-3334.5,-6168.33
-2571.85,-3757.04
-1825.15,2080.54
-92.365,1187.77
394.039,-2200.28
-649.42,-796.349
317.558,1264.14
-114.016,1289.73
703.547,-1302.16
-883.69,-417.08
-1190.11,6.09156
1901.38,-1221.46
-1772.85,2479.67
1468.51,-987.666
-3663.06,-698.637
568.276,-4146.41
-608.355,1063.14
3486.4,3525.87
679.506,4085.79
1483.9,-2100.3
-512.797,-2107.59
-3573.07,1155.98
448.414,-2877.48
-4708.83,-1055.68
-726.682,-3858
-2162.35,-504.392
2734.03,856.026
351.577,4344.14
5311.97,253.694
-183.253,3191.14
5039.34,128.973
-1405.11,3874.98
2972.04,-1531.91
-2438.97,67.8593
129.98,-1778.35
-1064.58,-144.796
425.423,288.1
-821.038,682.53
-2075.45,-1478.6
241.695,-3732.36
-1541.93,1434.91
3715.75,1810.42
-432.958,3845.3
1933.06,-1942.48
-27.3245,-1249.93
-316.532,1897.3
1515.55,982.849
-3039.36,161.374
327.187,-5189.58
-2896.42,-273.243
-510.726,1069.24
-1295.1,-564.978
2263.1,-2859.26
-1694.56,3459.75
5162.33,996.96
827.495,3864.4
3085.42,767.515
-3935.23,412.037
957.867,-6130
-3847.09,229.782
3362.63,891.794
2818.1,4534.81
1421.66,3577.35
1900.88,-2102.21
656.395,-927.324
602.247,3082.02
1441.75,2057.49
505.784,-869.341
-726.808,-1364
1096,-172.553
-902.6,2832.79
-3321.25,-1027.18
-1252.84,-7679.59
-5667.48,-1599.22
-1181.7,-535.746
-1747.61,-422.907
2214.3,-1917.08
-2443.18,3256.38
5459.49,-1006.77
-1063.7,4250.75
5586.32,242.901
-4045.37,3443.2
3538,-5351.75
-4207.1,868.919
1521.27,-321.259
-1910.62,994.84
1358.9,-2193
-1199.29,655.711
2355.8,699.621
3619.04,2823.99
2157.36,4786.36
3574.67,831.339
796.477,447.17
-788.604,442.89
-2045.91,-1589.07
-1859.43,-3546.35
-4988.14,-1558.83
-1609.82,-3751.52
-2348.66,-1260.47
-1746.53,209.645
4742.67,-1093.88
-377.361,6337.42
4083.1,1326.69
3503.79,-347.879
2354.1,3885.34
-50.7278,4063.08
3332.87,-3462.01
-3324.28,293.768
3226.02,-936.772
-2079.68,3976.39
3133.73,-1483.39
-984.728,230.837
2129.73,334.199
1652.18,2830.42
1217.6,2321.2
846.453,-857.558
-268.037,-1135.09
-791.454,411.529
-2248.88,-67.7599
-884.202,-3667.74
-2583.45,-1615.4
455.945,-103.08
-53.7003,2139.86
2440.37,283.072
1097.6,1373.93
3129.3,1593.6
1484.9,3259.98
4153.16,1018.83
1430.63,2801.16
-300.414,1341.14
-67.787,-3084.98
-3506.2,-1787.65
-1391.95,-2045.02
-1472.41,-519.347
1183.01,-77.7971
-1254.46,2070.14
1802.89,-1440.78
2144.89,430.356
663,4605.78
3882.93,1048.7
-1773.26,901.99
1423.69,-3271.62
-5900.72,579.552
1210.01,-4923.04
-5420.9,338.402
2994.5,-2539.65
-4045.83,3327.44
5381.15,-2609.69
-2565.56,3830.97
5712.51,-293.227
-2957.97,3987.12
4956.46,-3171.45
-3389.31,2545.06
3726.06,-1079.27
-3347.17,2360.07
651.429,-3314.1
-861.048,-1829.94
-1959.26,1925.24
1892.91,-776.387
-2033.22,529.098
2558.11,-1871.44
-3904.79,2712.8
3906.1,-3198.58
-1773.4,2363.82
-284.043,996.943
-19.4431,-2781.8
-5198.92,-1435.02
311.341,-4646.02
-2685.75,1245.66
-3824.24,772.282
-339.249,-6735.13
-2338.43,-1933.36
-980.038,3252.62
6175.44,912.35
1202.71,5545.85
2744.54,1513.4
3402.33,-1373.87
-1939.93,3249.06
580.137,-998.265
-3385.38,-2720.01
-433.758,-3948.92
-3024.94,1587.85
3473.28,-100.488
-1733.24,3112.05
780.237,-1975.5
-2839.95,-2327.16
2150.38,-2057.17
-1337.1,5059.61
5176.87,793.344
-4152.7,2072.87
1957.08,-6226.3
-6418.38,-148.204
426.259,-2755.25
-4540.32,104.113
1006.41,-3596.73
-2972.15,770.742
4096.98,-336.76
1525.04,4939.05
3212.78,3112.78
2133.46,-46.3919
347.715,55.4929
1513.15,699.303
-113.854,2137.34
-915.096,-703.587
-1352.19,-3536.69
-1655.65,-1535.37
-1447.95,980.75
674.34,-494.793
91.1994,-115.733
1182.79,697.053
1807.58,1912.96
875.132,2064.96
2666.83,-355.733
-4727.68,1518.8
1351.28,-6060.83
-5116.45,-405.788
162.908,-1133.41
-878.279,306.629
1510.1,-17.162
-172.287,1782.45
4286.45,134.097
454.966,4299.65
2042.88,1046.84
2050.52,-1237.87
-2420.45,1761.04
4628.43,-1787.12
-637.602,4541.68
3666.78,1524.68
-577.726,685.109
2417.37,-2035.41
-2166.39,2489.27
3264.79,-628.097
-1728.47,1919.89
2810.91,-1433.36
-2770.94,1771.23
2242.38,-2155.53
-5339.15,913.455
-1750.54,-5317
-6342.12,-4218.94
-2120.39,-4077.01
-4548.22,505.495
1774.26,-2339.11
-326.113,1651.74
406.425,2072.81
3593.75,-809.081
180.914,2985.72
2872.88,1526.59
2295.66,1277.39
430.521,1940.66
3374.53,-305.252
2253.52,2929.15
1393.93,3875.73
2058.88,-535.176
2174.47,-842.795
-771.961,3614.02
4247.83,249.087
1017.81,2419.33
2934.24,1648.18
1309.95,1931.45
1474.42,512.45
1488.38,305.812
-1320,1617.96
-341.963,-2024.01
-2775.54,-2400.97
144.07,-2056.41
-2104.46,2268.32
2035.07,-687.053
-4017.39,303.129
2374.45,-4783.59
-1709.35,2512.73
5728.88,2871.53
948.196,5731.28
3975.68,-760.352
-1884.73,-196.041
2315.3,-1645.04
-2277.23,3189.26
-514.081,-1302.19
-1667.78,-4165.97
-1990.48,-1419.88
886.62,1230.73
544.019,2686.17
2311.57,-158.796
408.514,614.57
2195.8,968.987
-24.145,2566.58
-1410.61,-812.125
-3754.55,-4772.07
-5810.97,-5092.88
-787.732,-3949.1
-2207.16,3399.67
4482.94,1189.99
-2119.12,2827.61
2882.61,-3697.98
-3077.24,800.032
4957.65,-265.646
35.6527,6061.97
2202.53,996.939
648.562,-2856.78
-697.643,-189
-181.301,1879.14
1240.83,71.2373
-2459.5,-233.991
-743.813,-3541.54
-196.29,-1149.42
-1404.02,3100.19
1983.33,-569.058
-1092.27,-438.161
-1235.62,-969.757
-748.493,-1448.09
-538.966,-254.106
242.136,648.437
-1845.99,533.234
283.487,-3202.86
-971.229,-450.086
1405.12,1874.76
-1017.61,2466
2059.53,-3011.62
-3022.93,87.446
1912.53,-1085.58
410.249,2437.33
623.17,1925.22
70.1958,-1416.67
371.882,-1869.16
-2372.99,1727.95
20.5468,-1363.79
-4089.05,-2061.99
84.0754,-4540
-3130.58,1590.13
2796.95,334.753
278.366,2262.34
288.927,331.364
467.723,-1800.76
-2493.08,124.686
2266.77,-1598.82
-3625.25,2717.22
1608.54,-3192.24
-3394.24,-943.735
-390.107,-1612.8
-846.294,108.813
2229.43,502.468
-822.766,3002.35
3983.63,-1211.5
-526.181,2498.68
2827.54,916.79
-570.357,1509.07
2930.24,-1380.54
1432.54,2588.06
1611.86,3761.22
5599.14,226.43
-1587.42,4172.33
2169.77,-1879.04
-1030.84,-1332.35
-361.514,418.106
1648.46,873.51
-704.222,1920.68
2557.51,-1568.9
-3121.21,1434.17
3492.87,-2493.66
-3071.69,3081.85
3621.3,-1349.45
-3745.91,1658.21
4081.23,-3507.59
-2265.08,3632.27
5031.17,929.295
-538.991,3417.83
6541.62,-973.409
-486.796,5728.1
7114.2,1234.75
-252.242,4377.2
2322.78,-911.341
-1214.99,-1212.27
-1499.89,-845.262
13.3489,-1012.83
-1354.39,678.307
956.017,-818.767
-2145.92,471.876
1023.73,-2100.86
-1309.83,697.193
859.733,373.031
1792.91,562.547
-2541.08,2124.44
-414.305,-3965.35
-2522.42,-3171.2
-3027.88,54.6391
-1284.95,-1272.04
755.257,-2047.83
-1320.35,2102
3266.81,483.105
-1222.01,2437.71
2647,-1805.16
-8.4812,1142.06
2255.29,2075.72
795.805,2208.77
350.585,-701.894
-3284.57,-1862.84
-1184.54,-4091.88
-1553.81,-270.961
-665.902,1798.21
2857.3,-504.596
-4731.98,1978.8
2548.25,-5829.2
-3887.98,891.768
2776.05,618.781
-1749.94,2826.88
3190.83,-2658.4
-5008.55,1226.71
2897.95,-4082.03
-5891.82,2140.28
-1005.51,-4035.22
-4693.51,-4273.32
3014.22,-2782.16
-2389.64,8050.63
7601.31,360.428
1153.12,2665.92
2123.65,1859.18
2204.52,597.546
-1465.34,1324.15
-1525.34,-2559.05
-2887.38,-3825.02
-3659.92,-1981.51
-2395.5,-1698.82
-1150.61,-1716.43
-277.529,-147.738
-3905.48,1097.48
62.6437,-5316.28
-4342.09,-1687.9
476.173,-903.973
-564.722,2094.76
-625.984,226.847
-4260.59,-3174.12
-797.2,-6503.63
-7945.56,1123.68
531.551,-4676.43
-4705.47,-1203.28
1661.2,-1956.85
693.814,3260.46
3982.46,3379.08
3771.94,2769.07
3125.03,2427.94
1706.07,2032.14
2526.05,349.927
2430.03,1738.89
-2690.89,3185.83
794.965,-5210.12
-5992.88,-2749.57
-719.834,-3429.52
-650.021,1238.46
1895.67,2635.92
-897.63,1536.79
3049.96,-3597.73
-2102.47,2427.4
2863.83,1029.18
-1230.6,1541.68
329.655,-2536.37
-1933.09,-1367.29
573.058,-242.061
-308.282,2065.8
2086.07,47.7641
142.181,880.317
1522.6,363.587
3049.45,1433.36
4409.64,4291.55
2201.91,5288.2
4217.4,-485.981
487.922,761.911
2260.18,1500.58
141.92,2552.79
1603.02,-978.247
-3100.19,-472.253
3366.03,-3220.64
-2476.4,4792.79
3618.94,314.844
-211.741,227.472
1175.33,-391.912
1805.7,1479.96
2690.93,3203.21
-1355.69,2542.28
-306.246,-4860.6
-3133.29,-3463.38
-3259.75,64.0566
2245.41,-1180.84
-1441.27,2836.43
1227.37,-533.82
-325.024,-1209.59
3106.96,187.764
345.323,5613.93
5379.25,1010.25
-932.908,2030.05
1484.3,-1908.86
-2728.59,-205.638
1815.49,-1819.63
-2277.44,2444.64
3287.15,-1029.65
-1929.59,1958.24
3637.13,-1277.42
-1599.4,2953.24
1665.07,-571.557
178.736,-695.358
1021.09,898.561
2296.45,2301.84
2877.73,2658.81
-544.683,2007.16
-285.828,-3193.75
-4299.25,-2813.59
745.755,-3038.85
-2893.31,3371.89
3114.14,-680.168
351.643,880.382
4389.77,1556.44
1124.12,5485.29
5031.42,774.713
-558.318,1701.89
3329.61,-1099.76
-5073.69,2696.26
2128.62,-5671.48
-6426.83,-534.434
-2959.21,-3485.93
-1955.51,-4227.46
-59.4624,331.009
391.291,4095.64
2573.55,581.099
844.376,-367.402
-2250.69,604.873
2736.5,-2623.37
-2330.08,2905.6
3260.33,-233.154
-4314.89,1402.51
3084.5,-5504.29
-5321.71,2197.77
3423.14,-1599.71
-3756.93,2145.42
3382.72,-3280.48
-2513.41,2158.89
5170.91,236.386
1290.59,5114.26
2864.28,2255.99
502.328,-846.402
-1599.86,-1542.16
-2367.12,-1591.26
-286.385,-1984.65
-2348.02,860.487
-7.81616,-1295.9
689.789,-1022.68
1270.3,2263.41
3608.17,3142.34
2996.66,3214.62
1536.96,1512.91
3707.7,-660.747
-1095.78,3709.18
4820.48,-294.639
-1545.16,2976.11
2435.93,-1394.08
-2314.49,216.4
1712.78,-1685.74
-1884.59,1920.22
4855.31,-576.304
-1357.14,4769.35
8147.02,-483.349
-2142.77,6569.33
6467.85,-1501.24
-3423.29,2240.24
1264.79,-2861.64
-3142.63,-916.55
-220.067,-1593.45
50.9178,372.005
-1269.9,1623.63
682.818,-2035.52
-846.623,-875.099
4964.99,1029.97
-1889.65,7836.6
6079.43,-2734.47
-2922.14,380.975
681.746,-1077.64
-2727.4,269.737
260.74,-2721.41
-5412.17,-423.22
1349.75,-4887.96
-2997.84,1664.25
3342.44,955.63
1742.19,3066.55
3892.17,2010.25
1543.28,2703.26
2960.27,633.673
2218.83,1684.43
-245.37,2724.4
-887.627,-1807.55
-1487.38,-4162.88
-5525.52,-825.695
1932.04,-3682.74
-5653.94,2849.23
1767.39,-3978.02
-4180.71,-1021.85
2667.71,-1804.59
-3339.91,4355.25
6125.26,-2264.74
-3646.41,3860.26
5776.61,-2127.6
-4126.77,3833.27
2019.82,-3124.48
-5015.83,-1575.11
1870.97,-3896.35
-1838.24,3677.33
4506.12,1803.75
1098.92,2774.63
2637.16,233.4
359.709,1032.95
829.165,489.886
2178.82,280.182
-1311.62,2587.79
-2009.35,-1968.97
-5511.68,-5841.21
-2576.9,-6375.58
-6500.72,1295.85
1451.54,-2787.33
-2626.4,195.588
1834.91,-773.242
2502.43,2347.32
3427.87,4679.79
-205.663,2884.88
2354.86,-4545.57
-4182.65,-19.0158
392.146,-1251.62
-2925.51,190.387
-899.296,-2895.7
-2563.86,-1875.51
457.66,-863.741
-487.482,2338.29
5141.49,558.572
1145.02,4994.82
3872.65,1753.39
-283.33,625.998
3016.23,-1819.19
-2224.6,3419.9
2483.03,-879.616
-3208.95,-197.582
955.208,-3521.07
-3804.01,1028.16
1560.65,-1686.13
-3141.31,773.693
2696.54,-2523.39
-3663.67,2587.7
2921.27,-2252.72
-3149.66,1106.79
262.997,-1993.76
-2934.18,-1123.11
-1354.33,-2272.18
-3064.4,-1192.26
299.755,-2180.45
-2564.03,1238.26
-939.185,-1397.44
2239.79,-2666.31
-2274.71,4259.88
3945.41,-19.8584
-724.178,1187.97
829.522,-723.059
-3551.81,-244.872
1899.83,-4195.63
-5747.39,2267.13
-1331.14,-3768.98
-2912.07,-4757.32
-3580.43,-855.021
-1464.75,-547.224
844.591,-1368.24
-3343.29,1449.99
4102.74,-3055.85
-265.839,4008.06
3924.45,3273.72
1716.51,1806.22
450.194,-546.45
-1503.41,-1193.38
-1180.02,-1683.82
-464.684,-663.225
824.956,970.827
-1257.3,1814.91
3209.94,-2462.42
-1237.93,2465.82
5429.88,1237.44
-6.92096,5234.53
4278.64,-505.59
-2185.73,690.44
1418.59,-2295.91
-6138.19,813.912
2002.96,-6184.31
-7005.47,1064.23
580.678,-3544.2
755.797,-735.483
-1493.07,4527.06
3141.67,-926.217
-239.138,-217.132
1691.1,785.724
786.318,2680.81
3318.51,708.937
-2899.51,1964.74
5303.49,-4311.55
-4839.59,4927.93
6613.53,-1700.73
-2084.14,4012.84
4458.15,-506.533
-1605.6,2097.6
3636.3,-1276.77
-1069.3,2847.96
1849.55,182.576
-2046.29,-357.266
-59.4135,-3019.61
-3628.53,-160.678
-350.095,-2139.51
-4254.54,-808.808
1254.13,-3887.52
-3514.12,2005.04
2865.95,-779.396
163.384,1854.14
3407.65,1397.41
142.061,3064.23
3264.38,-718.505
-1732.14,1439.52
35.7216,-1499.23
-2118.36,-1647.56
-2789.31,-1716.42
-2793.27,-2613.99
556.608,-2490.23
-1956.17,3043.26
4721.91,137.755
96.936,3562.55
3366.49,567.437
1643.91,1308.5
1718.45,2057.24
-50.1628,1316.62
1473.67,-1909.36
-1767.2,572.488
756.346,-458.182
-1456.76,329.768
47.6292,-1546.7
-1365.02,-478.966
-2516.45,-519.671
1992.48,-3084.14
-1094.2,2991.69
4073.83,1982.12
-842.6,2807.83
4918.8,-2610.94
-5316.19,3719.09
4401.43,-4268.24
-7184.56,1690.07
2226.38,-5493.83
-2619.71,683.053
2417.1,2037.33
3122.36,2883.05
-366.474,2647.27
2845.98,-2976.69
1477.62,1243.42
3784.3,5429.93
2467.13,4611.07
-350.529,-1511.15
-1272.22,-5145.27
-5589.49,-856.085
1075.88,-2819.8
-3906.35,1797.27
-536.173,-2571.98
-4409.5,-3070.41
2287.48,-3777.44
-3847.45,5714.47
7027.27,-908.798
-3538.87,3845.08
6845.37,-3248.79
-3006.57,5345.19
5222.03,-136.572
-289.076,1885.37
356.14,91.1093
1157.53,-1337.98
-1077.61,1431.56
-694.111,-76.8889
182.029,-2456.62
-1126.27,103.506
35.841,879.759
822.652,-11.7799
861.324,322.115
-2665.9,1169.92
-904.186,-4021.43
-5472.33,-3045.52
-2441.08,-4047.52
-3332.25,-1031.45
-1494.47,-896.386
-4672.14,-1480.12
2627.29,-5751.69
-3483.25,4490.17
7191.2,1524.73
-231.362,5612.25
5045.98,-977.441
-554.828,1429.57
3272.01,641.65
-1010.36,3169.45
1535.67,-1667.31
-1076.59,-1190.19
-473.036,118.045
2166.12,575.682
549.345,2983.65
2574.3,589.282
-512.239,694.952
1265.59,-1104.68
169.874,1012.62
202.882,1470.5
-1591.3,-696.879
205.227,-3744.76
-4588.02,490.231
-341.125,-2719.52
-2048.03,-1426.24
-2205.42,-374.097
-578.559,-1828.99
1722.66,-576.893
-230.343,4193.91
2583.32,693.816
-101.171,-512.279
-346.117,-771.121
307.717,-15.294
247.957,1201.15
-1982.03,367.314
-1261.28,-4024.42
-1586.92,-2550.43
-458.97,1549.92
2915.56,2052.65
65.1493,2681.76
103.24,-1666.48
955.851,-2592.88
-1140.12,2814.5
2476.39,1300.52
-1998.98,631.905
-648.849,-4008.92
-6026.1,-2139.19
154.411,-4665.13
-5078.75,1594.19
1608.7,-2343.77
-1129.27,268.762
2343.05,934.535
1427.9,3114.62
2545.57,1486.47
-318.103,624.409
1347.74,-1729.74
901.63,1201.43
383.633,3152.66
3035.06,-295.58
-1403.47,1077.72
2323.34,-1391.12
11.1904,2062.68
3079.74,1766.9
1889.02,2482.92
2992.35,1318.41
2060.14,1999.71
247.287,1856.85
678.689,-1418.35
-5549.32,-1211.31
1901.09,-6390.58
-8753.01,2885.29
2619.76,-5613.37
-7811.22,-253.403
1248.17,-5279.36
-7809.23,1007.07
3717.66,-5483.66
-4032.24,3387.52
4884.27,372.734
572.871,3390.47
3245.32,1005.09
1466.69,1350.54
2980.33,1424.24
202.994,3024.86
-265.266,-832.799
-611.914,-3467.87
-2239.52,-353.891
2544.25,362.82
2285.1,3975.5
2997.01,3350.02
2077.73,655.494
2057.38,-154.202
-1088.24,2287.46
-379.515,-1172.85
-3218.86,-3080.48
-4643.72,-3780.93
-3197.06,-3989.84
-2632.16,-1292.04
-1215.3,1.50883
-1670.43,-610.372
67.4761,-2449.65
727.623,516.939
4117.83,3689.04
3252.47,5697.05
2052.01,1518.96
808.58,-2530.89
-716.042,-470.809
1065.6,1570.3
-1512.36,1977.76
-715.591,-3573.55
-2839.62,-3391.92
1347.53,-621.95
-1518.95,5071.14
5839.9,-906.767
-2543.1,2956.74
4950.53,-2039.89
-3404.95,3659.78
3415.27,-2183.94
-3959.81,712.991
-965.576,-3264.61
-4388.54,-2642.82
1530.96,-3080.78
-3317.09,4282.21
3494.32,-1128
-959.704,402.987
2562.77,60.0389
2644.33,3298.22
1444.02,4055.45
359.374,-876.738
489.768,-3516.38
-1493.3,1304.88
2164.8,1599.34
1810.73,1868.15
173.18,1177.08
2205.87,-1377.3
-62.2312,1863.31
1882.55,1580.08
1421.31,954.643
-35.4412,568.471
-383.485,-924.804
-1566.67,-1236.15
357.071,-1367.36
-4167.05,1409.48
-1340.42,-4481.89
-4126.55,-3934.71
-2454.02,-1757.42
-791.295,146.495
291.596,554.453
1199.85,317.336
1621.44,1244.22
4565.71,2299.43
1226.94,5473.49
4068.17,139.318
-884.318,302.8
1666.07,-1124.85
-1422.55,1885.64
2546.06,-590.104
-2897.2,1492.61
3883.08,-3136.64
-4218.61,3496.03
7181.63,-2129.58
-2639.64,6226.42
5290.86,-667.481
-2860.94,971.652
1229.16,-3031.14
-310.192,439.429
-449.662,2654.05
-216.598,-933.941
-2956.94,-3165.74
-1606.72,-3521.12
-930.086,508.545
2283.38,2266.02
3971.61,2989.74
3663.2,3788.24
3146.28,2726.15
2717.63,1099.6
-1191.25,1267.77
-1832.61,-2669.47
-673.862,-4100.14
-3759.77,1226.61
1771.64,-1095.08
-2708.5,933.465
388.136,-2584.84
-3539.58,-811.875
-95.6573,-2457.68
-1888.79,292.088
1922.82,-116.635
-1442.71,2276.01
1086.14,-1653.84
-2129.65,-995.432
-569.545,-1396.3
-1142.84,-36.9942
-1564.87,-314.378
1294.36,-2188.44
-793.876,1908.67
4121.96,1416.71
-2873.75,3849.42
6089.39,-4796.45
-3402.7,4191.6
5782.08,766.473
462.477,3903.92
4501.69,579.131
-2182.62,2423.61
3228,-3177.94
-3289.94,1705.91
1462.58,-1163.58
6.20764,146.879
-119.376,1240.3
-235.032,-248.948
1862.11,-1511.89
-1879.86,2696.77
3082.56,-764.855
-2568.96,1421.79
-1034.37,-2691.1
-629.867,-3188.77
-774.585,1525.22
-2659.35,2044.47
1048.77,-5146.27
-4742.13,-1198.23
3008.81,-1457.66
-1613.76,5086.36
7656.32,-47.4605
-1025.98,5623.43
7521.38,-395.134
-2740.22,4824.92
4403.35,-2659.55
-4167.05,934.586
1238.57,-2927.71
-2686.45,335.283
1118.1,-747.319
-458.39,1062.36
-1064.29,167.297
-620.85,-2603.69
-2778.36,-1372.16
640.108,-1409.09
-3567.69,1915.14
-235.708,-3501.04
-4393.07,-2807.46
-263.546,-2905.73
-4660.54,1865.08
2316.04,-3481.66
-5540.95,753.08
3149.67,-4069.62
-1200.75,3156.39
1731.51,2779.22
1660.66,-515.696
119.758,-381.654
-568.137,709.379
554.216,-348.742
1853.1,108.891
-4070.18,2823.59
-1271.91,-5665.86
-5511.98,-5378.71
-4767.88,-2717.28
718.128,-1733.95
-3126.9,3289.6
1848.44,-2377.64
-2269.55,-1053.3
2211.12,-720.98
-2281.5,3938.95
3576.96,-2012.65
-3469.89,746.284
2787.87,-2571.39
-4769.21,2678.29
1731.22,-3810.1
-5280.4,-904.491
1488.74,-3572.84
-2957.7,2429.24
6027.3,-131.663
-399.468,5938.97
4668.48,400.027
2520.07,779.655
-150.501,3408.78
1963.09,-587.733
-328.322,-689.351
-2605.53,53.5781
-3315.91,-3149.93
-53.5032,-5049.95
-2922.84,2493.96
3102.02,1200.58
-1152.14,1790.35
2173.65,-2491.26
-874.083,1043.42
1582.37,1482.2
-3833.66,1082
-1190.71,-6817.53
-4187,-3526.77
-3176.39,493.06
619.292,-1088.7
-1049.09,134.325
-1820.68,-438.306
-874.357,-2818.47
-1721.6,-1122.74
334.094,292.024
1245.38,1592.41
1987.33,1666.4
-460.816,1353.96
1907.9,-2066.77
-2992.51,1068.88
1556.3,-1949.7
-2526.86,773.585
3097.21,-1374.42
-2251.95,3314.23
2498.53,-1362.9
-5748.77,-212.476
1167.54,-6618.23
-6231.4,933.409
3982.32,-1911.43
-3043.81,4174.53
1632.6,-1889.03
-3317.62,-2261.02
-1037.4,-2916.08
-1845.12,389.588
2531.2,395.633
1948.38,3218.55
2287.81,2765.52
5043.82,488.352
323.236,4510.04
4284.56,646.722
1789.38,1679.88
1239.33,2224.66
658.504,314.244
1754.87,-1144.86
-1673.48,2053.81
-891.229,-1058.95
-2009.7,-3537
-860.128,-2074.74
128.344,2112.79
1163.11,2397.63
2337.34,-214.866
265.705,956.677
853.967,786.97
292.95,323.415
-1337.32,-373.484
-3369.4,-2369.75
-4987.97,-4805.63
-901.125,-5158.9
-1655.17,2934.24
3351.14,3099.12
543.54,1945.81
3423.46,-1922.01
1003.2,2846.26
4046.46,3833.51
-1161,3104.2
3685.29,-4951.93
-4366.98,1567.19
3313.6,-823.412
-3336.69,2733.75
2818.92,-3459.26
-5784.67,641.482
3055.46,-4424.62
-3461.81,3000.08
3425.16,-0.496078
-2601.7,1578.02
937.943,-3389.38
-1976.92,-661.375
874.641,632.138
-840.859,1814.44
-1676.07,-1744.22
-1330.74,-4384.74
-3089.59,-613.847
-650.811,-107.774
636.54,-419.353
1361.66,1013.17
4117.93,2612.28
3690.75,5185.45
5151.76,3318.23
1048.69,2503.67
196.478,-1456.13
-956.44,-2309.34
-1322.72,-84.4077
-411.872,375.131
1400.14,-471.798
-2818.89,1437.45
1036.98,-3321.4
-1522.98,-360.72
1761.31,1266.52
2886.87,2987.15
1750.92,3149.37
2265.73,-97.0265
322.252,138.424
201.049,667.67
-3429.71,52.9657
1439.47,-5441.81
-4431.34,1309.27
2788.42,-561.072
-1113.91,2359.07
4248.6,-563.577
-1080.98,3519.38
4438.27,-370.962
391.99,2704.75
3115.08,1419.51
-1321.17,1748.01
2347.04,-2942.96
-3526.22,1180.09
1841.97,-1788.86
-1600.31,1091.76
-963.125,-368.664
136.43,-2539.69
-1230.05,310.307
3104.4,959.818
-237.921,4074.59
894.333,-872.545
447.862,-2853.59
-1349.21,1311.04
-394.506,1028.35
-1038.01,-1909.13
-203.398,-2638.69
-1913.38,1331.62
2928.95,132.379
24.9331,2736.78
4765.72,403.906
-164.422,4021.64
5330.14,47.0901
999.112,3555.59
5250.04,2039.97
-1198.35,3985.92
3593.07,-3108.16
-3552.72,699.903
57.2272,-1714.44
-740.528,-910.409
205.023,622.837
124.2,1211.87
997.365,-320.576
682.766,214.171
-596.545,1316.76
-110.56,-952.061
-348.835,-1571.93
997.756,400.905
-2123.65,2900.19
1772.16,-3105.13
-3184.75,-814.307
-457.112,-1391.48
-884.897,-93.9651
-869.048,76.927
149.266,-1162
551.327,49.3157
-566.356,1926.54
1419.78,-646.512
1347.11,75.7973
-1388.69,2557.49
-675.731,-1853.65
-3666.17,-3843.67
-3137.68,-3729.11
-1632.35,-1048.74
-46.962,1220.36
-526.554,963.798
-1356.73,-1966.54
2252.21,-2928.02
-3519.73,4759.25
3048.1,-1528.21
-1635.55,-767.22
1568.8,-631.019
-3279.59,2733.24
3150.72,-3631.76
-6491.62,1071.42
1156.57,-5293.33
-3563.42,-203.305
2915.92,420
1901.19,4279.74
5288.96,2886.76
-583.59,3435.02
308.748,-3260.41
596.004,-3196.58
-1770.42,3842.94
1512.77,1019.06
-586.359,-1743.35
-864.339,-1926.55
-654.297,349.386
-953.342,944.082
-495.488,-1689.34
-748.544,-1821.45
-978.711,455.465
2503.81,541.079
-157.809,3069.18
1549.9,-400.739
229.834,-898.358
-1045.67,692.785
923.241,-487.973
-1768.23,461.371
-685.585,-1973.8
-2941.23,-1754.89
1835.24,-2243.74
459.394,4105.31
3530.83,3374.06
1577.33,1182.51
-650.861,-947.235
-1394.33,-2152.24
142.81,-1177.63
-1481.81,2158.25
-3274.51,-921.689
1762,-6829.59
-5266.29,2622.15
2601.74,-266.49
-4154.21,630.421
1963.48,-5369.31
-3421.38,1484.38
5082.83,930.697
-1120.09,5562.56
6827.69,-1650.16
-5331.77,3708.67
2807.63,-5235.34
-5433.17,-537.615
2738.21,-2237.43
-2182.52,3935.82
3204.01,-343.29
-372.838,461.539
3871.23,154.747
2240.1,5103.54
2115.98,3587.62
2674.83,-1676.88
-2140.65,91.786
-714.869,-1259.49
-2913.48,-1398.6
-4158.52,-3156.25
-3528.37,-4950.18
-3981.04,-2482.45
-1590.12,-1048.44
-1494.16,-63.5121
899.733,-1097.9
-1402.47,1145.1
3215.64,-638.742
-1650.06,3231.89
2426.86,-1253.53
-3007.4,-77.5814
80.5418,-2895.39
-4218.5,-298.097
1291.85,-3029.21
-1639.28,1685.81
256.628,881.408
1263.57,-1284.82
-1769.84,761.376
1450.31,-1053.52
-1433.65,1086.18
2255.13,-746.346
-50.4329,1992.92
3963.57,1066.85
-3106.07,3541.7
2264.28,-4969.1
-6754.37,-1072.74
-4.82025,-4550.5
-3264.68,351.017
2435.22,61.099
-1049.44,2909.37
4553.34,-1062.52
-2201.62,3323.34
3591.29,-1491.13
-1476.86,1503.34
-1104.26,-395.949
-1905.87,-3235.99
-1373.96,-2605.36
-814.732,1014.99
2496.22,1563.65
1964.84,2660.37
44.2429,1487.96
2099.9,-2330.58
3066.93,1474.75
513.389,6867.22
4761.44,10.151
-2856.24,-234.855
1236.01,-3804.33
-4554.55,1429.07
2124.01,-2403.23
-4862.61,1017.96
2243.46,-4220.21
-5346.43,1449.04
3063.43,-3018.99
-3431.29,2311.97
1205.07,-1503.14
-1913.97,-934.853
161.294,-1201.52
1540.25,1072.52
855.894,3489.49
1276.97,475.391
-1462.52,-1680.32
720.55,-2559.77
-2161.63,2384.53
2320.61,-218.969
-1522.78,724.038
1124.91,-1740.12
87.2366,697.819
3562.3,2109.43
469.05,4492.61
830.181,-980.509
-927.627,-3397.32
-3694.65,-662.477
-540.248,-1931.39
-3027.58,-509.5
-2703.62,-2521.06
-3891.13,-3764.16
-1178.5,-3377.33
-1536.35,1659.72
3648.3,1411.06
2072.31,3608.07
2171.38,1988.27
3516.12,-176.931
-976.05,3024.96
1899.13,-786.253
-2114.29,-519.984
2764.26,-2034.35
-194.243,4204.81
5049.63,2352.56
-521.976,3050.06
2335.86,-2585.59
-2919.19,-52.765
3121.38,-1309.83
-689.417,4230.08
5106.34,950.037
-2059.76,2931.14
1238.87,-3407.75
-3449.04,-1626.12
921.005,-1476.13
-1894.54,2606.4
1302.69,-946.772
-1945.22,-988.605
3219.35,-1668.91
2624.83,5468.54
1881.71,5932.63
5860.98,-2075.61
-3794.51,2146.74
3212.79,-2765.03
-3862.55,1893.67
183.588,-2432.74
-3031.99,-2083.75
930.632,-1935.16
-1631.42,3078.07
1985.95,-56.2876
-1218.61,-396.71
-1090.58,-1652.14
-145.805,-1306.03
1156.77,1368.73
-439.726,3000.13
2424.43,-1650.69
-2760.57,188.963
-1488.9,-2200.86
-1513.28,-2614.07
-668.946,-192.727
-2695.6,1474.29
2930.3,-3430.08
-2888.49,2216.52
4719.92,-185.401
-1358.71,4261.85
3812.12,-1101.25
-1657.78,930.029
5227.39,-791.741
-3651.84,6179.94
5675.13,-3508.87
-3437.7,1315.1
3278.26,-875.007
-894.747,3075.78
5329.56,179.111
-671.529,4403.76
2671.02,-505.26
-487.272,-708.371
-69.5029,-113.656
1640.29,653.376
-551.907,2446.56
-964.848,-1253.69
-3028.08,-4041.79
-1072.44,-3364.24
-4647.29,1986.79
3525.73,-2979.71
-3972.1,2441.2
2766.62,-2212.53
2118.42,1254.3
1609.41,5474.72
770.759,1484.96
1642.99,-4151.54
-3640.14,459.716
990.151,-853.244
-115.852,725.02
-105.216,772.584
-559.054,-855.435
261.483,-1608.59
-116.916,1097.29
1470.38,1585.38
731.019,1106.05
1150.24,-370.052
-1098.89,482.342
-278.173,-1116.44
-3225.33,-1130.77
-2955.69,-3652.81
-4907.25,-3620.15
618.55,-3608.55
-4200.33,3882.94
4558.56,-1871.27
-2600.45,2154.25
3100.52,-1340.8
562.298,2059.75
4984.24,2613.11
-124.489,5168.03
4235.54,-2072.43
285.026,702.411
910.033,2742.08
1476.98,829.134
-1161.98,-613.226
-1447.34,-2508.06
-645.653,-1664.98
-198.782,1422.01
982.267,1485.13
2002.34,136.048
-1356.12,1339.06
2608.79,-1772.04
-2208.13,2087.36
744.923,-1077.09
-2836.94,-1318.43
-2119.25,-3074.52
-1906.32,-2071.51
-2034.31,72.74
35.7795,-881.68
-2416.06,-267.967
-121.2,-2554.82
-1732.08,-238.58
689.148,115.291
384.856,1162.03
-1031.35,485.474
-1883.21,-2655.12
-2626.38,-3467.19
-2255.44,-1448.77
-1791.26,-0.586475
-563.947,-1205.73
-68.7819,-950.361
2493.19,1133.8
2841.84,4663.22
3088,3407.43
694.881,62.6187
3765.91,-2127.09
-4378.49,4972.64
6109.32,-3329.75
-4945.39,3053.72
-461.552,-3227.72
-2456.21,-4229.88
-2764.1,-648.226
-261.34,163.252
804.13,203.526
-1881.29,893.695
1599.34,-2704.25
116.255,1125.58
1531.11,3073.29
2817.16,1355.4
-551.174,1036.65
2483.78,-1841.5
-2474.91,2231.84
890.258,-1375.02
-1853.37,-1244.86
-1997.38,-1370.08
-660.758,-1772.59
-160.142,233.665
2670.66,1647.22
-745.435,3604.66
2530.53,-2254.64
-4391.74,-385.944
2596.2,-3757.42
-5303.22,3403.33
2108.67,-3327.22
-4296.15,-1046.74
-481.516,-2741.74
-2801.96,-112.465
1685.86,-1175.28
75.9692,2305.74
3572.11,1652.54
2519.46,2959.66
4814.92,2453.44
2608.54,4219.54
2618.5,1811.33
2551.16,-185.256
-1608.94,1828.89
1698.52,-1795.7
-2548.76,284.772
-1339.84,-1775.74
-815.095,-2432.71
-1127.01,368.068
1627.12,896.337
2173.39,2032.73
-132.271,2366.03
586.498,-1955.81
-144.504,-1667.34
-3021.64,1544.1
607.907,-2491.25
-4472.23,-1160.6
-53.09,-3880.04
-1033.39,610.255
2095.3,2543.94
2553.35,2573.42
1990.36,1400.3
2097.34,527.146
2112.48,1774.75
153.733,2665.47
-986.167,-1346.19
-1312.34,-4190.29
-3727.64,-967.56
1483.31,-1132.88
-1212.92,2783.37
2313.35,-248.802
-1951.04,336.576
4310.25,-2203.26
-2339.43,5435.99
5484,-344.969
-2419.05,2090.9
2409.23,-2602.51
-2650.94,934.603
2096.03,-891.903
-2085.09,1768.05
1080.02,-1808.97
-1279.14,-498.61
370.01,32.5728
657.169,996.825
692.168,1004.34
-430.821,53.8878
1512.96,-1514.22
1252.93,2028.68
1407.84,3536.22
-1098.73,186.482
-2244.23,-5112.86
-5756.74,-3963.2
-2189.31,-3458.97
-3861.91,247.477
2577.05,-1970.83
-4510.64,2917.33
3918.04,-3948.34
-931.27,2146.24
4525.6,3129.73
-597.502,4380.47
1410.97,-3448.8
-4002.54,-2793.34
-971.103,-2363.54
-2971.38,974.937
258.502,-1809.8
-1409.48,-909.174
-254.489,-238.754
932.357,514.12
2299.11,1677.04
1862.93,2960.06
2762.86,1356.48
3771.18,1272.58
667.527,4201.56
2473.24,196.217
-2092.41,-753.079
-382.766,-3110.52
-80.9436,-71.3226
92.1832,2978.83
3883.29,547.22
-1596.62,2481.83
1577.73,-2417.21
-821.187,-502.567
3738.02,1455.29
-435.765,5821.72
2480.08,-1445.53
-3930.19,-2591.2
-480.472,-4184.02
-2620.09,1373.35
156.604,548.786
-813.114,-1266.64
-236.002,-1779.25
1581.26,857.45
-145.7,4050.55
4328.14,-559.73
331.813,2044.48
3935.95,1511.49
1678.24,3700.68
3317.99,1400.33
-1244.37,1096.1
-355.924,-2965.3
-1703.43,-1906.55
-1797.76,347.244
855.218,-651.186
-3756.19,583.012
-1694.63,-4660.8
-3924.29,-3592.55
-879.148,-1218.66
-1199.64,2055.5
320.997,-376.883
-813.91,-1710.92
-1309.29,-920.693
-2258.43,-329.02
-1752.2,-2424.91
-950.297,-2434.57
-2185.77,762.83
3425.89,-503.318
-1195.31,3904.96
5631.6,-556.153
87.4262,3977.55
5987.57,1425.88
-178.148,4573.68
4622.07,-939.252
-3698.49,1737.79
345.905,-3968.98
-4804.86,-1859.55
-470.811,-2945.38
-1434.29,744.023
688.121,972.004
-1483.02,162.66
719.142,-2997.87
-2622.23,493.322
120.387,-643.817
-2496.57,-583.943
-1766.95,-2993.26
-2893.86,-2330
-1564.55,-1385.07
-1834.89,-170.701
-769.132,-1320.7
-329.502,-1090.7
-1201.01,703.207
1476.4,-515.225
513.164,1323.67
1334.42,1443.23
1150.34,723.731
1093.68,332.94
152.715,899.802
294.931,-1.75041
-1837.63,-555.277
-2268.28,-2715.55
315.34,-2883.96
-2553.26,2776.16
3437.85,-395.001
-736.532,1919.13
2830.39,-257.156
-69.8376,2033.09
3993.88,578.681
-3432.45,3499.33
2124.71,-4950.24
-4884.54,-1159.69
-3141.81,-2072.44
-642.381,-3650.44
-4215.86,621.368
2660.26,-2186.05
-1614.45,2753.58
4386.66,378.104
1206.15,3455.57
6417.38,2006.62
-1060.63,5749.3
4506.37,-2680.95
-629.301,386.462
680.554,2040.63
2139.19,766.741
-104.023,1056.87
132.061,-750.387
2120.41,-828.624
-1468.18,3639.73
2663.62,-816.518
1287.88,69.3444
444.866,2777.02
2130.76,878.485
-82.8466,306.181
-3775.67,-1047.7
-1041.2,-5756.05
-5783.82,-1188.34
791.618,-2506.7
-2181.68,1811.64
3989.15,-261.447
-2203.56,3624.13
6184.48,-2190.01
-1095.15,4843.99
4996.43,1426.58
-1408.88,2201.42
444.229,-3046.94
-3562.66,-1975.35
866.306,-2056.1
-3276.58,2777.36
1610.05,-2299.44
-3192.08,-922.827
1970.5,-2116.04
-3307.4,3295.98
687.53,-2242.82
-1018.49,-2650.07
-1893.28,586.642
900.557,3.58524
-590.096,579.349
-1102.42,-810.994
-3972.82,-2385.4
-2016.56,-5086.33
-2549.09,-1058.39
-2839.23,1208.23
2230.54,-2896.45
-2405.89,1542.47
2218.68,-218.623
1891.5,1559.62
3947.71,3255.22
290.929,4316.34
1709.13,-2335.81
-3330.37,-2171.58
330.076,-2418.71
-3920.2,2177.73
564.905,-2953.62
-3092.89,-1862.58
-925.358,-1549.8
-1906.55,243.321
2419.81,-1066.94
453.441,3050.67
-277.862,1987.71
3356.97,-3155.41
-2884.27,2428.91
2766.33,-507.606
-3487.65,1174.87
2571.21,-4118.73
-2419.37,1949.57
410.639,948.207
-1765.68,-1492.79
-574.947,-3543.45
-2429.07,279.2
2961.1,229.045
2667.72,3932.33
1650.06,3983.24
-47.6792,-1241.71
-532.675,-4076.83
-3348.08,93.0554
-2543.32,-784.745
-1549.22,-3948.37
-5797.1,-2004.57
-1625.04,-4507.65
-1923.49,-898.088
730.349,1695.09
1749.27,2026.11
-224.747,923.865
1932.99,-2129.06
-3050.23,1539.02
3596.71,-1851.45
-6010.88,3040.83
2213.12,-6207.04
-4764.87,-764.017
292.635,-468.165
-2151.74,847.502
5266.55,-2280.08
-2390.84,6258.75
6268.82,-208.042
805.193,2523.88
2634.2,1892.69
-394.599,1336.58
137.135,-2247.47
-1977.5,-1383.46
-169.978,-635.481
-874.944,980.334
-1008.66,-592.691
-867.724,-2518.13
-2112.9,-923.685
1319.95,-507.003
-303.294,2654.49
2396.29,401.478
-1943.44,662.084
-1612.29,-3074.94
-780.252,-3247.27
-4021.56,1528.64
-1592.07,-2449.76
1720.87,-4029.85
-2768.1,4444.74
5508.42,701.191
2696.41,3385.11
3758.81,3720
2873.36,2397.8
2973.26,778.739
3525.93,2129.4
-663.553,4436.35
947.42,-2605.27
-2001.67,-3368.3
-3347.18,-533.892
168.151,-1476.52
-4554.49,341.721
-25.8402,-4936.63
-4080.75,-1051.21
3489.05,-749.227
-729.847,5730.55
5163.38,440.938
-2552.39,1456.58
3766.97,-3573.92
-5309.08,3307.89
3856.65,-3395.99
-2415.75,1596.96
3284.79,392.523
427.795,2985.62
6941.35,843.12
255.016,6911.19
6047.49,507.021
-576.599,1657.88
1416.63,-896.824
1949.54,350.154
-1221.13,3683.68
722.381,-1734.87
-3596.96,-2976.38
-680.311,-3532.19
-3307.69,1499.51
2221.54,-987.159
-2604.01,1325.77
1087.84,-2470.34
1787.59,25.8346
797.017,5080.17
3014.76,1620.21
1579.07,-614.772
-509.56,683.98
1475.24,68.2688
1921.7,1467.66
-267.611,2791.41
431.306,-1573.22
-839.393,-2324.73
929.251,302.737
1723.15,3694.82
2090.54,2489.66
3560.74,-358.411
-416.531,2596.58
4818.12,289.438
950.131,4257.86
1131.42,1571.02
-3319.33,-2664.27
-331.169,-6389.56
-6217.46,1393.98
2264.19,-2234.38
-3619.51,1245.66
1614.03,-2639.62
-2129.9,625.517
2780.33,-143.102
-3074.99,3071.69
3737.53,-3731.14
-2944.55,1721.17
2283.46,-62.8974
-736.797,1343.45
280.197,-783.989
-1579.49,-1096.11
-314.831,-1518.48
2237.94,586.085
2731.33,4822.66
5327.88,3895.44
3254.68,3206
1331.23,1186.66
1070.97,-1066.44
-439.135,301.782
398.936,527.032
-3011.47,146.347
1177,-4707.61
-5467.57,864.61
903.801,-2881.72
-5929.8,-256.205
741.446,-5447.88
-3056.79,581.407
1566.46,1261.32
-969.96,1536.94
1464.41,-2406.96
-4490.7,149.928
-362.588,-3886.44
-2362.24,-1197.82
-1977.25,371.239
1124.18,-1629.2
-3949.91,862.086
2870.85,-3729.88
-552.663,2773.41
4261.94,3427.45
1497.29,3505.17
5485.25,-674.129
-1253.14,4221.62
3231.48,-461.825
-2961.61,137.38
-2596.6,-3690.12
-4671.41,-4361.92
-2587.62,-3404.13
-2644.21,183.22
1635.36,-364.778
88.0751,1997.81
2615.23,793.465
2472.73,1859.12
1934.11,3011.8
2319.71,1265.08
-208.682,419.99
-1032.92,-1479.06
-482.966,-2000.01
-560.422,605.733
2003.59,1309.72
-81.6362,2279.95
3050.72,-1067.72
583.57,1991.31
5489.82,2382.48
-640.341,5914.71
3450.99,-2540.48
-2794.39,-1337.27
-650.728,-1371.78
-2898.42,87.4195
128.368,-2744.19
-4927.11,-411.559
-464.349,-4263
-4070.4,-893.765
-1755.16,-1643.45
-1604.66,-1933.18
-844.286,-855.692
-1633.08,547.532
2814.27,-1335.25
568.71,3304.93
-1276.43,2408.56
665.537,-4907.05
-5086.68,-2040.43
528.618,-2360.04
-14.0978,2424
-301.659,2498.01
1719.13,-2623.21
-1629.99,-310.387
1750.46,449.504
1344.48,2800.82
3244.44,1838.76
801.947,1992.74
2777.25,-323.001
-1586.13,1881.55
1805.98,-1606.66
-3699.53,345.716
-202.552,-3534.18
-1649.67,-1079.9
2643.45,1240.79
706.021,4851.86
1731.62,243.657
238.517,-2347.12
-1774.94,-51.2793
1282.3,-100.283
-3091.85,1648.38
580.209,-4089.83
-5823.44,-1463.08
2338.28,-4109.72
-1219.38,4212.83
4056.8,2918.98
250.011,1661.99
6104.59,-2024.13
3000.36,6989.75
6006.58,7204.9
4286.45,2253.46
1678.75,-684.598
-1032.73,217.65
470.087,-670.986
-1649.52,292.169
-2643.82,-1737.11
-2071.93,-4294.4
-3042.16,-1696.04
1164.94,-149.109
1176.17,3254.43
1148.44,2108.76
2239.82,-1355.34
-1056.46,980.752
314.067,31.0825
-1465.79,-643.121
1920.89,-2046.66
-3309.05,3027.51
5316.36,-2132.97
-1337.63,4157.73
4656.22,931.543
-353.437,2411.16
5490.39,-841.652
-109.945,5281.18
6339.02,1523.88
-462.24,3752.78
2899.94,-1546.98
-4957.45,18.7288
-149.447,-5342.37
-4285.78,-957.681
2541.7,-673.426
-2980.56,4195.71
1483.87,-3109.07
-424.16,-2436.39
-3169.73,2285.28
3362.5,-1777.36
-2228.76,2124.97
3505.2,-943.396
-1793.75,2598.34
3734.27,-1116.42
-2976.67,2405.45
9.0127,-2780.9
-660.445,-2722.78
53.6398,1681.44
3633.01,3030.3
3027.23,3774.85
3199.92,1776.57
2363.22,1090.94
1459.47,1832.67
2524.31,1294.98
1995.26,1964.73
-344.997,1740.4
-534.912,-2283.48
-452.503,-2669.46
-2302.08,1358.19
2558.24,-412.464
-2305.66,2035.56
2522.33,-2503.14
-1810.81,1199.86
3534.2,278.87
-2056.55,3647.45
4580.62,-2608.73
-4188.54,2397.24
5323.31,-2732.31
-3009.43,4644.8
2320.58,-898.589
-3902.42,-1722.96
2230.74,-4527.8
-1985.07,4337.85
5303.4,2317.37
2242.82,3316.48
1943.14,1373.88
2833.55,-264.034
224.188,2711.38
-508.7,848.489
-2046.1,-3457.21
-2966.41,-4101.29
-4356.8,-1263.58
530.879,-2241.75
-524.859,1668.16
-1207.09,1572.18
1088.68,-3254.09
-1303.17,-339.264
-827.252,1401.87
1821.51,-722.318
-1166.35,1043.85
1690.86,-710.915
2600.43,1366.17
714.201,4575.03
2228.25,132.982
-1089.78,-1431.71
-2609.92,-1777.44
1271.46,-2360.15
1706.44,3392.84
4187.05,5211.47
3204.77,3056
4187.27,-136.628
-1460.79,2932.26
2134.22,-1479.78
-6468.3,-344.835
-226.376,-7603.37
-6045.16,-976.23
1411.48,-952.804
-2806.69,2533.51
4016.74,-2626.46
-4717.62,2659.2
5932.86,-3446.57
-917.286,5271.9
3754.72,2899.43
1523,243.966
-1670.83,-639.675
-788.978,-2613.9
146.629,-702.966
178.516,2751.47
1752.82,1206.41
1377.68,-130.996
625.308,837.183
2973.33,1254.97
-637.165,3444
4147.73,-1635.92
-2239.93,2196.96
1949.13,-1131.76
-1651.71,321.012
-586.923,-1124.91
-2984.71,-1420.93
-4116.71,-3385.87
-3412.12,-4881.33
-3195.47,-2050.08
-1133.66,43.8166
-373.832,296.707
2635.32,-489.886
562.497,3408.41
5001.41,1820.33
-1948.94,3716.77
-656.983,-4163.85
-4363.6,-5165.73
-3467.67,-2497.66
-432.288,-93.357
-80.6386,1729.38
-726.494,34.5966
2745.19,-2639.98
-1298.34,3599.39
933.75,1182.08
2343.16,-2160.97
-3930.54,1869.52
3491.32,-3029.04
-4451.9,2516
1768.37,-2881.71
-6307.14,-662.959
-936.634,-6041.21
-5065.82,-1526.94
1172.36,-1206.04
-1822.81,2812.71
1556.28,-1080.89
-1870.33,-838.249
383.334,-1531.25
891.738,1244.16
2287.03,2983.64
683.346,2241.14
1581.9,-1712.49
-871.206,-116.35
898.999,580.758
650.614,1413.72
-2601.14,352.655
1404.91,-4979.75
231.315,1227.08
3193.8,5578.73
4270.56,3822.28
776.137,863.92
2697.11,-2373.69
-3766.19,2676.88
2281.17,-2573.73
-4537.88,31.9551
-1379.43,-3802.42
-3498.14,-2562.25
-1623.52,-1430.68
13.4774,28.9653
718.798,1412.56
924.06,1114.25
2480.24,100.449
4398.85,2629.27
786.449,6418.72
5186.37,-712.691
-2030.4,818.695
2083.68,-1795.09
-3371.12,1785.04
2901.7,-2646.71
-5061.92,1789.64
4746.24,-4067.34
-3949.87,4275.13
6667.64,-750.832
-1631.86,4861.75
3211.01,-819.329
-3350.14,-590.842
-2975.39,-3943.8
-4813.11,-4213.37
-2944.01,-3376.86
-4325.93,-548.855
-1545.69,-2967.27
-3240.68,-2142.16
137.016,-1806.48
-1432.65,2025.36
469.844,-70.2142
145.315,-1420.42
1037.27,254.273
364.765,2924.55
2058.41,573.794
-1617.5,-32.2205
1596.81,-2704.87
-3583.47,1899.63
2495.13,-2068.84
-1411.19,1285.22
3398.31,408.199
-1286.69,3428.57
4303.59,-1681.53
-613.673,2471.89
1361.02,1212.64
-556.48,-523.102
-1353.72,-2030.86
261.018,-1528.72
-723.181,2215.92
713.116,684.023
-1476.61,-1260.5
-721.779,-2849.08
-1554.14,-65.8774
3435.29,764.483
-466.464,4882.38
6228.26,-706.246
-313.467,3849.05
3549.99,922.823
855.037,1251.46
584.239,542.214
-3114.99,-489.483
435.672,-4931.75
-1604.17,599.515
1550.28,2785.7
3670.64,1852.1
1117.63,2633.77
3552.19,200.653
2034.4,2538.12
649.058,3012.15
2843.77,-1225.8
-4025.28,789.469
1197,-4243.14
-3285.36,327.391
-68.5188,-333.748
-3766.68,-750.037
627.061,-5013.61
-3576.27,1011.19
3434.45,194.37
-1405.45,3641.62
4765.03,-1601.49
-3961.83,2765.01
5513.77,-3380.51
-3255.27,4505.87
4058.33,-521.628
-4222.35,871.915
311.36,-5202.38
-3604.29,-1096.83
1321.33,109.18
1442.97,2877.69
624.786,2193.67
1061.63,-1749.86
-2446.03,-878.3
-742.411,-1749.12
-3460.36,-534.691
-2133.11,-3301.39
-2427.51,-2937.46
-545.671,-426.629
-4705.7,1832.39
1943.51,-6052.99
-6840.51,44.404
1336.44,-3475.33
-1201.11,1282.43
1235.63,1967.7
1652.89,605.642
1129.13,509.796
-588.676,1068.9
3809.89,-1062.35
-17.6878,4227.29
-72.1599,1459.28
930.059,-4198.61
-3710.92,-564.862
1170.99,-992.688
519.536,2021.68
1942.77,1986.08
2867.56,994.111
1093.17,2261.47
3091.82,947.547
-257.576,2205.25
1261.81,-988.766
-3486.41,-642.484
1703.56,-3852.36
-4352.46,2475.19
3604.26,-1920.12
-3499.33,2161.61
4575.36,-2537.54
-1792.5,3920.35
6327.01,722.23
-164.739,4986.42
4860.22,-158.958
411.609,1887.94
1411.35,1130.7
1933.13,279.562
-1143.32,1632.28
-1621.44,-1782.56
-2239.94,-4179.55
-2479.32,-1818.05
-2671.93,350.528
2404.54,-1942.38
-2850.78,2692.02
1345.8,-1761.6
588.899,-995.001
-2442.34,2485.46
1904.95,-2197.46
-2113.55,-124.493
2650.5,-601.012
-1187.03,3691.87
3765.49,-571.191
-3363.66,1400.41
3547.54,-3779.79
-3458.73,3084.43
3813.61,-598.081
1658.06,2192.95
2584.86,3357.43
1249.44,1796.32
1896.3,-1285.29
1620.88,931.536
1036.52,3761.35
3426.35,983.313
965.67,1231.17
1853.33,686.024
701.264,1503.96
2226.17,573.998
6.56332,1710.17
2333.78,-262.935
-736.396,1542.9
4448.78,-390.578
-3924.44,4522.24
-275.746,-4701.22
-6255.6,-5635.96
-4085.94,-4676.38
-3229.75,-830.225
66.079,-111.899
-1919.57,696.985
577.804,-2532.7
-1346.48,-173.691
744.998,675.006
-91.8438,1206.55
1950.54,-614.965
-1919.62,1427.82
1667.42,-1855.91
-307.188,720.727
-1247.96,1483.86
-217.831,-2417.03
-657.664,-2021.82
-2636.9,1239.29
2134.97,-1567.27
-3544.39,1415.84
2038.23,-3176.45
-3895.49,947.659
3124.72,-2049.16
-3881.92,3005.26
2521.43,-3007.66
-8164.66,-152.315
11.7453,-8434.06
-4886.78,-920.953
-251.276,1458.74
753.496,475.601
1868.84,-293.718
382.133,2198.84
4470.43,1243.84
3887.01,4383.54
712.947,4744.36
5354.28,-2685.97
-3215.78,2555.96
1119.75,-1424.13
-1300.93,-1255.95
-560.876,-468.247
-3368.7,231.868
3959.71,-4133.42
-2910.22,4838.32
5229.58,717.186
-1336.42,2416.32
1542.16,-2162.08
-1246.7,-481.242
